0,1,2,3,4,5,6,7,8,9,10,11,12,13,14,15,16,17,18,19,20,21,22,23,24,25,26,27,28,29,30,31,32,33,34,35,36,37,38,39,40,41,42,43,44,45,46,47,48,49,50,51,52,53,54,55,56,57,58,59,60,61,62,63,64,65,66,67,68,69,70,71,72,73,74,75,76,77,78,79,80,81,82,83,84,85,86,87,88,89,90,91,92,93,94,95,96,97,98,99,100,101,102,103,104,105,106,107,108,109,110,111,112,113,114,115,116,117,118,119,120,121,122,123,124,125,126,127,Class
0.0268626,0.61981875,0.09562719,0.0,0.0,0.30795863,0.0,0.0,0.58456767,0.15713896,0.0,0.0,0.0,0.0,0.0,0.9049887,0.0,0.722906,0.11066127,0.49602115,0.016434606,0.0,0.0,0.0,0.3763221,0.3748547,0.0,0.2517644,0.4240697,0.16125225,0.0,0.0,0.0,0.0,0.0,0.14214176,0.34739825,0.0,0.18462043,0.0,0.052415222,0.7887766,0.0,0.0,0.0,0.0,0.0,0.41037035,0.3900197,0.32423827,0.0,0.0,0.28958452,0.0,0.0,0.0,0.9155037,0.0,0.30072936,0.48739988,0.0,0.12810397,0.0,0.0,0.0,0.0,0.0,0.0,0.0,0.0,0.7300481,0.0,0.75548095,0.0,0.0,0.0,0.6212428,0.0,0.6219907,0.15660135,0.6379037,0.5439429,0.0,0.74465936,0.5549214,0.0,0.13735363,0.6046202,0.0,0.48375615,0.0,0.67209864,0.0,0.7528659,0.0,0.26823783,0.0,0.5139328,0.0,0.5532104,0.0,0.10399891,0.5570916,0.0,0.0,0.0,0.39063796,0.0,0.0,0.32285258,0.0,0.0,0.0,0.0,0.3293413,0.0,0.0,0.34819677,0.0,0.0,0.3139332,0.057971578,0.6585446,0.0,0.27344698,0.25124884,0.7369226,0.0,0.0
0.0,0.0,0.0,1.4780402,0.0,0.0,0.0,0.0,0.0,0.0,0.0,0.0,1.1109817,0.0,0.0,0.0,0.3830381,0.0,0.4180431,0.0,0.0,0.0,0.0,0.2585081,0.0,0.0,3.8402488,0.0,0.0,0.0,2.7998598,2.4612148,0.0,0.07689558,0.0,0.1544177,0.0,0.0,1.0850719,0.0,0.0,0.0,0.6685016,0.0,0.30390403,0.875243,0.37425172,0.0,0.0,0.0,0.37000397,1.2308756,2.6734257,0.0,3.8899672,0.0,0.0,1.0185405,0.0,0.0,1.5800261,0.0,0.9090269,0.0,2.2442389,0.0,0.0,0.97893345,0.19664304,0.0,0.0,1.1732306,0.0,0.045314994,0.47749317,0.41222206,0.0,0.0,0.0,0.515546,0.0,0.0,0.5844316,0.0,0.59311545,1.3224747,1.9831742,1.535069,0.0,1.2403902,0.0,0.0,0.0,0.0,0.0,1.8609134,0.90908545,0.0,0.0,0.0,1.8765079,0.0,0.0,2.5729744,3.6271043,3.9187462,0.0,1.3879302,2.0873106,0.0,0.86520237,0.0,0.0,1.21922,0.0,3.6567304,0.0,0.0,0.0,1.4671359,0.0,0.1924326,0.0,0.0,0.0,1.718392,0.0,0.31814325,1.0
0.0,0.14281338,0.0,0.0,0.0,1.2577257,1.0580857,0.0,0.6481828,0.25584543,0.0,0.0,0.0,0.0,0.45203108,1.1164916,0.0,0.4957236,0.07332997,0.0,1.2493639,0.0,0.0,0.0,0.58526516,0.83114034,0.0,0.47410592,0.7017893,0.9991155,0.0,0.0,0.0,0.0,0.0,0.2630641,0.9170227,0.45180103,0.2118924,0.0,0.0,0.95946497,0.0,0.0,0.0,0.0,0.5750184,0.048153628,0.8518808,0.11116945,0.4248969,0.0,0.0,0.0,0.0,0.0,1.0825747,0.0,1.284006,0.9602287,0.0,0.56785125,0.0,0.0,0.0,0.0,0.0,0.0,0.0,0.0,0.18260042,0.0,0.08781539,0.0,0.85139894,0.0,0.31532237,1.2968509,0.46207464,0.27910653,0.9000948,1.5372702,0.0,1.056434,0.29283628,0.0,0.17112075,0.42805088,0.24680033,0.0,0.0,0.5498466,0.0,0.02402909,0.0,0.0,0.0,1.1563162,0.0,0.5633955,0.0,1.4288191,0.59650743,0.0,0.0,0.0,0.983693,0.0,0.0,1.5563142,0.0,0.0,0.0,0.0,0.79523164,0.0,0.5507323,1.0808024,0.4894048,0.0,1.3848556,0.18590201,0.4791488,0.0,1.4883935,0.20480013,0.75980854,0.0,0.0
0.0,0.0,0.0,1.9679182,0.0,0.0,0.0,0.12135227,0.0,0.0,0.0,0.0,1.4065385,0.0,0.0,0.0,0.40189242,0.0,0.0,0.0,0.0,0.0,0.36663982,0.22692995,0.0,0.0,1.3009087,0.0,0.0,0.0,1.7957532,1.9414059,0.075545356,1.6420205,0.28476653,0.05241216,0.0,0.0,0.31381953,0.0,0.0,0.0,0.4059734,0.0,0.33765116,1.0292988,0.34258518,0.0,0.0,0.0,0.0,1.2699738,1.0821625,0.3020379,1.4152706,0.5539662,0.0,1.3998863,0.0,0.0,2.0625322,0.0,1.230014,1.1981083,2.003991,0.0,0.0,1.1422751,1.4271487,0.0,0.0,1.5592493,0.0,1.152405,0.0,1.2257197,0.0,0.0,0.28523198,0.23294027,0.0,0.0,1.1887901,0.0,0.0,1.6343673,0.6998018,0.0,1.0093538,1.8777447,0.0,0.0,0.0,0.0,0.0,1.9990678,1.1660923,0.0,1.6670047,0.0,2.4340029,0.0,0.0,1.9330465,1.5483289,1.4536965,0.0,2.0844872,1.4431639,0.0,1.7089305,0.0,0.26506388,1.1901915,0.0,1.3805265,0.0,0.0,0.0,1.0623827,0.0,0.0,0.0,0.06612827,0.0,0.5221306,0.0,0.45932642,0.0
0.0,0.0,0.14348568,0.0,0.6626823,0.0,0.0,0.40622398,0.0,0.0,0.0,0.7363168,0.0,0.5965571,0.59498894,0.17741455,0.0,0.0,0.0,0.0,0.0,0.6618386,0.0,0.0,0.16055925,0.0,0.0,0.48040083,0.0,0.0,0.0,0.0,0.0,0.5498085,0.0,0.0,0.013535014,0.95711166,0.1175632,0.0,0.116214395,0.0,0.45599127,0.57510316,0.3725472,0.0,1.2871373,0.0,0.0,0.3383349,0.0,0.24722314,0.0,0.0,0.0,0.0,0.0,0.0,0.32345626,0.0,0.0,0.4562439,0.0,0.0,0.0,0.7584382,0.6070715,0.02475172,0.0,0.0,0.0,0.0,0.0,0.0,0.0,0.27033582,0.0,0.3248492,0.0,0.0,0.033761416,0.274558,0.0,0.12735069,0.0,0.0,0.0,0.0,0.0,0.0,0.44551837,0.0,0.0,0.0,0.0,0.0,0.0,0.0,0.3331879,0.3330335,0.0,0.13840753,0.0,0.0,0.0,0.0,0.0,0.0,0.0,0.39883986,0.0,0.0,0.42206588,0.0,0.0,0.0,1.4024347,0.6392297,0.9274476,0.0,0.0,0.0,0.0,0.636226,0.4272519,0.0,0.0,0.0,0.0
0.0,0.0,0.0,0.0,0.0,1.1814778,1.1219159,0.0,0.04932981,0.23170899,0.0,0.0,0.0,0.0,0.73360175,0.78906506,0.0,0.18036467,0.0076243593,0.0,1.1972115,0.082729064,0.0,0.0,0.29348916,0.56452966,0.0,0.51012087,0.46078536,0.97117794,0.0,0.0,0.0,0.0,0.0,0.15051962,0.7266623,0.8756254,0.30606398,0.0,0.0,0.41450974,0.0,0.0,0.0,0.0,1.1697251,0.0,0.5395565,0.0,0.5194614,0.0,0.0,0.0,0.0,0.0,0.7865399,0.0,1.2818187,0.718852,0.0,0.7542837,0.0,0.0,0.0,0.27612042,0.0,0.0,0.0,0.0,0.0,0.0,0.0,0.0,1.051044,0.0,0.1533164,1.1977242,0.0,0.15687393,0.5790353,1.214874,0.0,0.66570204,0.26782283,0.0,0.0,0.11149037,0.043778755,0.0,0.0,0.0,0.0,0.0,0.0,0.0,0.0,0.93333465,0.0,0.6463129,0.0,1.4112312,0.40088356,0.0,0.0,0.0,0.9666372,0.0,0.0,1.4532505,0.0,0.0,0.0,0.0,0.6413852,0.0,0.96728206,1.3488542,0.8820699,0.0,1.2276925,0.050710984,0.0,0.0,1.2793311,0.09120919,0.3540086,0.0,0.0
0.0,0.0,0.0,0.0,0.0,1.2517937,1.1775372,0.0,0.4501617,0.0,0.0,0.0,0.0,0.0,0.8086562,0.61502934,0.0,1.0039891,0.04630473,0.0,1.2486176,0.0,0.0,0.0,0.6268918,0.19595262,0.0,0.94226074,0.09529411,1.1354337,0.0,0.0,0.0,0.0,0.0,0.0,0.29623345,0.7676176,0.0,0.0,0.0,0.5728107,0.0,0.04088854,0.0,0.0,0.4363119,0.39285806,0.024502931,0.0,0.6773833,0.0,0.0,0.0,0.0,0.0,0.7449748,0.0,1.2705941,0.3595419,0.0,0.99111223,0.0,0.0,0.0,0.39583984,0.0,0.0,0.0,0.0,0.0,0.0,0.0,0.0,0.7539615,0.0,0.0,1.212113,0.0,0.0,0.0,1.1002483,0.0,0.42841086,0.82475024,0.0,0.0,0.8391704,0.0,0.0,0.0,0.10532173,0.0,0.0,0.0,0.0,0.0,0.59169865,0.0,0.9492628,0.0,1.3556556,1.0254987,0.0,0.0,0.0,1.2377664,0.0,0.0,1.1463343,0.0,0.0,0.037855264,0.0,0.092533946,0.0,0.27122945,1.2981321,0.90887177,0.0,1.3037212,0.0,0.658791,0.23739813,1.2079339,0.0,0.0,0.0,0.0
0.0,0.0,0.0,0.0,0.0,0.0,0.0,0.0,0.124586485,0.0,0.0,0.0,0.0,0.0,0.0,0.7945116,0.0,0.7551488,0.0,0.8805183,0.0,0.0,0.23437135,0.0,0.35261172,0.0,0.0,0.0,0.0,0.0,0.0,0.0,0.0,0.9807395,0.0,0.0,0.0,0.0,0.03216589,0.0,0.0,0.26430956,0.95649064,0.0,0.555141,0.0,0.0,0.29079023,0.0,0.0,0.0,0.0,0.51781464,0.0,0.14912628,0.0,0.34413603,0.17884259,0.0,0.03715802,0.0,0.0,0.1528169,0.0,0.0,0.0,0.0,0.0,0.29369274,0.0,0.0,0.0,0.0,0.51925385,0.0,0.46767995,0.0,0.3099338,1.1586727,0.0,0.0,0.72090816,0.32248858,0.8957073,0.0,0.0,0.0,0.83703077,0.0,0.8189755,0.0,0.085689485,0.08205854,0.0,0.0,0.21517903,0.7234552,0.04393232,0.0,0.20358251,0.0,0.0,0.17615305,0.0,0.6406035,0.32683006,0.0,0.0,0.0,0.0,0.0,0.0,0.57378083,0.0,0.0,0.007854479,0.0,0.0,0.0,0.0,0.0,0.0,0.3211209,0.6933103,0.25839782,0.0,0.0,0.0,0.0
0.0,0.0,0.0,0.0,0.0,1.3093766,1.0606217,0.0,0.36282155,0.0109112635,0.0,0.0,0.0,0.0,0.50137883,0.3414308,0.0,0.3113959,0.32247356,0.0,1.2264879,0.0,0.0,0.0,0.10076911,0.5246393,0.0,0.1580171,0.5965653,1.1203451,0.0,0.0,0.0,0.0,0.0,0.0,0.41525853,0.36885232,0.062929355,0.0,0.0,0.5589062,0.0,0.0,0.0,0.0,0.64066905,0.0,0.24681692,0.0,0.6398364,0.0,0.0,0.0,0.0,0.0,0.4988195,0.0,1.1403966,0.41957387,0.0,0.6407384,0.0,0.0,0.0,0.0,0.0,0.0,0.0,0.0,0.039515235,0.0,0.0,0.0,1.0704325,0.0,0.22036582,0.9295209,0.0,0.0,0.3946552,0.8647182,0.0,0.24255411,0.487178,0.0,0.16566133,0.24031404,0.0,0.008874697,0.0,0.17539468,0.0,0.0,0.0,0.0,0.0,0.5753353,0.0,0.45369065,0.0,1.2831419,0.3732606,0.0,0.0,0.0,1.1694939,0.0,0.0,1.1977956,0.0,0.0,0.0,0.0,0.39943197,0.030570794,0.27600348,1.2650483,0.36354715,0.0,1.2865331,0.0630831,0.1740452,0.0,1.0057724,0.048375804,0.4566205,0.0,0.0
0.0,0.0,0.0,0.0,0.0,0.86809397,0.68201125,0.0,0.75087214,0.0,0.0,0.0,0.0,0.0,0.0,0.7418625,0.0,0.7273043,0.0,0.12665425,0.87191975,0.0,0.0,0.0,0.11946839,0.28085205,0.0,0.0,0.22105521,0.6980767,0.0,0.0,0.0,0.0,0.0,0.0,0.44982004,0.0,0.19655412,0.0,0.0,0.93598485,0.0,0.0,0.0,0.0,0.08609014,0.24043201,0.33685434,0.0,0.0,0.0,0.21686947,0.0,0.08258687,0.0,0.70732945,0.0,0.91445965,0.5781605,0.0,0.25984895,0.0,0.0,0.0,0.0,0.0,0.0,0.0,0.0,0.0,0.0,0.0,0.0,0.38455272,0.0,0.034950648,0.9680818,0.5689564,0.05466914,0.039262455,1.1348088,0.0,0.72337,0.3956108,0.0,0.52158964,0.77644044,0.0,0.4116056,0.0,0.672706,0.0,0.0,0.0,0.0,0.0,0.7001494,0.0,0.3533814,0.0,1.0015593,0.39017114,0.0,0.19222306,0.3542382,0.7020209,0.0,0.0,1.0531908,0.0,0.0,0.0,0.0,0.20572917,0.16761465,0.0,0.60260606,0.0,0.0,0.9281501,0.0,0.49475852,0.0,0.972552,0.1389644,0.31463897,0.21497521,0.0
0.0,0.0,0.0,1.0474297,0.0,0.0,0.0,0.0,0.0,0.0,0.53659296,0.0,1.3762872,0.0,0.0,0.0,0.8117653,0.0,1.6298158,1.4288957,0.0,0.0,1.4567045,0.28700298,0.0,0.0,0.78277266,0.0,0.0,0.0,1.0316268,1.4887091,0.05219727,0.64297146,0.48823452,0.0,0.0,0.0,0.0,0.0,0.0,0.0,1.333796,0.0,1.9073751,0.38068542,0.65555745,0.0,0.0,0.0,0.7763169,0.11390576,1.6947315,1.1756885,0.8019607,0.363719,0.0,1.5232399,0.0,0.0,1.0690174,0.0,1.5435886,0.8390294,0.37739277,0.0,0.0,0.38105705,0.9038238,1.600073,0.0,0.104117684,0.0,0.7959143,0.23594917,0.8126194,0.0,0.0,0.0,0.0,0.0,0.0,0.9887801,0.0,0.0,1.5247998,0.0,0.0,0.0,1.8369145,0.0,0.0,0.65184045,0.0,0.0,0.92115194,1.2968535,0.0,1.8530594,0.0,1.3469683,0.0,0.0,1.4773403,1.1377376,0.87713736,0.14834629,0.17692877,1.3057107,0.0,0.080731876,0.0,1.327507,1.8182799,0.0,0.29267547,0.0,0.0,0.0,0.7237723,0.0,0.0,0.0,0.9607896,0.0,0.0,0.0,1.1324685,1.0
0.0,0.14112249,0.0,0.0,0.0,1.3670539,1.1786643,0.6398352,0.6499306,0.11699057,0.0,0.0,0.0,0.0,0.70323044,0.4456126,0.0,0.0,0.24611367,0.0,1.5028602,0.19511005,0.0,0.0,0.47278956,0.86004376,0.0,0.45346466,0.7692673,1.1901796,0.0,0.0,0.33566985,0.0,0.0,0.23076274,0.8074976,0.72422296,0.0,0.0,0.0,0.8353586,0.0,0.05401631,0.0,0.0,1.0582709,0.0,0.7070585,0.40989092,1.0489458,0.11960856,0.0,0.067940794,0.0,0.0,0.53609174,0.0,1.2665136,0.716493,0.0,0.54603225,0.0,0.32754767,0.0,0.66872305,0.11474771,0.16703342,0.0,0.0,0.0803646,0.0,0.0051383046,0.0,1.3689436,0.0,0.25208053,1.3997645,0.002517279,0.3303651,1.0556062,1.1881204,0.0,0.4173298,0.0036824013,0.0,0.072563335,0.0,0.65990114,0.0,0.0,0.5908187,0.0,0.0,0.09224009,0.0,0.0,0.7680369,0.04534606,0.17197879,0.0,1.5701433,0.26559678,0.0,0.0,0.0,1.1309688,0.0,0.0,1.6451275,0.0,0.006402082,0.0,0.0,0.79246974,0.0,0.9079759,1.208493,0.8886369,0.06792666,1.4993497,0.23510422,0.31265387,0.046473276,1.5332867,0.093490064,0.6850828,0.3554503,0.0
0.0,0.46053022,0.0,0.0265869,0.0,0.62323356,0.4096031,0.0,1.137867,0.34760457,0.0,0.0,0.0,0.0,0.0,0.8254872,0.020660207,0.76778036,0.12316287,0.18441504,0.661472,0.0,0.0,0.0,0.0,0.6600903,0.012162513,0.0,0.65920734,0.49196443,0.0,0.0,0.0,0.0,0.0,0.37102392,0.7158817,0.0,0.3975547,0.0,0.0,1.2183876,0.0,0.0,0.0,0.0,0.0,0.5301934,0.6662164,0.0,0.015111482,0.0,0.39542332,0.0,0.08133522,0.19856262,0.9371724,0.0,0.715333,0.8515882,0.0,0.0,0.0,0.0,0.0,0.0,0.0,0.0,0.0,0.0,0.40159366,0.0,0.44461825,0.0,0.12916504,0.0,0.5145719,0.5384391,0.73662084,0.4866065,0.38444027,0.92698866,0.0,0.7886696,0.40371248,0.008877254,0.7916567,0.6447625,0.10351141,0.5146924,0.0,1.2350067,0.0,0.5030928,0.0,0.2537493,0.0,0.92503715,0.0,0.24002686,0.0,0.7236827,0.33177885,0.0,0.025151605,0.33941525,0.50911325,0.0,0.0,0.84657025,0.0,0.0,0.0,0.04098319,0.5621051,0.13691084,0.0,0.263856,0.0,0.0,0.7584288,0.40355593,0.83326155,0.0,0.5742474,0.42606914,0.6898699,0.52409184,0.0
0.0,0.0,0.0,0.0,0.0,0.61231947,0.3175675,0.0,0.9177965,0.0,0.04239927,0.0,0.0,0.0,0.0,0.0,0.81118107,1.2562325,0.5696181,1.0583729,0.4695192,0.0,0.41102195,0.0,0.047307033,0.0,0.20214267,0.0,0.0,0.4403212,0.0,0.0,0.0,0.0,0.0,0.0,0.0,0.0,0.0,0.0,0.0,0.38095975,0.7375388,0.0,0.7543236,0.0,0.0,0.94062227,0.0,0.0,0.2257959,0.0,1.0545596,0.14479591,0.36866775,0.19412072,0.0,0.0,0.5206243,0.0,0.0,0.28546506,0.06719515,0.0,0.0,0.0,0.0,0.0,0.0,0.60459954,0.0,0.0,0.0,0.0,0.16417435,0.0,0.0,0.74996144,0.0,0.0,0.0,0.4298094,0.0,0.0,0.7441214,0.24593955,0.0,1.1674674,0.0,1.1694332,0.0,0.43074718,0.19280146,0.0,0.0,0.0,0.27125767,0.0,0.0,0.33694655,0.0,0.4980325,0.5312983,0.0,0.68413275,0.7398705,0.6722472,0.0,0.0,0.17231476,0.0,0.0,0.65704936,0.58956105,0.0,0.22691931,0.0,0.37332782,0.0,0.0,0.55617756,0.0,0.83977824,0.70941806,0.48831156,0.0,0.0,1.0523759,0.0
0.0,0.0,0.0,0.0,0.0,1.4237585,1.3071966,0.0,0.22664386,0.013294193,0.0,0.0,0.0,0.0,0.56503534,0.6483002,0.0,0.18642522,0.0,0.0,1.4710507,0.0,0.0,0.0,0.13885373,0.51860744,0.0,0.118596256,0.43309426,1.2011728,0.0,0.0,0.0,0.0,0.0,0.04886886,0.67992526,0.6476152,0.25559327,0.0,0.0,0.6100497,0.0,0.0,0.0,0.0,1.169892,0.0,0.5247464,0.0,0.42979708,0.0,0.0,0.0,0.0,0.0,0.64382964,0.0,1.4232382,0.68256,0.0,0.72261363,0.0,0.0,0.0,0.0,0.0,0.0,0.0,0.0,0.0,0.0,0.0,0.0,1.2366618,0.0,0.02999548,1.4048176,0.0,0.11335849,0.40076768,1.2874848,0.0,0.57350343,0.25979504,0.0,0.2580435,0.2137719,0.0,0.0,0.0,0.01572704,0.0,0.0,0.0,0.0,0.0,0.8779011,0.0,0.4591921,0.0,1.6320081,0.2797357,0.0,0.0,0.0,1.1518519,0.0,0.0,1.6068487,0.0,0.0,0.0,0.0,0.5333744,0.06291649,0.6910755,1.3962302,0.5779096,0.0,1.447847,0.0,0.0,0.021266622,1.4525895,0.12764372,0.3282354,0.0,0.0
0.49701908,0.0,0.9030369,0.88382465,0.062956445,0.0,0.0,0.20136155,0.0,0.06232924,0.0,0.849201,1.2724938,0.0,0.0,0.0,0.047757167,0.0,0.0,0.46445635,0.0,0.053090837,0.0,0.61592805,0.19088212,0.0,0.0,0.0,0.0,0.0,0.4161224,0.0,0.6044723,1.783408,1.28808,0.27072608,0.0,0.0,0.32343206,0.45810363,0.0,0.0,0.017710619,0.5082148,0.0,0.73415864,0.0,0.0,0.07455611,0.0,0.0,0.6066524,0.0,0.0,0.0,0.1601982,0.007267673,1.3040445,0.0,0.029876476,1.3387133,0.0,1.1195135,0.07689178,1.4334198,0.0,0.116957255,0.13852942,1.518871,0.0,0.0,0.9468514,0.0,1.3048466,0.0,1.4782395,0.06572506,0.0,0.0,0.003921601,0.0,0.0,1.2272291,0.100618295,0.0,0.85057163,0.0,0.0,0.96026814,0.3815958,1.0309,0.0,0.0,0.0,0.40542004,0.7504413,1.1676091,0.0,1.0524263,0.11319868,1.2132729,0.0,0.0,0.0,0.0,0.0,0.0,1.2720034,0.35180748,0.0,1.2036767,0.8990675,0.0,0.64201695,0.0,0.286675,0.0,0.0,0.0,0.0,0.0,0.0,0.0,0.0,0.0,0.12011815,0.0,0.4001027,1.0
0.45179376,0.032299403,0.9254371,0.86766577,0.0,0.0,0.0,0.0,0.0,0.28309968,0.0,0.7005495,1.1801547,0.0,0.0,0.0,0.0,0.0,0.0,0.38320515,0.0,0.0,0.0,0.51425266,0.0,0.043318845,0.0,0.0,0.06824743,0.0,0.6142407,0.0,0.3648314,1.3366704,1.1991488,0.40668082,0.13878599,0.0,0.4106753,0.12806353,0.0,0.0,0.0,0.3656857,0.0,0.7133105,0.0,0.0,0.21645321,0.0,0.0,0.7182934,0.0,0.0,0.0,0.0,0.0,1.0708538,0.0,0.21713708,1.3029474,0.0,0.9317385,0.0,1.4591209,0.0,0.0,0.24392658,1.1836355,0.0,0.0,0.9103204,0.0,0.9658251,0.0,1.1148068,0.30125913,0.0,0.0,0.16501899,0.0,0.0,0.93465525,0.036642972,0.0,0.85013574,0.0,0.0,0.82373303,0.40480202,0.8503736,0.0,0.0,0.0,0.041012052,0.763085,0.96903574,0.029477386,1.0151267,0.039036926,1.3042147,0.0,0.0,0.060020026,0.0,0.0,0.0,1.2064676,0.6422743,0.0,1.1245134,0.6058866,0.0,0.65678,0.01525927,0.4876892,0.0,0.0,0.0,0.0,0.0,0.068117045,0.0,0.0,0.0,0.24609502,0.0038277016,0.4882777,0.0
0.0,0.0,0.0,0.0,0.0,0.9175569,0.71444297,0.0,1.2075167,0.0,0.0,0.0,0.0,0.0,0.0,0.08676048,0.48199868,0.94201434,0.2757747,0.6710212,0.963227,0.0,0.4341986,0.0,0.13788256,0.0,0.0,0.0,0.0,0.7257622,0.0,0.0,0.0,0.0,0.0,0.0,0.0,0.0,0.0,0.0,0.0,0.96174,0.09431696,0.0,0.46290585,0.0,0.19099583,0.6704336,0.0,0.0,0.24342585,0.0,0.555502,0.24170412,0.011697024,0.42578673,0.020382015,0.0,0.88821703,0.0,0.0,0.1885055,0.0,0.0,0.0,0.0,0.0,0.0,0.0,0.34600395,0.0,0.0,0.0,0.0,0.5349571,0.0,0.0,1.2678179,0.24175964,0.0,0.0,1.0186095,0.0,0.1838439,0.4378387,0.024586473,0.29949126,0.8192488,0.0,0.7513701,0.0,0.9496669,0.16679181,0.0,0.0,0.0,0.0,0.0,0.0,0.1599252,0.0,1.0367548,0.42609766,0.0,0.25465953,0.40985218,0.764809,0.0,0.0,0.92829204,0.0,0.0,0.4392094,0.31808338,0.0,0.0,0.0,0.45429024,0.0,0.0,0.97493136,0.0,0.8592387,0.563256,1.095978,0.0,0.0,1.2343853,0.0
0.0,1.1813895,0.6770908,1.4997839,1.0283519,0.0,0.0,0.0,0.21257871,2.0525122,0.0,1.0950618,1.7987064,0.92637795,0.0,0.0,0.41699108,0.0,2.1061623,1.0539739,0.0,0.022324236,0.0,0.38888624,0.0,1.5362282,0.7629903,0.0,1.6418995,0.0,0.8404722,0.0,0.089725934,0.0,1.3012104,1.039955,0.77092785,0.0,0.7535094,0.0,0.70221865,0.0,0.0,0.09422154,0.0,0.5269882,0.0,1.0606761,0.48203185,0.450557,1.1930181,0.0,0.8326277,0.0,0.7412929,0.0,0.13453948,1.3668404,0.0,0.45389932,1.2899371,0.0,1.221644,0.0,0.12245872,1.095324,0.26718727,0.28065526,1.2405082,0.0,1.7830374,0.0,2.2176042,1.2425535,0.0,0.8412311,1.4192262,0.0,0.0,0.9106691,0.88016665,0.0,1.4215144,0.0,0.8408608,1.6787359,0.49169266,0.37663808,0.35782793,1.1399716,0.7489848,0.28801364,0.0,1.9912035,0.0,1.2854633,1.3575382,0.735062,0.23148014,0.0,0.8207907,0.0,0.0,0.24576677,0.05725028,0.42991766,0.0,0.169562,0.88502544,0.0,0.01076542,0.40999553,0.0,1.7280105,1.409688,0.53330857,0.0,0.0,0.0,0.0,0.0,2.2740805,0.8910747,0.0,0.0,0.7960423,1.0953764,0.103171535,0.0
0.0,0.0,0.0,0.0,0.0,0.6717595,0.52236503,0.0,0.0,0.0,0.0,0.0,0.0,0.0,0.81964624,0.7964562,0.0,0.6534309,0.10139396,0.3449492,0.4923531,0.0,0.0,0.0,0.6136808,0.0,0.0,0.9144492,0.0,0.4416225,0.0,0.0,0.0,0.0,0.0,0.0,0.16601613,0.97576624,0.0,0.0,0.0,0.0,0.024342924,0.21254557,0.0,0.0,0.8524458,0.04765412,0.0,0.0,0.12521467,0.0,0.0,0.0,0.0,0.0,0.49838033,0.0,0.9084385,0.20517524,0.0,0.8907316,0.0,0.0,0.0,0.37578598,0.0,0.0,0.0,0.0,0.0,0.0,0.0,0.0,0.20228009,0.0,0.0,0.95026416,0.0,0.0,0.013931794,1.1490275,0.0,0.7626125,0.33260077,0.0,0.0,0.8126662,0.0,0.0,0.0,0.0,0.0,0.0,0.0,0.0,0.0,0.5481236,0.31320587,0.7160546,0.0,0.78682256,0.6430877,0.0,0.0,0.0,0.5334236,0.0,0.0,0.7529293,0.0,0.0,0.0,0.0,0.07035253,0.0,0.89329505,1.0376885,0.8435058,0.0,0.671797,0.0,0.029288623,0.20087098,1.0160043,0.0,0.0,0.0,0.0
0.0,0.0,0.0,0.0,0.0,1.279592,1.1927638,0.0,0.3042607,0.0,0.0,0.0,0.0,0.0,0.83059394,0.5662834,0.0,1.1316304,0.0,0.0,1.2671664,0.0,0.0,0.0,0.6073319,0.0,0.0,0.83090943,0.0,1.1455138,0.0,0.0,0.0,0.0,0.0,0.0,0.13573949,0.7840536,0.0,0.0,0.0,0.4535569,0.1219914,0.0,0.11451006,0.0,0.59360695,0.33512786,0.0,0.0,0.48168743,0.0,0.0,0.0,0.0,0.0,0.57904994,0.0,1.3137393,0.1907214,0.0,1.0793184,0.0,0.0,0.0,0.21328464,0.0,0.0,0.0,0.0,0.0,0.0,0.0,0.0,0.72175646,0.0,0.0,1.3595885,0.00012404184,0.0,0.0,1.1896633,0.0,0.41462433,0.8269328,0.0,0.0,1.1522689,0.0,0.0,0.0,0.0,0.0,0.0,0.0,0.0,0.0,0.48808333,0.0,0.8853463,0.0,1.3783327,1.0247177,0.0,0.0,0.0,1.233225,0.0,0.0,1.114569,0.0,0.0,0.25216234,0.0,0.0,0.0,0.29788542,1.3402326,0.8338264,0.0,1.2900605,0.0,0.5054222,0.48290998,1.3086727,0.0,0.0,0.0,2.0
0.0,1.4034209,0.0,2.0923948,0.0,0.0,0.0,0.0,1.5333353,0.5940159,0.0,0.0,1.2727672,0.0,0.0,0.16123688,1.3441664,0.17378402,0.5378186,1.1156367,0.0,0.0,0.0,0.7039455,0.0,0.39432922,1.0040377,0.0,0.14754373,0.0,1.2232796,0.45210147,0.0,0.2503082,0.18617485,0.45500222,0.31861573,0.0,0.56253153,0.0,0.0,1.0971893,0.0,0.0,0.0,0.0,0.015194857,0.09009353,0.16644579,0.4822039,0.0,0.0,1.2926544,0.0,0.9478777,1.4334811,0.06929495,1.7450953,0.0,0.30441025,1.5497026,0.0,1.4907049,0.0,0.94348043,0.0,0.0,0.0,1.1063961,0.0,1.5910869,0.098509185,1.3298321,1.3291384,0.0,1.1951038,0.3212848,0.0,0.07928868,0.517737,0.31134444,0.0,1.4343072,0.21885371,0.0,1.9356632,0.7712184,0.03420133,0.1617279,2.1577466,0.33131823,1.5597984,0.0,1.4745601,0.0,1.959451,1.777816,0.17065156,0.26103368,0.0,1.6088637,0.0,0.0,0.90965325,0.6583507,1.0524315,0.0,0.2775389,0.7106803,0.0,0.0,0.0,0.0,1.8030791,0.31333333,1.1253631,0.0,0.0,0.0,0.0,0.0,1.7479625,0.056556035,0.0,0.0,0.73562706,0.58525836,1.8002349,1.0
0.0,0.20329028,0.14726153,1.0587529,0.8956655,0.0,0.0,0.0,0.0,1.6012301,0.0,0.9224254,1.3692551,0.9015361,0.01657597,0.0,0.16834685,0.0,1.6310724,0.14294308,0.0,0.079493344,0.0,0.0,0.0,1.1105441,1.2572249,0.0,1.1962796,0.0,1.087156,0.64551294,0.014063894,0.0,1.0631461,0.9611073,0.6654001,0.0,0.6671767,0.0,0.26554996,0.0,0.0,0.0046547917,0.0,0.75568604,0.020396434,0.6621054,0.39783058,0.0,1.047546,0.51816046,0.91875356,0.0,1.2547258,0.0,0.0,0.80789834,0.0,0.38284492,1.1229734,0.0,0.73652315,0.15720458,0.34710294,0.87473863,0.14605123,0.84511715,0.86395013,0.0,0.73124474,0.24463592,1.215755,0.6688902,0.0,0.4561238,0.8781977,0.0,0.0,0.9028088,0.08839315,0.0,0.87569064,0.0,0.47112906,1.2035259,0.9088809,0.24107769,0.34750545,0.7564956,0.30767047,0.0,0.0,0.98254246,0.0,0.980113,0.79017556,0.71579325,0.4511122,0.0,0.74571395,0.0,0.0,0.68358296,0.72500104,0.9594936,0.0,0.56169176,1.1139385,0.0,0.50039816,0.19642754,0.0,1.198656,1.0963134,0.8506716,0.043225076,0.0,0.0,0.0,0.0,1.5378371,0.49325216,0.0,0.0,0.80379885,0.24796337,0.0,0.0
0.98649687,0.2658203,0.9339852,0.0,0.0,1.7941374,1.4043612,0.0,0.400788,0.0,0.0,0.0,0.0,0.0,1.7568525,0.0,0.0,0.02839612,0.0,0.0,1.4894137,0.0,0.0,0.43606266,0.25854805,0.4913536,0.06257894,0.7711804,1.4613044,2.075416,0.12982275,0.0,0.0,0.0,0.0,0.0,0.0,1.5569097,0.0,0.0,1.070616,0.6770468,0.0,0.16696627,0.0,0.0,0.0,0.0,0.0,0.0,1.2473483,0.1936463,0.0,0.0,0.0,0.0,0.0,0.0,0.95641166,0.0,0.0,1.9438283,0.0,0.0,0.3781451,0.4371671,0.0,0.0,0.0,0.0,0.0,0.0,0.3281725,0.0,1.1939162,0.0,0.891776,0.39867476,0.0,0.0,0.59888244,0.0,0.0,0.0,1.8091456,0.0,0.0,0.0,0.0,0.0,0.0,0.0,0.0,0.00069333817,0.0,0.0,0.0,0.0,0.0,0.98177934,0.0,1.1919563,0.9359431,0.0,0.0,0.18770932,2.4053283,0.0,0.3727452,0.3993569,0.0,0.0,0.0,0.0,0.0,0.07574784,0.0,1.9785007,1.5578122,0.0,1.767802,0.0,0.09669703,0.0,1.0081837,0.0,0.9450164,0.0,0.0
0.0,0.0,0.0,0.0,0.022714248,0.86751187,0.7954179,0.0,0.0,0.0,0.0,0.0,0.0,0.0,0.87478924,0.5989791,0.0,0.0,0.026693081,0.0,0.8073428,0.11360665,0.0,0.0,0.25238243,0.14757499,0.0,0.52311194,0.0,0.61270654,0.0,0.0,0.0,0.0,0.0,0.0,0.37628642,1.1196045,0.08617455,0.0,0.0,0.0,0.0,0.05943722,0.0,0.0,1.6018659,0.0,0.14905766,0.0,0.2797735,0.0,0.0,0.0,0.0,0.0,0.36844212,0.0,1.1232977,0.35522103,0.0,0.81500167,0.0,0.0,0.0,0.42579982,0.0,0.0,0.0,0.0,0.0,0.0,0.0,0.0,0.8296158,0.0,0.0,1.116581,0.0,0.0,0.31257537,1.104354,0.0,0.5491194,0.015092071,0.0,0.0,0.023065168,0.0,0.0,0.0,0.0,0.0,0.0,0.0,0.0,0.0,0.5978097,0.48854426,0.5235836,0.0,1.119199,0.21554834,0.0,0.0,0.0,0.6242681,0.0,0.0,1.1908935,0.0,0.0,0.0,0.0043815486,0.34010166,0.0,1.3143018,1.321005,0.9799123,0.0,0.84323657,0.0,0.0,0.17912793,1.1680043,0.0,0.0,0.0,2.0
0.24770543,0.0,0.23354451,0.0,0.0,1.249707,1.202284,0.0,0.27650684,0.0,0.0,0.0,0.0,0.0,1.4315983,0.03098628,0.0,0.7497605,0.0,0.0,1.1630106,0.0,0.0,0.0,0.83241904,0.0,0.0,1.307208,0.423378,1.5696961,0.0,0.0,0.0,0.0,0.0,0.0,0.0,1.5288363,0.0,0.36253032,0.46661872,0.43219724,0.0,0.6351858,0.0,0.0,0.0,0.016151972,0.0,0.0,0.7759287,0.0,0.0,0.0,0.0,0.0,0.1640863,0.0,0.79437757,0.0,0.0,1.7835397,0.0,0.0,0.0,0.26957121,0.0,0.0,0.0,0.0,0.0,0.0,0.0,0.0,0.54959774,0.0,0.0,0.6509698,0.0,0.0,0.0,0.0,0.0,0.0,1.6781051,0.0,0.0,0.5277613,0.0,0.0,0.0,0.0,0.0,0.0,0.0,0.0,0.0,0.0,0.0,1.4343427,0.0,0.9339524,1.4047543,0.0,0.0,0.041638978,1.9223605,0.0,0.0,0.18829457,0.0,0.0,0.06388868,0.0,0.0,0.0,0.0,1.4846599,1.5471209,0.0,1.3522513,0.0,0.12813628,0.28385696,1.1075951,0.0,0.015637808,0.0,0.0
1.7494457,1.7988024,1.7575947,0.11668507,0.0,0.6538078,0.008200404,1.3054457,1.4454318,0.38606924,0.0,0.16162172,0.0,0.0,0.14936547,0.0,0.0,0.0,0.0,0.0,0.7954312,0.0155014405,0.22312972,1.1295116,0.0,1.373764,0.0,0.0,1.8755058,0.6360576,0.44700864,0.41402316,0.73386,0.0,0.72384375,0.9033683,0.9437025,0.2672546,0.11610992,0.0,1.3707123,1.7421345,0.0,0.0,0.0,0.604584,0.0,0.0,1.2423377,0.9008397,0.3287268,1.4756093,0.0,0.3491913,0.0,1.3876256,0.0,0.0,0.39210546,0.74347895,0.4935157,0.0,0.0,0.8656735,1.5363055,0.13940442,0.0873417,1.1277366,0.0,0.0,0.5763031,1.5518937,0.9589569,0.0,0.80424905,0.0,1.4989191,0.7830166,0.0,1.0467186,2.0846915,0.0,0.0,0.0,0.0,0.0,0.65147954,0.0,1.4636687,0.0,0.9520441,1.7300664,0.0,0.8304599,0.0,0.4526268,0.0,0.0,0.0,0.0,1.134403,0.70213467,0.0,0.61086714,0.0,0.0,0.5965744,1.2415165,0.91803867,1.1381006,1.2563387,0.0,0.0,0.0,0.99058354,0.0,0.5456184,0.34545365,0.20932221,0.17951559,0.7902728,1.0832883,0.0,0.0,1.2608315,0.6220746,2.0175989,1.7692556,0.0
0.0,0.0,0.0,0.0,0.039938066,0.3125868,0.29968652,0.0,0.0,0.06867389,0.042707566,0.12944229,0.0,0.13314591,1.2240418,0.3238777,0.0,1.4102077,0.49393028,0.34639946,0.16039631,0.14351894,0.0,0.0,0.98922205,0.0,0.0,2.0438533,0.0,0.37090024,0.0,0.0,0.0,0.0,0.0,0.0,0.0,1.2138853,0.0,0.5980487,0.1394323,0.0,0.09016063,1.5243356,0.0,0.0,0.0,0.85553265,0.0,0.0,0.98566204,0.0,0.0,0.0,0.0,0.0,0.7620889,0.0,0.59771967,0.0,0.0,1.1907195,0.0,0.0,0.0,1.4579585,0.027391007,0.0,0.0,0.0,0.30762294,0.0,0.32730544,0.0,0.0,0.0,0.118350156,0.0,0.0,0.0,0.0,0.0,0.0,0.0,1.477625,0.0,0.0,0.9397181,0.0,0.0,0.0,0.0,0.0,0.30937868,0.18131752,0.0,0.0,0.0,0.0,1.8497548,0.0,0.17556173,1.6496422,0.0,0.0,0.0,0.79435503,0.0,0.0,0.0,0.0,0.64655876,0.0,0.0,0.0,0.0,0.2324881,1.0480713,1.5206835,0.0,0.38409492,0.0,0.88566107,0.0,0.0,0.0,0.0,0.0,0.0
0.0,0.0,0.0,0.0,0.5205318,0.32374865,0.2063145,0.0,0.0,0.0,0.0,0.6867376,0.0,0.5305166,1.524669,0.22829874,0.0,0.42951536,0.09578286,0.15013058,0.057123844,0.58835876,0.0,0.0,0.41543546,0.0,0.0,1.1503866,0.0,0.163181,0.0,0.0,0.0,0.098168835,0.0,0.0,0.0,1.5676427,0.0,0.027303498,0.51057076,0.0,0.30292764,0.8864512,0.042543408,0.0,1.1077484,0.0,0.0,0.16316292,0.0,0.0,0.0,0.0,0.0,0.0,0.08788782,0.0,0.7727487,0.0,0.0,1.2146717,0.0,0.0,0.0,1.2265555,0.2741092,0.0,0.0,0.0,0.0,0.0,0.0,0.0,0.03774268,0.0,0.0,0.18599716,0.0,0.0,0.0,0.29326037,0.0,0.0,0.17005727,0.0,0.0,0.6084281,0.0,0.0,0.027183652,0.0,0.0,0.0,0.0,0.0,0.0,0.071975894,0.4811704,0.7035051,0.0,0.28059727,0.5125705,0.0,0.0,0.0,0.27413043,0.0,0.0,0.046778955,0.0,0.01862485,0.088043556,0.0,0.0,0.0,1.744028,1.3057563,1.4086488,0.0,0.19663367,0.0,0.0,0.3227625,0.27659157,0.0,0.0,0.0,0.0
0.0,0.0,0.0,0.96939796,0.48641095,0.0,0.12687778,0.0,0.0,0.0,0.0,0.15287453,0.7471333,0.4280766,0.0,0.0,0.0,0.0,0.0,0.0,0.0,0.53131586,0.0,0.0,0.0,0.0,1.9660864,0.0,0.0,0.0,1.578646,1.9359801,0.0,1.5688614,0.0,0.73986405,0.0,0.0,1.1469568,0.0,0.0,0.0,0.5500327,0.0,0.22670454,0.8887657,0.69284356,0.0,0.072205655,0.0,0.0,1.3777521,0.75703806,0.0,2.2338731,0.04838652,0.0,0.3491353,0.0,0.07203273,1.4401023,0.0,0.24928853,0.6405129,1.8711005,0.0,0.44410312,1.0906756,0.8676277,0.0,0.0,1.7038962,0.0,0.65453887,0.44967023,0.8023934,0.0,0.0,1.5707154,1.1416004,0.0,0.0,0.57544386,0.14050713,0.0,0.4438851,1.556291,0.0,1.0258689,0.8190348,0.0,0.0,0.0,0.0,0.0,1.4005986,0.0,0.0,0.42799014,0.0,1.4514178,0.0,0.0,1.694235,2.266699,2.1393309,0.0,2.1273143,1.007958,0.0,1.8691591,0.0,0.25514758,0.060163755,0.0,2.1120048,0.20869619,0.0,0.0,1.1551535,0.0,0.0,0.0,0.07190424,0.0,1.2227706,0.0,0.0,2.0
0.0,0.0,0.0,0.58713645,0.44460663,0.28811988,0.61792403,0.0,0.0,1.1689558,0.0,0.5517573,0.66633797,0.5751264,0.0,0.0,0.0,0.0,0.7710795,0.0,0.3149835,0.0,0.0,0.0,0.0,0.84997433,1.2746304,0.0,0.7484114,0.20518401,1.1779104,0.94633895,0.07361525,0.065259166,0.6925441,1.031621,0.8960474,0.0,0.66147774,0.0,0.0,0.0,0.0,0.0,0.0,0.91680515,0.30192396,0.0,0.73297787,0.0,0.59399754,1.0276518,0.68197346,0.0,1.3238052,0.0,0.0,0.10436829,0.0,0.729386,0.9055342,0.0,0.090738826,0.6084051,0.5517244,0.3006569,0.0,1.2967428,0.34152097,0.0073195384,0.0,0.737969,0.20054828,0.0,0.31692165,0.0,0.47155344,0.0,0.0,0.98478144,0.0,0.0,0.15787885,0.0,0.0,0.6420498,1.2333385,0.0,0.69495237,0.38735572,0.0,0.0,0.0,0.0,0.0,0.57635784,0.07625301,1.0855107,0.99426913,0.0,0.68055844,0.3979344,0.0,0.97265214,0.93711746,1.0847338,0.018699817,0.90754765,1.2092351,0.0,0.95470345,0.0,0.0,0.49392578,1.0309559,0.89772093,0.1515956,0.0,0.0,0.45947292,0.18285225,0.7665097,0.012123512,0.0,0.0,0.8394729,0.0,0.0,0.0
0.0,0.0,0.0,1.1977046,0.24997643,0.14485794,0.58375484,0.0,0.0,0.077960856,0.0,0.0,1.6249872,0.0,0.0,0.465617,0.25198302,0.0,0.26090986,0.0,0.0,0.23024385,0.0,0.089766964,0.0,0.0,1.3376181,0.0,0.0,0.0,0.93390256,0.7620707,0.0,0.34458965,0.4653757,0.45974866,0.0,0.0,0.8594422,0.0,0.0,0.0,0.0,0.0,0.0,0.720949,1.9785125,0.0,0.0,0.4323612,0.0,0.0,0.303255,0.0,1.6606693,0.0,0.0,0.7603376,0.0,0.0,1.5740005,0.0,0.48266476,0.0,0.66287315,0.0,0.050252307,0.0,1.0477997,0.0,1.075389,0.3991296,0.078222476,0.99822414,1.4391648,0.80202377,0.0,0.0,0.7883115,0.92881817,0.0,0.047989007,0.7541411,0.34935418,0.0,1.3030353,0.7880514,0.23576602,0.7797951,1.0474101,0.0,0.0,0.0,0.0,0.0,0.9873341,0.0,0.0,0.77121264,0.0,1.0553806,0.0,0.0,1.2644732,1.236436,1.454029,0.049538825,0.6704047,0.6426746,0.0,0.34311908,0.0,0.0,1.3614469,0.0,1.608559,0.23251131,0.21381842,0.0,0.0,0.014755593,0.7709901,0.0,0.0,0.0,0.89325994,0.0,0.14929597,0.0
0.0,0.3869185,0.0,0.0,0.0,1.3514625,1.1111304,0.5398648,1.1363832,0.207821,0.0,0.0,0.0,0.0,0.250525,1.0884567,0.0,0.2272915,0.0,0.0,1.4825121,0.0,0.26192245,0.0,0.58377767,1.0246545,0.0,0.217447,0.91722125,1.1094106,0.0,0.0,0.1258706,0.0,0.0,0.54489505,1.2173066,0.1357484,0.17742358,0.0,0.0,1.5055177,0.0,0.0,0.0,0.0,0.38016164,0.04924476,1.257617,0.4790924,0.46137246,0.0,0.0,0.23831888,0.0,0.19637322,1.044091,0.0,1.259062,1.1855822,0.0,0.30000538,0.0,0.47649094,0.0,0.06943276,0.0,0.06503388,0.0,0.0,0.16761668,0.0,0.08621857,0.0,1.0114186,0.0,0.44234043,1.608365,1.0507214,0.6742956,1.1674397,1.7780715,0.0,1.1075892,0.0,0.0,0.67243505,0.0,0.7520353,0.0,0.0,1.3265494,0.012067408,0.106766686,0.0,0.0,0.0,1.2628669,0.0,0.08779814,0.0,1.6162076,0.38662377,0.0,0.0,0.0,0.9840747,0.0,0.0,1.8532989,0.0,0.0,0.0,0.0,0.9864671,0.0,0.54692113,0.8887095,0.27729398,0.19406678,1.5066056,0.21697557,0.68339705,0.0,1.80385,0.4732056,0.95786375,0.5579985,0.0
0.0,0.0,0.0,0.0,0.09059935,1.1307906,0.99621606,0.0,0.0,0.0910973,0.0,0.0,0.0,0.019740377,1.2278317,0.12400957,0.0,0.13106342,0.7299044,0.03911062,1.0584091,0.19170727,0.0,0.0,0.39080858,0.49069223,0.0,0.77628577,0.40362397,0.92679095,0.0,0.0,0.0,0.0,0.0,0.0,0.19025645,1.3122815,0.0,0.0,0.0,0.0,0.0,0.46386552,0.0,0.0,1.5816523,0.0,0.0,0.0,1.0928583,0.0,0.0,0.0,0.0,0.0,0.18944277,0.0,1.2344148,0.07797088,0.0,0.99567854,0.0,0.0,0.0,0.94203806,0.0020962511,0.0,0.0,0.0,0.017678296,0.0,0.0,0.0,1.2361518,0.0,0.0,0.91493326,0.0,0.0,0.6617477,0.68281037,0.0,0.03227952,0.44525295,0.0,0.0,0.06326822,0.0,0.0,0.0,0.0,0.0,0.0,0.0,0.0,0.0,0.331454,0.40353018,0.6567255,0.0,1.1771848,0.46181354,0.0,0.0,0.0,0.98875046,0.0,0.0,1.1025254,0.0,0.0,0.0,0.3860406,0.4190664,0.0,1.2528303,1.5033531,1.2943274,0.0,1.1787213,0.12590744,0.0,0.0,0.98742956,0.0,0.3307449,0.0,0.0
0.26833665,0.0,0.6231828,0.0,0.2769749,0.0,0.0,1.4482691,0.0,0.0,0.0,0.7012902,0.0,0.34371164,0.0,0.9479615,0.086880855,0.0,0.0,0.0,0.0,0.0,0.0,0.0,0.0,0.0,0.0,0.0,0.0,0.0,0.0,0.32616258,0.06278057,1.9059967,0.882755,1.5915945,0.28662676,1.1547017,0.9490539,0.0,0.01822914,0.0,0.2647363,0.17484884,0.21731159,0.7993895,1.8580271,0.0,0.94253236,0.0,0.0,1.5308663,0.0,0.0,0.0,0.8547587,0.0,0.0,0.0,0.9749979,0.0,0.0,0.0,1.9969914,0.0,0.0,0.081190474,1.5262448,0.24323814,0.0,0.0,1.2146996,0.0,0.0,0.0,1.1450955,0.0,0.19685513,1.6201811,2.0560207,0.0,0.7377178,0.0,1.4416617,0.0,0.0,1.30567,0.0,1.842694,0.0,0.33099696,0.0,0.0,0.0,0.0,0.0,0.0,0.3349776,1.4941871,0.0,0.0,0.0,0.0,0.0,0.0,0.0,0.0,1.2189677,0.0,0.4036555,1.0269958,0.0,0.049989283,0.0,0.0,0.55702716,0.9323403,0.0,1.3052912,0.0,0.0,0.0,0.0,0.643955,0.43447554,0.770903,0.0,0.13352422,0.0
0.0,0.41937992,0.0,2.361037,0.0,0.0,0.0,0.0,1.2477039,0.0,0.0021946165,0.0,1.4085604,0.0,0.0,0.0,1.7984793,0.0,0.14983517,0.9099132,0.0,0.0,0.082982026,0.8027806,0.0,0.0,1.2425413,0.0,0.0,0.0,1.5736501,1.1539936,0.0,1.138893,0.06733872,0.0,0.0,0.0,0.15530273,0.0,0.0,0.50707096,0.26962742,0.0,0.0,0.0041224835,0.24748847,0.0,0.0,0.0,0.0,0.0,1.5267267,0.17516147,1.2362704,1.6077752,0.0,1.9359322,0.0,0.0,1.8644029,0.0,1.7461352,0.0,1.3563652,0.0,0.0,0.0,1.582073,0.29109386,0.9524608,0.23554102,0.58591664,1.6175603,0.0,1.5547363,0.0,0.0,0.0,0.1342118,0.0,0.0,1.6305162,0.0,0.0,2.1273615,0.6403418,0.0,0.27937505,2.5865068,0.0,1.2209831,0.01564121,0.8593646,0.0,2.1914403,2.0160131,0.0,1.4046695,0.0,2.2119849,0.0,0.0,1.4863431,1.1438415,1.3753759,0.0,0.68309987,0.98437583,0.0,0.14710605,0.0,0.10501803,1.908441,0.0,1.4064656,0.0,0.0,0.0,0.0,0.0,0.9530332,0.0,0.0,0.0,0.24699245,0.0,2.039914,0.0
0.19234483,0.0,0.19473836,1.320886,0.0,0.0,0.0,0.2993595,0.36244306,0.0,0.0,0.0,0.89299744,0.0,0.0,0.0,0.6394343,0.0,0.0,0.0,0.0,0.0,0.0,1.0314566,0.0,0.0,0.7747392,0.0,0.0,0.0,1.3337901,0.72549045,0.0,1.4912719,0.4711899,0.09776275,0.0,0.0,0.46640447,0.063256666,0.0,0.29282928,0.0,0.0,0.0,0.5814797,0.17586078,0.0,0.0,0.0,0.0,1.0113485,0.0,0.0,0.8997628,0.8448893,0.0,1.0796723,0.0,0.0,1.6579149,0.0,0.9307981,0.0,2.4460266,0.0,0.0,0.28259572,0.9593842,0.0,0.0,1.4843675,0.0,0.9163825,0.0,1.1095172,0.0,0.0,0.0,0.20070499,0.0,0.0,0.7921919,0.0,0.0,0.9875964,0.42194012,0.0,0.759848,0.8915975,0.32856014,0.38002333,0.0,0.0,0.0,1.3874061,0.8774734,0.0,1.0351379,0.0,2.1983168,0.0,0.0,1.1552193,0.6840354,0.64961404,0.0,1.7138895,1.0890566,0.0,1.4585695,0.0,0.23877347,0.61906546,0.0,1.46488,0.0,0.0,0.0,0.0,0.0,0.0,0.0,0.077074416,0.0,0.42599148,0.0,1.3081944,0.0
1.1950604,0.0,1.0507321,1.066309,0.28389812,0.0,0.0,2.4958797,0.0,0.0,2.5959632,0.58952826,1.7145516,0.16894624,0.0,0.0,2.1190305,0.0,0.0,0.6584825,0.0,0.5794574,2.6361558,1.91063,1.6839687,0.0,0.0,0.0,0.0,0.0,0.0,0.0,2.5986009,2.6564214,1.7449118,0.0,0.0,0.0,0.0,2.7171743,0.0,0.0,1.5639936,1.3685776,1.9727292,0.89381355,0.0,0.0,0.0,0.16432282,0.0,0.17388335,0.0,2.325914,0.0,2.2685847,0.0,2.1153328,0.0,0.0,1.3891239,0.0,1.8324769,1.1483254,1.1165614,0.0,0.66893244,0.0,2.240533,1.7288126,0.0,0.94132644,0.0,2.220588,0.0,2.5027137,0.0,0.0,0.0,0.0,0.0,0.0,2.0779157,0.0,0.0,1.1224681,0.0,0.0,0.94922096,0.19718093,1.341637,0.0,2.255308,0.0,3.040219,0.6845839,1.8287128,0.0,1.1873603,0.0,1.079297,0.0,0.0,0.0,0.0,0.0,0.0,1.4295197,0.0,0.0,1.3225176,2.5188763,1.9659982,0.582705,0.0,0.0,0.0,0.0,0.0,1.1740187,0.0,0.0,0.0,1.8293446,0.0,0.0,0.0,1.732643,0.0
0.0,0.0,0.0,0.08876259,1.2631049,0.5296558,0.87947774,0.0,0.0,1.0186617,0.0,0.9752681,0.81519103,1.2346605,0.68348175,0.0,0.06507549,0.0,0.72325855,0.0,0.056093276,1.1450891,0.0,0.0,0.0,0.32810757,1.7786465,0.0,0.5507435,0.15133165,0.7372036,0.74460775,0.0,0.0,0.4645741,1.0648307,0.28583226,0.090134345,1.1053042,0.0,0.0,0.0,0.03404746,0.0,0.0,0.6817477,1.1414881,0.0,0.1329149,0.35901806,0.6793849,0.52853686,0.32530463,0.0,1.9683571,0.0,0.0,0.0,0.0,0.2323916,0.6592022,0.0,0.0,0.0,0.1906006,0.38821796,0.79092014,0.713606,0.3798827,0.0,0.15224993,0.38410035,0.0,0.13832623,1.2361205,0.0910267,0.0,0.0,0.63663614,1.301633,0.0,0.0,0.11644287,0.0,0.5289592,0.20573993,1.4477273,0.7097844,0.29856274,0.0,0.0,0.0,0.0,0.0,0.0,0.19615716,0.0,0.51225585,0.0,0.0,0.0,0.26987755,0.0,0.68259776,1.369183,1.4661918,0.24314378,0.5464472,0.5464326,0.0,0.6103688,0.0,0.0,0.3209145,0.23836547,1.501512,1.1762011,0.56473327,0.50387317,0.093866654,0.023676787,0.7547771,0.0,0.0,0.0,1.1005687,0.0,0.0,0.0
0.8960205,0.0,1.1749128,0.0,1.9705079,0.0,1.3687459,0.29197297,0.0,0.6333685,0.9600534,1.7847633,0.0,1.9708761,0.0,0.0,0.0,0.0,0.0,0.0,0.0,1.482241,0.16699459,0.0,0.60873586,0.0,0.0,0.90335673,0.0,0.0,0.0,0.0,1.8960537,0.7873425,0.118359074,0.17575766,0.0,0.8076173,0.016582642,0.60706496,0.0,0.0,0.54083544,1.7779372,0.0,0.38073018,0.0,0.29725376,0.0,0.0,0.0,0.0,0.0,0.0,0.0,0.0,0.049265686,0.0,0.0,0.0,0.0,0.0,0.0,0.8278038,0.0,0.23090936,1.3464727,0.4335664,0.58128834,0.094314225,0.0,0.0,0.0,0.22087713,0.0,0.27822554,0.93180263,0.0,0.0,0.0,0.0,0.0,0.3946455,0.0,0.0,0.0,0.0,0.18177721,0.88619876,0.0,1.3385491,0.0,0.47021797,0.0,1.8500524,0.0,0.0,0.019632358,0.0,0.5246604,0.0,0.0,0.11536148,0.0,0.0,0.0,0.0,0.5240356,0.0,0.0,0.55460757,2.2307348,0.0,0.0,0.0,0.0,0.72435826,0.0,0.49124908,0.59840256,0.0,0.0,0.92874086,0.1569704,0.0,0.0,0.0,0.0,0.0
0.7229709,0.0,0.99714,0.0,1.9061267,0.0,1.4285269,0.2090393,0.0,0.64930665,0.4390317,1.7403886,0.0,1.9021343,0.0,0.0,0.0,0.0,0.0,0.0,0.0,1.5186199,0.0,0.0,0.5496467,0.0,0.0,0.84233934,0.0,0.0,0.0,0.0,1.4051027,0.84540844,0.0,0.36558023,0.0,0.84720266,0.27485633,0.47372264,0.0,0.0,0.37564108,1.4791721,0.0,0.260398,0.0,0.0,0.0,0.0,0.0,0.0,0.0,0.0,0.0,0.0,0.28340983,0.0,0.0,0.0,0.0,0.0,0.0,0.5127226,0.0,0.0,1.3722129,0.25586748,0.56071615,0.0,0.0,0.0,0.0,0.2355149,0.0,0.31075388,0.81009775,0.0,0.0,0.02373397,0.0,0.0,0.34697315,0.0,0.0,0.0,0.0,0.16906351,1.0130055,0.0,1.2601665,0.0,0.0,0.0,1.4228139,0.0,0.0,0.119363785,0.0,0.7143738,0.0,0.0,0.14678003,0.0,0.0,0.0,0.0,0.4452298,0.0,0.0,0.46656087,1.751772,0.0,0.0,0.0,0.0,0.84346455,0.0,0.58419335,0.2048242,0.0,0.0,0.55327255,0.06295513,0.0,0.0,0.0,0.0,0.0
0.6962219,0.6508908,1.4032546,1.0557501,0.0,0.0,0.0,0.0,0.5397061,0.7033769,0.0,0.60852057,1.27858,0.0,0.0,0.0,0.022838222,0.0,0.061473437,0.8092694,0.0,0.0,0.0,0.6949031,0.0,0.63431776,0.24338815,0.0,0.7458647,0.0,0.9531651,0.018199412,0.16060804,0.6122213,1.1787549,0.5289658,0.4335763,0.0,0.41409656,0.0,0.8022677,0.10017618,0.0,0.09220947,0.0,0.57888776,0.0,0.0,0.36357278,0.0,0.0,0.6885727,0.0,0.0,0.28535834,0.0012420322,0.0,1.0720211,0.0,0.37693006,1.312524,0.0,0.95293313,0.0,1.4405445,0.0,0.0,0.2871303,0.9431093,0.0,0.016861528,0.696294,0.70361567,0.81697,0.0,0.8485244,0.9656275,0.0,0.0,0.26601014,0.2527076,0.0,0.90563214,0.0,0.0,1.019924,0.2347667,0.0,0.3489833,0.66376853,0.8033324,0.3276638,0.0,0.7292356,0.0,1.1009303,1.1252228,0.16986805,0.69037896,0.0,1.4446324,0.0,0.0,0.25430897,0.0,0.0,0.0,1.0360233,1.1038482,0.0,0.84748113,0.2616551,0.0,0.8125034,0.52250326,0.6558351,0.0,0.0,0.0,0.0,0.0,0.6761649,0.0,0.0,0.0,0.3526889,0.66171926,0.65775627,0.0
0.0,0.0,0.0,0.0,0.0,1.4583379,1.3298515,0.0,0.3470318,0.0,0.0,0.0,0.0,0.0,1.1343184,0.8125725,0.0,1.2168586,0.21050571,0.0,1.3542038,0.0,0.0,0.0,0.79424334,0.38038057,0.0,1.1428365,0.30116245,1.3046913,0.0,0.0,0.0,0.0,0.0,0.0,0.36292183,1.0247791,0.0,0.0,0.0,0.5250868,0.0,0.068589605,0.0,0.0,0.4317576,0.4787891,0.10697432,0.0,0.7637191,0.0,0.0,0.0,0.0,0.0,0.9254281,0.0,1.4521472,0.39788806,0.0,1.2671031,0.0,0.0,0.0,0.41681612,0.0,0.0,0.0,0.0,0.0,0.0,0.0,0.0,0.84078544,0.0,0.0,1.1760057,0.0,0.0,0.15150991,1.1845489,0.0,0.5558964,1.096151,0.0,0.0,1.2473387,0.0,0.0,0.0,0.0,0.0,0.0,0.0,0.0,0.0,0.74538106,0.0,1.1782588,0.0,1.4292117,1.2749983,0.0,0.0,0.0,1.4514604,0.0,0.0,1.15358,0.0,0.0,0.0,0.0,0.2277587,0.0,0.47599173,1.5647048,1.0929483,0.0,1.5319753,0.0,0.67566144,0.0,1.2954428,0.0,0.14685065,0.0,0.0
0.0,0.0,0.0,0.73734903,0.0,0.0,0.0,0.0,0.85447687,0.0,0.7521909,0.0,0.6115429,0.0,0.0,0.0,1.2385318,0.88991433,0.740195,1.6618813,0.0,0.0,0.48874962,0.3092648,0.12830548,0.0,0.0,0.061131276,0.0,0.0,0.0,0.0,0.04143377,0.26820093,0.0,0.0,0.0,0.0,0.0,0.27676105,0.0,0.0,0.6481805,0.0,0.32024905,0.0,0.0,1.2090347,0.0,0.0,0.18963313,0.0,0.9968427,0.33978176,0.0,0.5408079,0.0,0.9111117,0.0,0.0,0.18541609,0.0,1.0523255,0.0,0.0,0.0,0.0,0.0,0.83586264,0.9940535,0.3900354,0.0,0.31545615,0.8255342,0.0,0.7187066,0.0,0.0,0.0,0.0,0.0,0.0,0.9970196,0.0,0.2958399,0.94073516,0.0,0.405475,0.0,1.4659243,0.0,0.38733295,0.8311379,0.6457907,0.10076989,0.6010405,1.3908532,0.0,0.14874083,0.07477218,0.17255837,0.0,0.07915235,0.0,0.013518148,0.028786544,0.0,0.0,0.0,0.0,0.0,0.1302438,0.3631702,1.0882853,0.0,0.0,0.0,0.0,0.0,0.0,0.0,0.0,1.1149111,0.30305824,0.0,0.0,0.0,1.0347146,0.0
2.1581922,3.9123561,2.69815,2.2820528,2.3397503,0.0,0.0,0.6308581,0.0,2.620604,0.4611749,2.409494,3.1410847,2.0674708,0.061129663,0.0,0.0,0.0,2.1820993,2.0511098,0.0,1.5815179,0.64866775,1.1749496,0.0,2.7808068,0.4151919,0.0,2.890172,0.0,1.3952453,1.2575647,1.8108021,0.0,3.3358045,0.7430962,1.9133297,0.0,0.65443754,0.1940209,2.8192754,0.0,0.0,0.0,0.0,2.403914,0.0,0.6524229,1.6074466,2.2075114,1.806526,2.5580838,0.5421515,0.53223705,0.4074041,0.3580188,0.0,2.5690389,0.0,0.0,2.2209117,0.0,2.1467147,2.3946018,1.8355234,1.6497117,2.0948856,2.0462327,1.3480757,0.44530413,2.4288278,1.8078794,2.5739155,1.4907413,0.0,1.3196722,3.2681828,0.0,0.0,0.08222873,4.0794425,0.0,1.8967149,0.0,0.62223613,2.484945,0.0,0.0,0.17547785,1.1152186,2.885457,0.0,0.21911412,2.653583,0.41318628,2.4769309,2.291896,0.28214502,0.0,0.0,2.193687,0.0,0.0,1.4678717,0.0,0.0,0.0,1.987258,2.4238284,0.0,1.7735236,1.3418317,0.0,2.458631,2.8982935,0.0,2.167495,0.0,0.0,1.0342071,0.0,1.8020456,0.72806215,0.0,0.0,1.7280909,3.6027715,0.0,1.0
0.0,0.0,0.0,0.0,0.0,0.68874264,0.62862974,0.0,0.0,0.0,0.0,0.0,0.0,0.038454533,1.1813142,0.35498738,0.0,0.8040128,0.0,0.0,0.5834156,0.2084239,0.0,0.0,0.6449244,0.0,0.0,1.2254268,0.0,0.62818444,0.0,0.0,0.0,0.0,0.0,0.0,0.0,1.2611147,0.0,0.0053069596,0.0,0.0,0.45239082,0.7202237,0.22589837,0.0,0.7958511,0.0,0.0,0.0,0.35605723,0.0,0.0,0.0,0.0,0.0,0.30161312,0.0,0.88941556,0.0,0.0,1.1868296,0.0,0.0,0.0,0.9070595,0.0,0.0,0.0,0.0,0.0,0.0,0.0,0.0,0.25030693,0.0,0.0,0.7661908,0.0,0.0,0.0,0.6522584,0.0,0.12663825,0.5829898,0.0,0.0,0.81540054,0.0,0.0,0.0,0.0,0.0,0.0,0.0,0.0,0.0,0.18928245,0.0,0.9084235,0.0,0.7396615,0.8663285,0.0,0.0,0.0,0.75049245,0.0,0.0,0.46985975,0.0,0.0,0.37538016,0.0,0.0,0.0,1.0236465,1.2808578,1.2625835,0.0,0.6422525,0.0,0.0,0.56030315,0.76538926,0.0,0.0,0.0,0.0
0.16966747,0.0,0.17657106,0.0,0.0,0.0,0.0,0.5696988,0.0,0.0,0.4619843,0.18910228,0.0,0.0,0.0,0.4117355,0.0,0.54164386,0.0,0.21414678,0.0,0.76771224,0.07419641,0.7509452,1.6828501,0.0,0.0,1.1247113,0.0,0.0,0.0,0.0,0.0,1.2143204,0.0,0.0,0.0,0.30420986,0.0,1.8572555,0.05424284,0.0,0.8460414,1.1481935,0.606977,0.0,0.0,0.0,0.0,0.71420646,0.0,0.0,0.0,0.0,0.0,0.0,0.23708461,0.16049835,0.0,0.0,0.0,0.10755366,0.0,0.0,0.4514211,0.0,0.5903861,0.0,0.24038559,0.0,0.0,0.12538025,0.0,0.7326992,0.0,0.63115823,0.0,0.046912994,0.14971296,0.0,0.0,0.0,0.196837,0.11553566,0.0,0.0,0.0,0.10996903,0.0,0.0,0.5395419,0.0,0.12536551,0.0,0.75736606,0.0,0.18822524,0.0,0.0,1.2261767,0.0,0.0,1.0292869,0.0,0.0,0.0,0.0,0.002580852,0.0,0.0,0.062131245,0.81308687,1.0524251,0.0,0.0,0.0,0.0,0.0,0.16347228,0.1002396,0.0,0.0,0.0,1.0259264,0.39244473,0.0,0.0,0.0,0.0
0.0,0.0,0.0,0.0,1.6629928,0.3823119,0.71175754,0.0,0.0,0.99035287,0.0,1.2259035,0.839194,1.5425215,0.9263996,0.0,0.6362362,0.0,0.6962703,0.0,0.0,1.6868058,0.0,0.43174413,0.0,0.1371015,1.572723,0.0,0.61786324,0.0,0.33083743,0.33871126,0.0,0.0,0.36178216,1.0017864,0.0,0.23142557,1.1867003,0.0,0.0,0.0,0.07188791,0.0,0.0,0.42640632,1.2544612,0.0,0.0,1.0606573,0.6729721,0.08430523,0.0005751515,0.0,1.762524,0.0,0.0,0.0,0.0,0.0,0.4616558,0.0,0.0,0.0,0.0,0.49966273,1.2670244,0.18561015,0.49663642,0.0,0.76763076,0.004036278,0.17050946,0.4239315,1.3809468,0.26794901,0.0,0.0,0.7752899,1.3420079,0.0,0.0,0.26922867,0.0,0.83767515,0.09901006,1.1876134,0.9546322,0.28370076,0.0,0.0,0.0,0.0,0.010374685,0.0,0.0,0.0,0.15907642,0.0,0.0,0.0,0.0,0.0,0.27234775,1.0793539,1.188998,0.26951388,0.290159,0.06405538,0.0,0.32779384,0.0,0.0,0.2951449,0.0,1.4248564,1.3522713,0.6458452,0.8246765,0.0,0.0,1.0292093,0.0,0.0,0.0,0.97399026,0.0,0.0,0.0
0.0,0.0,0.0,0.0,0.0,1.6922348,1.508887,0.0,0.8089444,0.0,0.0,0.0,0.0,0.0,0.3281003,0.22125696,0.0,0.47345495,0.10856936,0.0,1.7406619,0.0,0.0,0.0,0.0,0.41982183,0.18289487,0.0,0.46182677,1.4969884,0.0,0.0,0.0,0.0,0.0,0.0,0.440203,0.17849189,0.0,0.0,0.0,0.97960985,0.0,0.0,0.115791745,0.0,0.7158076,0.0,0.26381248,0.0,0.575531,0.0,0.12907709,0.0,0.1550167,0.0,0.36997923,0.0,1.4454751,0.46885237,0.0,0.6470415,0.0,0.0,0.0,0.0,0.0,0.0,0.0,0.0,0.0,0.0,0.0,0.0,1.3980471,0.0,0.0,1.4672319,0.081932634,0.0,0.0,1.1753017,0.0,0.20423152,0.4545984,0.0,0.75660145,0.46209416,0.0,0.068322,0.0,0.6747462,0.0,0.0,0.0,0.0,0.0,0.6134932,0.0,0.19823398,0.0,1.7682921,0.30516246,0.19023894,0.23290887,0.45797637,1.436345,0.0,0.0,1.5281056,0.0,0.0,0.08425704,0.0,0.22559828,0.30313155,0.0,1.3253857,0.16875403,0.0,1.6730393,0.0,0.30829477,0.18561557,1.3670865,0.07342706,0.23475574,0.5335551,0.0
0.0,0.0,0.0,0.0,0.08282849,0.59788275,0.36440748,0.0,0.0,0.082500696,0.0,0.035660475,0.0,0.1330705,0.4269636,1.3797385,0.0,0.44691887,0.0,0.110256426,0.44320828,0.17502148,0.0,0.0,0.5180494,0.20000456,0.0,0.59593236,0.0,0.31580898,0.0,0.0,0.0,0.0,0.0,0.20048901,0.7503556,0.49125162,0.41162682,0.0,0.0,0.38556248,0.0,0.0,0.0,0.0,0.64257956,0.0,0.67761046,0.122776344,0.0,0.0,0.0,0.0,0.0,0.0,1.0310237,0.0,0.88829905,0.8023464,0.0,0.5765281,0.0,0.0,0.0,0.0,0.107327074,0.0,0.0,0.0,0.0,0.0,0.0,0.0,0.06084188,0.0,0.013449692,0.986761,0.75414383,0.14615189,0.4820242,1.4616342,0.0,1.2765727,0.13814723,0.0,0.0,0.64741147,0.0,0.0,0.0,0.0,0.0,0.0,0.0,0.0,0.0,1.0636371,0.0,0.65303147,0.0,0.83301055,0.44576606,0.0,0.0,0.0,0.3714239,0.0,0.0,1.1056223,0.0,0.0,0.0,0.0,0.5027472,0.0,0.9951256,0.90768415,0.4348158,0.0,0.57266057,0.0,0.0,0.037664536,1.1700172,0.18346551,0.12524652,0.0,1.0
0.0,0.19401452,0.0,0.0,0.0,0.5614233,0.16053414,0.0,0.8823913,0.0,0.0,0.0,0.0,0.0,0.04405207,0.89716417,0.0,1.3867353,0.15776876,0.7325773,0.25681323,0.0,0.0,0.0,0.698295,0.10809229,0.0,0.6520241,0.21246251,0.36874214,0.0,0.0,0.0,0.0,0.0,0.0,0.0,0.0,0.0,0.0,0.0,0.9372638,0.0,0.0,0.0,0.0,0.0,0.94837534,0.0,0.0,0.020896137,0.0,0.28791356,0.0,0.0,0.0,0.9825824,0.0,0.58747727,0.22701785,0.0,0.4436899,0.0,0.0,0.0,0.0,0.0,0.0,0.0,0.0,0.60064995,0.0,0.55340606,0.0,0.0,0.0,0.28631988,0.29757395,0.46488625,0.0,0.22012861,0.72802144,0.0,0.6546327,1.0329455,0.0,0.0,1.2195615,0.0,0.48345932,0.0,0.72607726,0.0,0.6224957,0.0,0.0,0.0,0.27909836,0.0,1.0782095,0.0,0.37237144,1.1725854,0.0,0.0,0.0,0.7045904,0.0,0.0,0.45089763,0.0,0.0,0.0,0.0,0.0,0.0,0.0,0.5656412,0.0,0.0,0.57413083,0.0,1.1359446,0.0,0.51161766,0.0,0.53803235,0.0,0.0
0.19466025,0.08112759,0.22766396,0.0,0.0,0.13562247,0.0,0.0,0.21082005,0.0,0.098678336,0.07241282,0.0,0.23700155,0.51099944,1.2594507,0.0,1.3138901,0.0,0.0,0.0,0.35157365,0.0,0.0,1.1457967,0.0,0.0,1.6447203,0.0,0.1747663,0.0,0.0,0.0,0.0,0.0,0.0,0.32538843,0.32359788,0.0,0.29571754,0.4202939,0.5046267,0.17605586,0.565963,0.0,0.0,0.0,0.88264436,0.19004822,0.341736,0.0,0.0,0.0,0.0,0.0,0.0,1.2961441,0.0,0.27995154,0.42628708,0.0,0.7432954,0.0,0.0,0.0,0.6078899,0.29954168,0.0,0.0,0.0,0.17097211,0.0,0.14393084,0.0,0.0,0.0,0.3304243,0.18367426,0.8007695,0.0,0.119314305,0.742615,0.0,0.90706164,0.93722886,0.0,0.0,1.0564227,0.0,0.0,0.12977588,0.16448402,0.19975054,0.19360247,0.42158702,0.0,0.0,0.5931278,0.0,1.2601539,0.0,0.091992505,1.4383037,0.0,0.0,0.0,0.48981792,0.0,0.0,0.16308916,0.0,0.25298253,0.0035810801,0.0,0.041001543,0.0,0.08006769,0.5527339,0.6001205,0.0,0.1362884,0.0,1.0630025,0.080473796,0.3665364,0.0,0.0,0.0,0.0
0.6861723,1.3772212,0.6663563,0.0,0.2286735,0.0067640943,0.0,0.40698344,1.3272151,0.7653332,0.029913874,0.2640394,0.0,0.51615685,0.0,2.3370943,0.0,1.1329842,0.0,0.570463,0.0,0.49271607,0.021356154,0.0,1.4724821,0.9843875,0.0,1.0930903,0.9511358,0.0,0.0,0.0,0.4897243,0.0,0.0,0.96130776,1.3131081,0.0,0.5262384,0.24292934,0.7208644,1.822342,0.0,0.0,0.0,0.0,0.0,0.97519565,1.508707,1.5488621,0.0,0.0,0.0,0.0,0.0,0.2775185,2.1884165,0.0,0.3443335,1.5180486,0.0,0.0,0.0,0.10149249,0.0,0.12832718,0.7362554,0.0,0.0,0.0,1.4461651,0.0,1.3112726,0.0,0.0,0.0,1.1932068,0.29327503,2.1076164,0.9987067,1.9131151,1.4799886,0.0,2.0736387,0.3842181,0.0,0.19628741,0.6476259,0.86697567,0.0,0.7494088,1.8375182,0.3694101,1.3483932,0.5819031,0.0,0.0,1.4339057,0.0,0.87882394,0.0,0.1372501,1.2595389,0.0,0.0,0.0,0.030422298,0.0,0.0,0.8418738,0.0,0.47535828,0.0,0.0,1.0995735,0.0,0.01824258,0.0,0.0,0.0,0.2650736,0.43285015,1.5814954,0.0,0.87342495,0.6644129,1.438386,0.0,0.0
0.20353319,0.0,0.3602107,0.0,1.4954131,0.13510212,1.244623,0.0,0.0,0.9801814,0.0,1.4689103,0.27503616,1.5935444,0.0,0.0,0.0,0.0,0.0,0.0,0.12971029,1.058737,0.0,0.0,0.0,0.30503693,0.11076084,0.0023956725,0.17672445,0.0,0.0,0.038923744,0.5990132,0.67398566,0.24899465,0.8213505,0.61268973,0.32655978,0.6667611,0.0,0.0,0.0,0.15930273,0.45811057,0.0,0.7268481,0.0,0.0,0.5151292,0.0,0.0,0.5625646,0.0,0.0,0.14618056,0.0,0.0,0.0,0.0,0.40790746,0.35246876,0.0,0.0,0.83518213,0.0,0.0,0.87776923,1.0265434,0.53008485,0.0,0.0,0.5343225,0.0,0.059192114,0.077488855,0.10894685,0.71963286,0.0,0.1552086,0.5579565,0.0,0.0,0.19378102,0.0,0.0,0.0,0.41554174,0.08216175,0.80862314,0.0,0.73160154,0.0,0.0,0.0,0.33574903,0.0,0.0,0.7567396,0.0,0.0,0.0,0.24633002,0.0,0.0,0.07670118,0.0,0.0,0.89476746,0.0,0.0,0.93754584,0.7263352,0.0,0.0,0.59028,0.0,1.0448245,0.0,0.0,0.65038115,0.0,0.0,0.011620791,0.0,0.0,0.4253668,0.0,0.0,0.0
0.73105663,0.15194131,0.1084304,0.0,0.0,1.0702741,1.0881623,0.8029221,1.2519224,0.7436973,0.10815408,0.037914585,0.0,0.31655413,0.0,0.55566835,0.0,0.0,0.0,0.0,1.5181596,0.25613368,1.2860823,0.0,0.0,1.2017325,1.0950325,0.0,1.0121115,1.0395273,1.0729103,1.6698769,1.1233308,0.0,0.0,2.08285,2.3057208,0.0,0.97137326,0.0,0.33218837,1.4596661,0.0,0.0,0.0,0.924668,0.0,0.0,2.5939198,0.43415776,0.13314262,2.382897,0.18747596,1.2494901,0.93856096,0.30615085,0.8177787,0.0,0.52561516,2.1392193,0.0,0.0,0.0,2.2522812,1.101042,0.44517663,0.23431064,2.5743263,0.0,0.6824187,0.0,2.22847,0.0,0.0,0.8138218,0.0,0.7442542,1.0370649,2.1638565,2.3260336,0.23972757,1.1309792,0.0,0.8130977,0.0,0.0,2.7527254,0.0,1.9056042,0.0,0.079740345,2.005663,0.74396443,0.0,0.4826553,0.016661927,0.0,2.2918622,0.457532,0.0,0.0,1.4700129,0.0,1.5243863,0.77907366,0.8913526,0.75015974,1.7341878,1.2031915,1.2143962,2.0339398,0.085295536,0.0,0.0,1.6184385,0.21295814,0.81689805,0.3976376,0.06936843,2.601048,1.0555058,0.32166913,0.0,0.0,0.69237494,1.7846668,0.0,0.5100758,1.0
0.5530095,0.2494733,1.1007509,0.88078356,0.0,0.0,0.0,0.0,0.26309654,0.48903763,0.0,0.6124886,1.1282443,0.0,0.0,0.0,0.0,0.0,0.0,0.43315846,0.0,0.0,0.0,0.5274685,0.0,0.3616722,0.1284698,0.0,0.44923526,0.0,0.81516165,0.0,0.23251723,0.9144353,1.1484648,0.49712935,0.3224088,0.0,0.42849576,0.0,0.3524971,0.0,0.0,0.24933967,0.0,0.6705769,0.0,0.0,0.3096798,0.0,0.0,0.79463875,0.0,0.0,0.16788921,0.0,0.0,0.93210703,0.0,0.32593027,1.2622968,0.0,0.82826036,0.0,1.4687797,0.0,0.0,0.3565436,0.9285919,0.0,0.0,0.8496963,0.21066692,0.7251053,0.0,0.8530884,0.60100955,0.0,0.0,0.266502,0.0,0.0,0.767017,0.0,0.0,0.8592929,0.20500126,0.0,0.6066652,0.44695014,0.7626008,0.079907924,0.0,0.24328732,0.0,0.84405106,0.9079068,0.13331704,0.87079984,0.0,1.3619577,0.0,0.0,0.23801376,0.0,0.0,0.0,1.1463169,0.9162527,0.0,1.0302542,0.38355553,0.0,0.6653053,0.29549503,0.6301089,0.0,0.0,0.0,0.0,0.0,0.36716568,0.0,0.0,0.0,0.3234907,0.26172978,0.6042019,0.0
0.0,0.0,0.0,0.38060236,0.40434498,0.48253545,0.84717935,0.0,0.0,1.0533736,0.0,0.5073563,0.5204977,0.5847218,0.016845513,0.0,0.0,0.0,0.7329819,0.0,0.4817934,0.0,0.08778275,0.0,0.0,0.7403379,1.5020305,0.0,0.63013273,0.39033583,1.2640184,1.1710846,0.042857904,0.08321502,0.655037,1.0028374,0.8676791,0.0,0.61121994,0.0,0.0,0.0,0.0,0.0,0.0,0.9818811,0.35299373,0.011382348,0.69328517,0.0,0.6858005,1.177499,0.7696809,0.0,1.560208,0.0,0.0,0.0,0.007007856,0.6897378,0.7961837,0.0,0.0,0.7523805,0.57820606,0.41350406,0.0,1.4822568,0.17824398,0.17376801,0.0,0.84084964,0.0,0.0,0.4897634,0.0,0.2792651,0.0,0.0,0.9798428,0.0,0.0,0.0,0.0,0.0,0.43869486,1.4179584,0.0,0.5803407,0.19028284,0.0,0.0,0.0,0.0,0.0,0.435426,0.0,1.0831146,0.9565897,0.0,0.5667684,0.57764244,0.0,1.1141751,1.2131284,1.3184184,0.1694822,0.96840364,1.2945565,0.0,1.0685734,0.0,0.0,0.2897671,0.95541054,1.0076265,0.24376594,0.11534837,0.0,0.8006557,0.2917259,0.5336431,0.0,0.0,0.0,0.84361595,0.0,0.0,0.0
0.0,0.0,0.0,0.0,0.0,0.30935213,0.0,0.0,0.62090087,0.0,0.0,0.0,0.0,0.0,0.0,1.0674903,0.0,1.3552958,0.0,0.6296733,0.05839211,0.0,0.0,0.0,0.71684754,0.0,0.0,0.6272592,0.0,0.16999617,0.0,0.0,0.0,0.0,0.0,0.0,0.06952503,0.0,0.0,0.0,0.0,0.68962336,0.0863816,0.0,0.0,0.0,0.0,0.96421254,0.0,0.0,0.0,0.0,0.41654953,0.0,0.0,0.0,0.93489784,0.0,0.37371704,0.27093026,0.0,0.33335102,0.0,0.0,0.0,0.0,0.0,0.0,0.0,0.0,0.26355132,0.0,0.19048102,0.0,0.0,0.0,0.0,0.373798,0.8576867,0.0,0.0,0.95453244,0.0,0.964331,0.72433937,0.0,0.0,1.398618,0.0,0.4487639,0.0,0.5058514,0.011325238,0.28671587,0.0,0.0,0.0,0.4546174,0.0,0.77755094,0.0,0.19880891,0.9940278,0.0,0.14007175,0.1281076,0.39526883,0.0,0.0,0.29233086,0.0,0.0,0.0,0.0,0.0,0.0,0.0,0.27450836,0.0,0.0,0.31556132,0.0,1.0460618,0.0,0.49587247,0.0,0.1432818,0.0,0.0
0.0,0.10559413,0.0,0.0,0.0,1.8188512,1.676772,0.014363549,1.0571688,0.13520679,0.0,0.0,0.0,0.0,0.34498873,0.8432738,0.0,0.24862815,0.0,0.0,1.9979752,0.0,0.0,0.0,0.019431215,0.9362555,0.0,0.0,0.923917,1.5929271,0.0,0.0,0.0,0.0,0.0,0.5572641,1.2288935,0.2265316,0.4404774,0.0,0.0,1.5723392,0.0,0.0,0.0,0.0,0.69001496,0.0,1.2253786,0.03404612,0.43917868,0.0,0.0,0.0,0.0,0.112300314,0.9565542,0.0,1.6138948,1.2207066,0.0,0.53542995,0.0,0.0,0.0,0.0,0.0,0.021468807,0.0,0.0,0.0,0.0,0.0,0.0,1.5402864,0.0,0.282206,1.7590353,0.90802324,0.7972676,0.6082063,1.688898,0.0,0.81262773,0.14660929,0.0,1.3178644,0.18232708,0.5048164,0.0,0.0,1.2674543,0.0,0.0,0.0,0.0,0.0,1.3278483,0.0,0.06280865,0.0,2.0737154,0.25784788,0.17682488,0.0,0.21404734,1.4385034,0.0,0.0,2.0420537,0.0,0.0,0.0,0.0,0.8841318,0.054600433,0.42329022,1.341904,0.3168705,0.094618276,1.8808479,0.17299846,0.2795478,0.0,1.7876428,0.63361436,0.65347505,0.53503317,0.0
1.2117755,0.64049864,2.0161612,0.0,0.0,2.914909,2.4528315,0.0,0.12771778,1.3200802,0.0,0.29711467,0.0,0.0,2.878367,0.0,0.0,0.0,1.7665483,0.0,2.4820342,0.0,0.0,0.0,0.0,2.3546648,0.0,1.3792697,3.4130507,3.000122,0.019176237,0.0,0.014770198,0.0,0.0,0.0,0.9632266,2.0218759,0.0,0.0,2.3388503,0.02719012,0.0,1.0113226,0.0,0.0,0.0,1.1374958,0.60795754,0.0,3.2285917,0.5140446,0.0,0.0,0.0,0.0,0.0,0.0,1.729586,0.38473696,0.0,2.6582918,0.0,0.0,0.0,2.8050992,0.0,0.36693823,0.0,0.020548167,0.0,0.0,1.1781315,0.0,1.7065309,0.0,2.438203,0.42898217,0.0,0.0,1.6480532,0.0,0.0,0.0,2.656104,0.0,0.0,0.2864621,0.0,0.0,0.0,0.0,0.0,0.7218451,0.0,0.0,0.0,0.67385316,0.0,0.90133643,0.0,2.2752473,0.76722556,0.0,0.0,0.0,2.9200237,0.0,0.9464305,1.0879526,0.0,0.0,0.0,0.0,1.8829427,0.0,0.85512865,2.832844,2.1086857,0.0,2.7724216,0.9214872,1.5889717,0.0,1.0485796,0.0,2.1432722,0.0,0.0
0.48572767,0.09779326,0.95643276,0.93771046,0.0,0.0,0.0,0.0,0.06450147,0.26721594,0.0,0.64227194,1.222093,0.0,0.0,0.0,0.020054284,0.0,0.0,0.44394192,0.0,0.0,0.0,0.5771607,0.0,0.05922921,0.0,0.0,0.09449796,0.0,0.7083226,0.0,0.3377446,1.2855425,1.2015158,0.37710115,0.12548329,0.0,0.37646717,0.088111505,0.07977273,0.0,0.0,0.26293734,0.0,0.71320707,0.0,0.0,0.18637028,0.0,0.0,0.744413,0.0,0.0,0.006865865,0.06309021,0.0,1.1180888,0.0,0.18696423,1.3487933,0.0,0.9723042,0.013594245,1.5141625,0.0,0.0,0.27882048,1.1773245,0.0,0.0,0.9229249,0.0039811693,0.97265154,0.0,1.1173309,0.3337854,0.0,0.0,0.1471301,0.0,0.0,0.9564526,0.0,0.0,0.9061673,0.0047410806,0.0,0.73787576,0.49015126,0.8242399,0.0,0.0,0.05528266,0.0,0.8648445,1.0386983,0.0,1.0000219,0.0,1.38405,0.0,0.0,0.164737,0.0,0.0,0.0,1.225294,0.7458419,0.0,1.120801,0.5217609,0.0,0.70453316,0.017298339,0.5453608,0.0,0.0,0.0,0.0,0.0,0.11325049,0.0,0.0,0.0,0.24869032,0.05252738,0.57881236,0.0
0.0,0.8267473,0.33751908,1.4815816,0.76389736,0.0,0.0,0.04199729,0.0,1.2386084,0.0,0.7116549,1.0746863,0.6418853,0.0,0.16366704,0.0,0.0,0.013384058,0.0,0.0,0.34848502,0.0,0.0,0.0,0.960446,0.7901591,0.0,0.679834,0.0,1.1714692,0.9377292,0.076361544,0.45634788,0.67180353,1.37382,1.2851219,0.0,1.1716713,0.0,0.0,0.0325774,0.0,0.0,0.0,1.1561601,0.8604447,0.0,1.328022,0.39591143,0.0,1.5771195,0.19575301,0.0,0.7110241,0.08000028,0.15416804,0.8447703,0.0,1.0227654,1.5136942,0.0,0.74190694,1.0701463,1.2166181,0.0,0.5502924,1.5730572,0.8803268,0.0,0.490846,1.4890468,0.53461945,0.6797391,0.02411597,0.70033455,0.95707566,0.0,0.34339088,1.3623888,0.8208202,0.0,0.7254525,0.22623482,0.0,1.3205085,1.0091255,0.0,1.6104832,1.1081102,0.84317476,0.010722315,0.0,0.13237213,0.0,1.3751953,0.6240994,1.068444,1.1680428,0.0,1.419983,0.039717842,0.0,1.0821002,0.27129543,0.505239,0.0,1.5590543,1.0921272,0.37192073,1.4891458,0.0,0.0,0.9985284,1.3181591,0.9765152,0.41913795,0.0,0.0,0.094119266,0.0,1.1112783,0.0,0.0,0.0,1.3418561,0.46934527,0.0,0.0
0.0,0.0,0.0,0.0,0.7747134,1.7327454,1.6570594,0.0,0.0,0.58518165,0.78690225,0.9448949,0.0,1.047471,2.9765844,0.0,0.0,0.63666075,1.8844649,0.0,1.3709252,0.51881045,0.05227447,0.0,0.0,0.72759616,0.0,2.3055735,0.6936316,1.6036135,0.0,0.0,0.34092483,0.0,0.46159676,0.0,0.26470706,2.4623754,0.0,0.0,1.3568705,0.0,0.225591,2.553322,0.0,0.22139849,0.78450614,1.1681983,0.0,0.0,2.566592,0.0,0.0,0.0,0.0,0.0,0.0,0.0,1.2969131,0.0,0.0,2.3914778,0.0,0.0,0.0,3.580021,0.022150053,0.26801693,0.0,0.7153896,0.0,0.0,0.0,0.0,0.8438085,0.0,0.0,0.19798572,0.0,0.0,0.0,0.0,0.0,0.0,1.7104665,0.0,0.0,1.2287875,0.0,0.0,0.0,0.0,0.54451287,0.0,0.34119287,0.0,0.0,0.55786246,0.15129036,0.697495,0.0,1.338507,0.71600914,0.0,0.0,0.0,1.6020154,0.0,0.0,0.16628073,0.0,1.1743735,0.0,0.0,0.88737255,0.0,2.103798,2.3524518,2.6870177,0.46052548,1.3719901,0.0,1.1265804,0.0,0.0,0.0,0.0,0.0,0.0
1.723313,1.1963019,2.1394882,0.0,0.6865221,0.0,0.0,1.2979475,0.0,0.0,0.13400352,1.1249402,0.0,0.4344233,0.0,0.6234184,0.86834586,0.14857496,0.0,1.2968671,0.0,1.3412924,0.0033166164,2.3100035,1.4529165,0.0,0.0,0.31811085,0.0,0.0,0.0,0.0,0.0020294047,2.5159235,0.0,0.0,0.0,0.0,0.0,2.1699958,1.3391943,0.15675333,1.6407582,0.74628115,1.2747245,0.0,0.0,0.0,0.0,1.9108458,0.0,0.0,0.0,0.0,0.0,1.4741225,0.30122545,1.2345729,0.0,0.0,0.0,0.0,0.95832103,0.0,0.6754828,0.0,1.6547985,0.0,1.5732691,0.0,0.29813585,0.033988085,0.092113495,2.3245292,0.0,2.2238917,0.0,0.0,1.2590998,0.0,0.0,0.0,1.7164401,0.42623964,0.0,0.0,0.0,0.0,0.0,0.0,2.3748412,0.049025383,0.0146199735,0.17509738,1.3156335,0.38799095,2.1038604,0.0,0.0,0.79060453,0.0,0.0,0.6034406,0.0,0.0,0.0,0.0,0.16763142,0.0,0.0,0.3133681,0.5799667,1.6687539,0.0,0.0,0.0,0.0,0.0,0.0,0.0,0.0,0.0,0.0,1.4351732,0.0,0.0,0.0,0.0052581886,1.0
0.0,0.24865386,0.34535995,0.97067505,0.0,0.07756853,0.0,0.0,0.55909705,1.2796441,0.14979355,0.23253423,0.9326619,0.025153425,0.0,0.0,0.0,0.0,1.6471046,0.20622563,0.22331662,0.0,0.67089427,0.0,0.0,1.2862344,1.6632867,0.0,1.1093065,0.25027817,1.7314162,1.4568263,0.53407186,0.0,1.0232433,0.8383924,1.0575869,0.0,0.26986122,0.0,0.37320092,0.0,0.0,0.0,0.0,1.0307012,0.0,0.51431507,0.7913553,0.0,1.2089134,1.3371415,1.4144423,0.44782266,1.5020214,0.0,0.0,0.4720151,0.0,0.5591391,1.1393905,0.0,0.5019406,1.0326192,0.9500412,0.86973304,0.0,1.7141793,0.2083581,0.9931368,0.0,0.9213019,0.62958676,0.0,0.0,0.0,0.8888101,0.0,0.0,0.7031609,0.0,0.0,0.27374846,0.0,0.05843458,1.0420702,1.4257569,0.0,0.26594317,0.6891093,0.0,0.40223244,0.25314254,0.46406677,0.0,1.0540944,0.6839342,0.92150587,1.0060118,0.0,1.1351253,0.23597756,0.0,1.4441361,1.187659,1.4234437,0.0,0.93642324,1.9069418,0.0,0.9562808,0.0898103,0.0,0.9040963,1.4435661,0.9819295,0.0,0.0,0.0,0.91203666,0.17249942,1.1325169,0.674507,0.0,0.0,0.78023535,0.013174005,0.3913217,0.0
0.0,0.0,0.0,0.42096964,0.4534825,0.4095308,0.7726707,0.0,0.0,1.2258857,0.0,0.6471656,0.46953562,0.64716834,0.0,0.0,0.0,0.0,0.6912923,0.0,0.5180082,0.0,0.11029187,0.0,0.0,0.9257257,1.3066497,0.0,0.8049114,0.34463668,1.2525772,1.0775294,0.35496765,0.094275616,0.7053237,1.0821472,1.0649531,0.0,0.60775214,0.0,0.0,0.0,0.0,0.04818122,0.0,1.0233864,0.12664093,0.011111181,0.8776269,0.0,0.66021806,1.2964814,0.7048897,0.0,1.3029313,0.0,0.0,0.0,0.011576263,0.80911314,0.7821719,0.0,0.0,0.93936837,0.5983346,0.5065651,0.0,1.6278744,0.17286426,0.2711065,0.0,0.8943713,0.00993462,0.0,0.2790211,0.0,0.6441832,0.0,0.0,0.96441156,0.0,0.0,0.0,0.0,0.0,0.4636072,1.3181334,0.0,0.7034862,0.2139882,0.0,0.0,0.0,0.0,0.0,0.44742593,0.0,1.2202923,1.0717868,0.0,0.62913483,0.56535757,0.0,1.0129331,0.97564673,1.0728285,0.101865955,1.0497044,1.3186445,0.0,1.1599693,0.19989114,0.0,0.27829346,1.2071117,0.82432663,0.23192905,0.0,0.0,0.7991704,0.2568669,0.60388285,0.176549,0.0,0.0,0.8230362,0.0,0.0,0.0
0.012646722,0.0,0.24458994,0.7436262,0.598396,0.0,0.0,1.5523932,0.0,0.0,0.0,0.28328618,0.6276864,0.33397296,0.0,0.0,0.0,0.0,0.0,0.0,0.0,0.40823063,0.48902658,0.103289396,0.0,0.0,0.0,0.0,0.0,0.0,0.4063882,1.1317242,0.95941484,1.0480266,0.48548135,0.0,0.0,0.0,0.07784674,0.103432015,0.0,0.0,0.4856193,0.0,1.0900023,1.19185,1.0495727,0.0,0.0,0.06786733,0.0,1.5935161,0.0,0.52025455,0.0,0.5615848,0.0,0.58905005,0.0,0.0,0.74936765,0.0,0.5096109,2.0258346,0.7288265,0.0,0.5265586,1.5673864,0.75344235,0.16569196,0.0,1.501455,0.0,0.7672584,0.3184437,0.8482336,0.0,0.19258946,0.058525138,0.10489468,0.05644741,0.2897003,0.72252,0.071605474,0.0,0.8396518,0.0,0.0,1.2813817,0.3352079,0.41988188,0.0,0.11579934,0.0,0.6663541,0.46742982,0.17342962,0.0,1.5653083,0.0,0.73013675,0.0,0.0,0.8356718,0.0,0.0,0.0,1.7965188,0.61287016,0.29931578,1.6015673,0.38742238,0.7744198,0.26132804,0.0,0.0,0.37229484,0.0,0.0,0.6809767,0.0,0.0,0.0,0.6480419,0.26234743,0.051688768,0.0,0.0,0.0
0.0,0.0,0.015885258,0.87750214,0.48106596,0.0,0.102242805,0.0,0.0,1.4386148,0.0,0.62063706,1.046855,0.5754797,0.0,0.0,0.0,0.0,1.4266845,0.0,0.0,0.0,0.0,0.0,0.0,1.1183245,1.131165,0.0,1.0665616,0.0,1.1195039,0.67829293,0.16021433,0.0,0.9529533,0.96721053,0.82014996,0.0,0.5646791,0.0,0.017530834,0.0,0.0,0.014451464,0.0,0.776704,0.06871132,0.5278254,0.6114661,0.0,0.96511245,0.64883196,0.837165,0.0,1.1506357,0.0,0.0,0.5067728,0.0,0.62081546,1.0153161,0.0,0.4565484,0.30231723,0.3713134,0.71690756,0.0,0.95814335,0.6065006,0.085222326,0.29408437,0.36751908,0.91543293,0.31004137,0.0,0.1726363,0.7318701,0.0,0.0,0.9043606,0.0,0.0,0.5583647,0.0,0.1228314,1.0006952,0.9970856,0.0,0.51907194,0.63474274,0.017660443,0.0,0.0,0.64524174,0.0,0.7948998,0.5160469,0.9811272,0.90685123,0.0,0.7323701,0.0,0.0,0.78549486,0.6731646,0.9259517,0.0,0.58805597,1.2086353,0.0,0.57964545,0.19215398,0.0,0.9162863,1.1640316,0.7374966,0.0,0.0,0.0,0.0,0.0,1.2930843,0.46472308,0.0,0.0,0.7364722,0.01618988,0.0,0.0
0.013377843,1.3584143,0.50352234,0.41016722,0.115765825,0.0,0.0,0.0,0.9107722,1.0224397,0.0,0.17371458,0.13404271,0.10040194,0.0,1.4921073,0.0,0.9245458,0.571339,1.1403412,0.0,0.0,0.0,0.011631225,0.6910618,1.0645752,0.0,0.47140664,1.0930003,0.0,0.0,0.0,0.0,0.0,0.0,0.5829281,0.7294992,0.0,0.4909546,0.0,0.29797405,1.0012788,0.0,0.0,0.0,0.0,0.0,0.8114998,0.7709653,0.8024393,0.0,0.0,0.0,0.0,0.0,0.0,1.4944974,0.19323868,0.20370045,0.9131864,0.0,0.0,0.2175463,0.0,0.0,0.0,0.13628143,0.0,0.16699456,0.0,1.7769192,0.0,1.7754039,0.39275062,0.0,0.017429879,1.2296311,0.0,0.58729774,0.501115,1.6109136,0.5859391,0.44770935,1.3247048,0.6580494,0.45869923,0.0,0.7032206,0.4374171,0.810584,0.39804938,0.97868365,0.0,1.6892112,0.0,0.5306266,0.38944334,0.9291367,0.0,0.8474003,0.0,0.0,0.77296257,0.0,0.0,0.0,0.0,0.0,0.0,0.27371895,0.0,0.0,0.0,0.5852078,0.9515674,0.0,0.0,0.0,0.0,0.0,0.12975809,1.0793909,1.0975419,0.0,0.09809194,0.3904448,1.5985792,0.0,0.0
0.23319197,0.4466411,0.113678925,1.0445216,0.0,0.0,0.0,0.0,1.514274,0.0,0.0,0.0,0.003087578,0.0,0.0,0.0,1.2831843,0.0,0.0,0.0,0.0,0.0,0.0,1.2067895,0.0,0.0,1.359679,0.0,0.0,0.0,1.5389661,0.87999904,0.0,0.3896228,0.0,0.12272236,0.0,0.0,0.50118196,0.0,0.0,1.3249711,0.0,0.0,0.0,0.0,0.0,0.0,0.0,0.0,0.0,0.49156156,0.4250472,0.0,1.4391806,1.2452426,0.0,0.39435473,0.0,0.027676685,1.1028745,0.0,0.35049745,0.0,2.308885,0.0,0.0,0.0,0.0135940565,0.0,0.09820858,1.0046197,0.0224537,0.22180967,0.0,0.32415083,0.0,0.0,0.0,0.33961007,0.0,0.0,0.19482616,0.0,0.0,0.6080502,0.9462787,0.0,0.04198106,0.7926514,0.0,1.4291266,0.0,0.17042072,0.0,1.3028156,0.31831023,0.0,0.17725354,0.0,1.9709451,0.0,0.0,1.2813289,1.0759386,1.403476,0.0,1.1506276,1.1561536,0.0,0.7032953,0.0,0.060108215,0.15431891,0.0,1.8263044,0.0,0.0,0.0,0.0,0.0,0.4735587,0.0,0.0,0.0,0.46647143,0.0,1.9660819,0.0
0.0,0.0,0.0,0.0,0.0,1.2826824,1.0727267,0.0,0.0,0.0,0.0,0.0,0.0,0.0,1.0925506,0.61318946,0.0,0.24942245,0.17725176,0.0,1.2287493,0.24410647,0.0,0.0,0.36386675,0.45728898,0.0,0.5541696,0.19493535,1.1037556,0.0,0.0,0.0,0.0,0.0,0.0,0.7187145,0.9007233,0.06064976,0.0,0.0,0.36547467,0.0,0.0,0.14477625,0.0,1.2230259,0.0,0.49509642,0.06613137,0.63067096,0.0,0.0,0.0,0.0,0.0,0.427297,0.0,1.3775452,0.43265238,0.0,1.0025676,0.0,0.0,0.0,0.5929743,0.06978534,0.0,0.0,0.0,0.0,0.0,0.0,0.0,1.0202188,0.0,0.0,1.5187503,0.0,0.0,0.58638036,1.3607143,0.0,0.47966647,0.5100446,0.0,0.0,0.4759841,0.0,0.0,0.0,0.0,0.0,0.0,0.0,0.0,0.0,0.75314605,0.0,0.50544953,0.0,1.4813749,0.3994994,0.0,0.0,0.0,1.0304633,0.0,0.0,1.4728162,0.0,0.0,0.12561485,0.0,0.6026376,0.0,1.3852532,1.4987345,0.9395864,0.0,1.301683,0.0,0.0,0.29087022,1.5713753,0.03715962,0.24830028,0.0,1.0
0.4198144,0.0,0.7387172,0.0,1.7261177,0.06005118,1.3132448,0.0,0.0,1.2449603,0.0,1.7106671,0.17299724,1.8011086,0.025682582,0.0,0.0,0.0,0.0,0.0,0.10081514,1.222725,0.0,0.0,0.0,0.52005875,0.0,0.39740884,0.41032314,0.0,0.0,0.0,0.86679494,0.55721974,0.23591423,0.84802276,0.71986854,0.47212818,0.6601738,0.0,0.0,0.0,0.0,0.89939684,0.0,0.56553864,0.0,0.0,0.57185006,0.0,0.0,0.23076436,0.0,0.0,0.0,0.0,0.2222884,0.0,0.0,0.46350703,0.15164563,0.0,0.0,0.6783731,0.0,0.22188415,1.0629821,0.814137,0.5593553,0.0,0.0,0.21559297,0.0,0.07974438,0.0,0.10493466,1.0840929,0.0,0.0,0.48958227,0.0,0.0,0.23547775,0.0,0.0,0.0,0.13057286,0.21180259,0.83325756,0.0,1.0636573,0.0,0.0,0.0,0.5987458,0.0,0.0,0.84309226,0.0,0.20548254,0.0,0.20146248,0.0,0.0,0.0,0.0,0.0,0.5916364,0.0,0.0,0.65074825,1.152855,0.0,0.0,0.78600395,0.0,1.1677022,0.0,0.15163751,0.31732935,0.0,0.08338575,0.39855826,0.0,0.0,0.27774334,0.0,0.0,0.0
0.0,0.319141,0.0,1.798047,0.0,0.0,0.0,0.0,0.7998316,0.5935611,0.32327586,0.0,1.426463,0.0,0.0,0.0,0.93137515,0.0,1.336799,0.8473404,0.0,0.0,0.38949195,0.0,0.0,0.38099316,1.3632599,0.0,0.1676399,0.0,1.6099467,1.1737167,0.35556096,0.37395376,0.75987226,0.29213417,0.09654848,0.0,0.0727078,0.0,0.0,0.0,0.032138783,0.0,0.0,0.53745306,0.0,0.44110033,0.0,0.0,0.30045998,0.35487327,1.593332,0.3145214,1.2824788,0.45570734,0.0,1.4310014,0.0,0.04712609,1.5419765,0.0,1.3364917,0.38571203,0.93496925,0.0,0.0,0.6323518,1.1420385,0.7812359,0.515644,0.32380304,0.9271947,1.0077717,0.0,0.8808201,0.16558014,0.0,0.0,0.29210842,0.0,0.0,1.2510703,0.0,0.0,1.78802,0.78508276,0.0,0.19176418,1.7553309,0.0,0.6371659,0.31982872,0.9649329,0.0,1.644542,1.6126369,0.18187876,1.4006443,0.0,1.6423506,0.0,0.0,1.3387471,1.0280858,1.3073183,0.0,0.6569391,1.4475002,0.0,0.39385957,0.010126495,0.0,1.6463866,0.3318979,0.99842715,0.0,0.0,0.0,0.15115687,0.0,1.235547,0.4273579,0.0,0.0,0.3638119,0.0,1.0994258,0.0
0.0,0.666587,0.5703801,1.281607,0.69134873,0.0,0.0,0.0,0.16890235,1.6369922,0.0,0.84284014,1.3839687,0.71147245,0.0,0.0,0.13407256,0.0,1.5271771,0.67489445,0.0,0.0,0.0,0.0,0.0,1.1541054,1.161493,0.0,1.0959406,0.0,1.2046362,0.59405786,0.16940814,0.0,1.0469499,1.0366739,0.8230118,0.0,0.66718405,0.0,0.60741526,0.0,0.0,0.0,0.0,0.642426,0.0,0.8352951,0.62157553,0.0,0.7123604,0.4443343,1.1577188,0.0,1.1727964,0.0,0.0,1.0660727,0.0,0.54512334,1.1711409,0.0,0.9683009,0.2574047,0.5191917,0.6868266,0.0,0.77388054,1.0158595,0.069067195,0.8268832,0.26876605,1.4921435,0.8996472,0.0,0.6669802,1.1297753,0.0,0.0,0.8957968,0.23182581,0.0,1.1548954,0.0,0.40210918,1.2851489,0.918571,0.23231195,0.27812138,1.0279495,0.47382993,0.26571396,0.0,1.3014134,0.0,1.312578,1.2301916,0.84276557,0.41769543,0.0,0.8654958,0.0,0.0,0.6129752,0.7326842,0.9684049,0.0,0.56067383,1.1803794,0.0,0.46270707,0.21634908,0.0,1.2157065,1.2393333,0.7966463,0.0,0.0,0.0,0.0,0.0,1.5410134,0.7259512,0.0,0.0,0.8631991,0.46669665,0.0,0.0
0.0,0.0,0.0,0.0,0.0,1.7726449,1.7130352,0.0,0.55233043,0.0,0.0,0.0,0.0,0.0,0.9617927,0.31789795,0.0,1.1506441,0.15467487,0.0,1.7981304,0.0,0.0,0.0,0.46174923,0.032744806,0.0,0.6512209,0.0,1.6084726,0.0,0.0,0.0,0.0,0.0,0.0,0.089324236,0.8541521,0.0,0.0,0.0,0.61499,0.0,0.0,0.18747824,0.0,0.86178464,0.41204524,0.0,0.0,0.8494381,0.0,0.0,0.0,0.0,0.0,0.4135057,0.0,1.6328722,0.13715982,0.0,1.2143449,0.0,0.0,0.0,0.13463259,0.0,0.0,0.0,0.0,0.0,0.0,0.0,0.0,1.3227448,0.0,0.0,1.6838422,0.0,0.0,0.0,1.2987916,0.0,0.20583513,0.93583256,0.0,0.03028441,1.1659919,0.0,0.0,0.0,0.1279621,0.0,0.0,0.0,0.0,0.0,0.44210112,0.0,0.7861209,0.0,1.8398334,1.0278127,0.0,0.016237214,0.12082365,1.6580448,0.0,0.0,1.4042182,0.0,0.0,0.28944713,0.0,0.0,0.0,0.15328632,1.6449043,0.9191725,0.0,1.7815136,0.0,0.5894433,0.52985686,1.5666473,0.0,0.0,0.0,0.0
0.0,0.47864628,0.0,0.0,0.0,1.0138259,0.68937534,0.0,0.8363368,0.2914264,0.0,0.0,0.0,0.0,0.0,0.4852973,0.0,0.15811278,0.18473476,0.0,1.0022119,0.0,0.0,0.0,0.0,0.7731357,0.18153942,0.0,0.8098137,0.85087526,0.15392256,0.0,0.0,0.0,0.0,0.43521392,0.7516634,0.0,0.37996835,0.0,0.0,1.0556155,0.0,0.0,0.0,0.0,0.19715287,0.0,0.7621481,0.04781048,0.2648719,0.0,0.21592163,0.0,0.14144458,0.13569425,0.6389883,0.0,0.8923997,0.7939108,0.0,0.12165627,0.0,0.0,0.024969278,0.0,0.0,0.0,0.0,0.0,0.26815233,0.0,0.32063922,0.0,0.70602447,0.0,0.5514457,0.66914487,0.35968637,0.599205,0.59138423,0.7838021,0.0,0.4510331,0.19475965,0.0,0.8743889,0.04294683,0.40996164,0.33505556,0.0,0.96030855,0.0,0.28724134,0.0,0.19035421,0.0,0.82782805,0.0,0.016112793,0.08929445,1.0288792,0.0,0.25037062,0.037622657,0.32374153,0.8409496,0.0,0.13705413,1.0766766,0.0,0.0,0.0,0.061915215,0.6945756,0.3528677,0.0,0.73043466,0.0,0.0,1.059722,0.44319466,0.22901519,0.0,0.75436765,0.53957355,0.75426155,0.42382264,0.0
0.46060306,0.0,0.77832294,0.80572355,0.13858274,0.0,0.0,0.49059945,0.0,0.0,0.010567901,0.8417435,1.1990829,0.0,0.0,0.0,0.22699684,0.0,0.0,0.26571423,0.0,0.27668157,0.024068005,0.690866,0.47988793,0.0,0.0,0.0,0.0,0.0,0.19427654,0.0,0.77454334,2.0179634,1.2367543,0.08874358,0.0,0.0,0.22141936,0.8046909,0.0,0.0,0.17340069,0.71807384,0.0,0.7217475,0.0,0.0,0.0,0.0,0.0,0.491855,0.0,0.0,0.0,0.31240085,0.02778615,1.2938983,0.0,0.0,1.2770839,0.0,1.1152287,0.016116671,1.3706144,0.0,0.31504324,0.0,1.597353,0.0,0.0,0.94586337,0.0,1.4008195,0.0,1.6018094,0.0,0.0,0.0,0.0,0.0,0.0,1.2738402,0.05147906,0.0,0.77892375,0.0,0.0,1.140178,0.22244218,1.0721753,0.0,0.0,0.0,0.69676745,0.56247264,1.0669503,0.0,1.0990376,0.28153777,1.1037383,0.0,0.0,0.0,0.0,0.0,0.0,1.2797959,0.069068775,0.0,1.2340096,1.1270323,0.0,0.5450804,0.0,0.11208006,0.0,0.0,0.0,0.0,0.0,0.0,0.0,0.23253784,0.0,0.0,0.0,0.4254692,0.0
0.12204502,0.0,0.22992145,0.0,0.0,0.2421885,0.23867226,0.069525465,0.0,0.0,0.0,0.0,0.0,0.0,0.55844295,0.32411814,0.0,0.07606734,0.0,0.0,0.20422316,0.21527807,0.0,0.3571207,1.0007716,0.0,0.0,0.9064883,0.0,0.4359282,0.0,0.0,0.0,0.0,0.0,0.0,0.0,0.96919054,0.0,0.79570055,0.06502986,0.10395532,0.0,0.61590207,0.0,0.0,0.0,0.0,0.0,0.0,0.0,0.0,0.0,0.0,0.0,0.0,0.262853,0.0,0.13675739,0.0,0.0,0.8351039,0.0,0.0,0.34762484,0.0,0.0,0.0,0.0,0.0,0.0,0.0,0.0,0.0,0.0,0.0,0.0,0.46751004,0.0,0.0,0.010140786,0.0,0.0,0.03267905,0.50768816,0.0,0.0,0.0,0.0,0.0,0.0,0.0,0.0,0.0,0.0,0.0,0.0,0.0,0.0,1.2131473,0.0,0.12400834,0.80269676,0.0,0.0,0.0,0.69791245,0.0,0.0,0.0,0.0,0.056218877,0.17114855,0.0,0.0,0.0,0.0,0.6395636,0.81885564,0.0,0.30516055,0.0,0.0,0.30803892,0.92640406,0.0,0.0,0.0,0.0
0.0,2.1695447,0.49128193,2.9797244,0.038459755,0.0,0.0,0.0,1.4579093,0.9787588,0.031995904,0.0,2.2799714,0.0,0.0,0.8182023,2.3258955,1.1321137,1.1005152,2.7487576,0.0,0.0,0.0,2.089371,0.0,0.13188991,0.015605342,0.0,0.051053714,0.0,0.5809127,0.0,0.0,0.5970154,0.49636963,0.3094562,0.0,0.0,0.6013992,0.9852813,0.06654198,0.7207724,0.0,0.0,0.0,0.0,0.0,1.0561949,0.0,1.0192124,0.0,0.0,1.1323488,0.0,0.0,1.7319422,0.72451866,2.9973016,0.0,0.0,1.7519495,0.0,2.752729,0.0,0.21927276,0.0,0.0,0.0,2.6423478,0.0,3.5333712,0.0,3.0245454,3.1674268,0.0,2.5178185,0.63723326,0.0,0.0,0.28920162,0.6226092,0.0,3.035948,0.6595304,0.18006368,2.8813002,0.0,0.29179427,0.13520533,3.1983256,0.8190675,1.4082576,0.0,3.2591455,0.0,2.4753551,3.259257,0.0,0.4738801,0.119587034,1.7456698,0.0,0.0,0.0,0.0,0.0,0.0,0.0,0.0,0.0,0.0,0.24176456,0.0,2.8565652,0.0,0.5130186,0.0,0.0,0.0,0.0,0.0,2.607757,0.8528888,0.0,0.0,0.16770993,1.0989401,1.5979137,0.0
0.0,0.0,0.0,0.5407573,0.27903607,0.24769652,0.41738135,0.0,0.0,0.9686065,0.0,0.3191126,0.6040989,0.4459968,0.0,0.0,0.0,0.0,0.8770505,0.0,0.14986326,0.0,0.0,0.0,0.0,0.6027552,1.8401691,0.0,0.52386343,0.20274241,1.4453661,1.3068668,0.0,0.0,0.5791321,1.0467433,0.6999339,0.0,0.72892606,0.0,0.0,0.0,0.0,0.0,0.0,0.82475036,0.29403752,0.08612011,0.59438133,0.0,0.632551,1.0231574,1.0578386,0.0,1.9520924,0.0,0.0,0.029617814,0.0,0.646349,0.8748743,0.0,0.0060001137,0.42016554,0.7776817,0.27660477,0.0,1.2556814,0.26958397,0.0015988187,0.0,0.8039377,0.10845252,0.0,0.32581228,0.0,0.07569294,0.0,0.29228187,1.13831,0.0,0.0,0.14813323,0.0,0.0,0.51468307,1.6327113,0.021236548,0.43817252,0.3158416,0.0,0.0,0.0,0.0,0.0,0.71946436,0.0,0.9568709,0.77514654,0.0,0.66194206,0.24941272,0.0,1.277413,1.549943,1.7077643,0.08148063,0.9134325,1.4019774,0.0,0.96036434,0.0,0.0,0.3794564,0.75455606,1.3606156,0.0,0.042238116,0.0,0.6591693,0.10894744,0.67577493,0.0,0.0,0.0,0.9940169,0.0,0.0,2.0
0.0,0.0,0.0,0.0,0.026507221,1.5923126,1.4646336,0.0,0.0,0.080792546,0.0,0.0,0.49497068,0.06863774,1.25415,0.26498163,0.0,0.3588165,1.4258763,0.0,1.0134425,0.3067596,0.0,0.0,0.0,0.49280292,0.51529205,0.052610885,0.6859027,1.1993788,0.0,0.17807318,0.0,0.0,0.13213007,0.0,0.0,1.0003166,0.0,0.0,0.0,0.0,0.0,0.0,0.0,0.24034473,1.9605266,0.10462039,0.0,0.16034582,1.6103575,0.0,0.046824247,0.0,0.6536315,0.0,0.0,0.0,0.9798285,0.0,0.12458223,0.9034837,0.0,0.0,0.0,0.26016173,0.0,0.0,0.0,0.0,0.588091,0.0,0.05103468,0.0,2.201212,0.0,0.0,0.54329807,0.0,0.0,0.23298855,0.8476163,0.0,0.13277565,0.855376,0.25358662,0.11169529,1.0232464,0.0,0.0,0.0,0.0,0.0,0.054166384,0.0,0.0,0.0,0.18777905,0.22316545,0.15673721,0.0,1.1087581,0.33763537,0.6259954,0.45036924,0.67905265,1.475857,0.0,0.21497665,0.6626287,0.0,0.0,0.0,0.8934102,0.0,0.41316882,1.0429794,1.8840772,1.220887,0.0,1.5051694,0.48085895,0.0,0.0,0.73232675,0.067507334,0.2241514,0.0,0.0
0.0005960607,0.0,0.22850701,0.0,0.7690912,0.0,0.0,0.65751565,0.0,0.0,0.0,1.0134363,0.0,0.7209545,1.0360672,0.037787583,0.0,0.0,0.0,0.0,0.0,0.62547815,0.0,0.0,0.016271245,0.0,0.0,1.123187,0.0,0.0,0.0,0.0,0.22736111,0.5584571,0.5013102,0.10425195,0.0,1.7571449,0.0,0.11770267,0.24318539,0.0,0.3107141,1.5424427,0.052879233,0.5282977,1.5033876,0.0,0.0,0.1467678,0.0,0.6560013,0.0,0.0,0.0,0.0,0.0,0.0,0.19156593,0.0,0.0,0.7476389,0.0,0.0,0.0,1.4024683,0.5634183,0.2780502,0.053694826,0.0,0.0,0.28866664,0.0,0.0,0.00017584833,0.37872088,0.0,0.0,0.0,0.0,0.0,0.0,0.0,0.0,0.0,0.0,0.0,0.0,0.09748632,0.0,0.41294023,0.0,0.0,0.0,0.26867622,0.0,0.0,0.0,1.0030271,0.45204878,0.0,0.0,0.0,0.0,0.0,0.0,0.0,0.053803585,0.0,0.0,0.39537078,0.68080187,0.16905877,0.0,0.0,0.0,1.5330596,0.81173694,1.8274522,0.0,0.0,0.0,0.0,0.4596185,0.0,0.0,0.0,0.0,2.0
0.0,1.4176937,0.9794735,1.7371844,0.77728707,0.0,0.0,0.0,0.5062971,2.0111744,0.11391762,0.9504967,1.8764797,0.6930901,0.0,0.0,0.4824107,0.0,2.181866,1.5635823,0.0,0.0,0.0,0.3825194,0.0,1.5300083,0.5927658,0.0,1.506272,0.0,0.93168634,0.0,0.45361137,0.0,1.3571861,0.9416654,0.76600283,0.0,0.5742965,0.0,0.8711532,0.0,0.0,0.15700008,0.0,0.47385514,0.0,1.2650785,0.49749175,0.20085335,1.0556813,0.0,1.0430784,0.0,0.5407784,0.018650351,0.16411695,1.618676,0.0,0.4583539,1.3574154,0.0,1.4845905,0.0,0.1799927,1.0125158,0.0,0.22783852,1.4100034,0.0,1.8072267,0.0,2.4251277,1.4441701,0.0,1.0056751,1.5425949,0.0,0.0,0.72190946,0.81496704,0.0,1.6705472,0.0,0.6996679,1.8572489,0.32571658,0.21552825,0.31607178,1.4309343,0.77945065,0.45583808,0.0,2.232375,0.0,1.496655,1.7875938,0.7478031,0.52119786,0.0,1.0033123,0.0,0.0,0.2191219,0.0,0.33918756,0.0,0.14413944,0.9746308,0.0,0.0,0.6568252,0.0,1.8511488,1.4495661,0.34960875,0.0,0.0,0.0,0.0,0.0,2.28834,1.2125155,0.0,0.0,0.64764017,1.1318468,0.25659502,0.0
0.0,0.0,0.0,1.067853,0.10675431,0.0,0.0,0.0,0.0,0.22796258,0.0,0.0,0.16992095,0.0,0.0,0.65862423,0.0,0.0,0.0,0.0,0.0,0.05896296,0.0,0.0,0.0,0.0,1.7960845,0.0,0.0,0.0,1.6097252,1.42589,0.0,1.0685177,0.0,1.415626,0.6490468,0.0,1.6076494,0.0,0.0,0.2090239,0.0,0.0,0.0,0.6361209,0.68305695,0.0,0.9402492,0.1501955,0.0,1.3755804,0.6462098,0.0,1.9786447,0.0,0.41961193,0.13224933,0.0,1.0203989,1.2629896,0.0,0.041723426,0.27090567,1.903615,0.0,0.14258824,1.0547091,0.44479826,0.0,0.0,1.6621274,0.0,0.26071128,0.19980115,0.4221649,0.0,0.0,1.4463509,1.7073311,0.0,0.0,0.24013469,0.7256683,0.0,0.51049995,1.8562378,0.0,1.3995769,0.9195689,0.0,0.19292161,0.0,0.0,0.0,1.4022008,0.0,0.86455727,0.7798308,0.0,1.5141523,0.0,0.0,1.5872612,1.7025547,1.7810128,0.0,1.8317565,1.0174655,0.0,1.6506332,0.0,0.0,0.11888661,0.05123635,2.1055715,0.006242667,0.0,0.0,0.4560998,0.0,0.20103969,0.0,0.0,0.0,1.6317791,0.0,0.0,0.0
0.0,0.0,0.0,0.0,0.5738832,0.33989227,0.36489287,0.07923841,0.0,0.2573947,0.0,0.6879511,0.0,0.50228876,1.0456245,0.7021886,0.0,0.0,0.0,0.0,0.24140266,0.40277106,0.0,0.0,0.0,0.11610985,0.0,0.636839,0.0,0.021013621,0.0,0.0,0.0,0.16550314,0.12871186,0.3686735,0.514503,1.5207977,0.45266318,0.0,0.0,0.0,0.0,0.44022962,0.0,0.2321372,2.002503,0.0,0.39374056,0.037452098,0.0,0.41834992,0.0,0.0,0.0,0.0,0.34646448,0.0,0.91930205,0.5378587,0.0,0.76891893,0.0,0.0,0.0,0.8362453,0.32187268,0.15298265,0.0,0.0,0.0,0.0,0.0,0.0,0.5092916,0.0,0.0,0.6964485,0.0,0.2848466,0.53995806,0.83243597,0.0,0.6268841,0.0,0.0,0.0,0.0,0.072913386,0.0,0.1669635,0.0,0.0,0.0,0.0,0.0,0.0,0.64097667,0.85817635,0.46604708,0.0,0.7218204,0.0,0.0,0.0,0.0,0.042352665,0.0,0.0,0.9394836,0.0,0.0,0.0,0.0,0.564833,0.0,1.9189597,1.2239963,1.4068038,0.0,0.2686736,0.0,0.0,0.03444985,0.7810871,0.02189761,0.0,0.0,0.0
0.14407851,0.0,0.59563506,0.0,1.6575164,0.24918634,1.4237721,0.0,0.0,1.6642675,0.0,1.7447859,0.0,1.8314973,0.14998992,0.5360474,0.0,0.0,0.0,0.0,0.18255863,1.1502055,0.0,0.0,0.0,0.7936531,0.0,0.58786404,0.52403295,0.0,0.0,0.0,0.171142,0.5573856,0.0,1.6595027,1.3765609,0.54444957,1.388909,0.0,0.0,0.0,0.0,0.5571873,0.0,0.3942298,0.0,0.0,1.3619008,0.0,0.0,0.2930244,0.0,0.0,0.0,0.0,0.9940168,0.0,0.0,1.2981628,0.027575172,0.01200156,0.0,0.3711071,0.0,0.0,1.0087501,0.81530964,0.39486507,0.0,0.0,0.26193988,0.0,0.0,0.0,0.0,1.2465055,0.0,0.51309514,1.2910445,0.1772737,0.35089883,0.027338931,0.46932143,0.0,0.0,0.59049594,0.19516599,1.1791065,0.0,1.0213379,0.0,0.0,0.0,0.0,0.0,0.0,1.6803758,0.0,0.5775735,0.0,0.5266346,0.0,0.0,0.0,0.0,0.0,0.5120367,0.0,0.06816884,0.6144055,0.50220275,0.0,0.0,1.2786419,0.0,1.4406501,0.0,0.357813,0.0,0.019721309,0.14731914,0.0,0.0,0.0,0.8982026,0.0,0.0,0.0
0.0,1.517967,1.1712743,2.85043,0.8376331,0.0,0.0,0.0,0.31042147,1.8677638,1.2108568,1.0462304,3.6325727,0.5824855,0.0,0.0,1.3706945,0.09040881,3.582444,3.3718731,0.0,0.0,0.0,1.4610484,0.0,1.2652763,0.5092375,0.0,1.3706383,0.0,1.1573855,0.043540806,1.2778602,0.0,2.5732634,0.0,0.0,0.0,0.0,0.52902806,1.284236,0.0,0.0,0.7070199,0.0,0.71181226,0.0,2.2877102,0.0,0.0,1.7632703,0.0,1.606622,0.0,0.36442018,0.37290877,0.0,3.272083,0.0,0.0,2.184183,0.0,3.0464058,0.0,0.10024772,1.5953922,0.0,0.0,2.793089,0.89088976,2.589132,0.0,3.3370738,2.9020247,0.0,2.1636527,1.3191885,0.0,0.0,0.0,0.4711335,0.0,3.1087968,0.0,1.0592098,3.2920601,0.0,0.27389014,0.0,2.5585527,0.8779201,0.0,0.78767663,3.2868366,0.17156003,2.1696196,3.5065367,0.0,1.0233046,0.0,1.8423243,0.0,0.0,0.28774792,0.0,0.10942337,0.0,0.0,1.3374035,0.0,0.0,1.632785,0.0,3.4645352,0.7847938,0.08723465,0.0,0.0,0.0,0.0,0.0,2.6127017,2.0227191,0.0,0.0,0.0,1.2652116,0.7502021,0.0
0.20148502,0.0,0.24856143,0.0,0.7941157,0.0,0.0,0.049439024,0.0,0.0,0.6928387,0.9909756,0.0,0.88096535,1.3590808,0.0,0.0,0.5587886,0.0,0.09617703,0.0,0.98577785,0.0,0.19866933,0.45588544,0.0,0.0,1.0523076,0.0,0.0,0.0,0.0,0.0,0.59121406,0.0,0.0,0.0,1.2839735,0.0,0.69673544,0.9281806,0.0,1.1393456,1.3103911,0.9160726,0.0,0.6631171,0.0,0.0,0.61264855,0.0,0.0,0.0,0.0,0.0,0.0,0.0,0.0,0.21106459,0.0,0.0,1.0054486,0.0,0.0,0.0,1.4996798,0.6757016,0.0,0.0,0.03981916,0.0,0.0,0.0,0.0,0.0,0.28030327,0.0,0.0,0.0,0.0,0.0,0.0,0.0,0.0,0.020976987,0.0,0.0,0.60145503,0.0,0.0,0.47311506,0.0,0.46407518,0.0,0.33199036,0.0,0.0,0.0,0.30586162,0.53045285,0.0,0.0,0.60286707,0.0,0.0,0.0,0.0,0.0,0.0,0.0,0.0,0.3710226,0.9529147,0.0,0.0,0.0,1.5268867,0.87507993,1.2120306,0.35362232,0.0,0.0,0.0,0.9547962,0.0,0.0,0.0,0.0,0.0
0.0,0.0,0.20379277,0.0,0.49355444,0.0,0.0,0.8057768,0.0,0.25694886,0.0,0.6353452,0.0,0.37160572,0.05063732,1.5676636,0.0,0.0,0.0,0.0,0.0,0.0,0.0,0.0,0.0,0.0,0.0,0.02161333,0.0,0.0,0.0,0.0,0.0,1.0807647,0.7304939,1.4593294,0.89103895,1.1359869,1.1822145,0.0,0.0,0.0,0.0,0.0,0.0,0.83771396,2.1487978,0.0,1.1662263,0.0,0.0,1.1818802,0.0,0.0,0.0,0.0,0.42626297,0.0,0.14244534,1.3200109,0.19675858,0.0,0.0,1.4528335,0.0,0.0,0.12993816,1.1948459,0.3287041,0.0,0.0,0.9151036,0.0,0.19135356,0.03272314,0.7807269,0.110116616,0.8239573,0.995137,1.6357118,0.832438,1.5219971,0.07176253,1.8642988,0.0,0.0,0.52707934,0.0,1.5815326,0.0,0.308951,0.0,0.0,0.0,0.0,0.0,0.0,1.0486175,1.5231273,0.0,0.0,0.27134472,0.0,0.0,0.0,0.0,0.0,0.8887937,0.0,1.1099367,0.6347107,0.0,0.0,0.0,0.7492358,0.15206033,1.4723428,0.21319573,1.0486783,0.0,0.0,0.0,0.0,0.0,1.0544363,0.8034182,0.0760274,0.0,0.0
1.9848169,0.0,1.0906485,0.0,3.2860477,0.0,0.8232462,3.7443101,0.0,0.0,3.121519,2.298965,0.2417263,2.6897304,0.5833662,0.0,4.7401066,1.4903525,0.0,0.0,0.0,4.263847,1.5829518,4.070934,3.1426518,0.0,0.0,0.3077114,0.0,0.0,0.0,0.0,1.2069982,0.25818604,0.0,0.0,0.0,0.69611204,0.0,4.7223425,0.4835579,0.0,2.220501,2.152632,3.1094906,0.0,0.0,0.756313,0.0,3.5780463,0.0,0.0,0.0,2.3481395,0.0,3.8317769,0.0,0.0,0.0,0.0,0.0,0.0,0.0,0.0,0.0,0.7030656,3.8464477,0.0,0.35296237,0.052698098,1.7154421,0.0,0.0,1.1718411,1.4192712,1.0668262,0.0,0.0,0.0,0.0,0.0,0.0,0.51379937,0.0,0.8939875,0.0,0.0,1.513959,0.41678965,0.0,1.8075012,0.0,1.4615405,0.009355013,4.2099733,0.0,0.0,0.0,0.0,0.9417659,0.0,0.0,2.548909,0.0,0.0,0.0,0.0,0.0,0.0,0.0,0.0,2.2550998,3.0466962,0.0,0.0,0.0,0.73082244,0.0,1.4968808,0.0,0.0,0.23814261,1.2339827,2.4364944,0.0,0.0,0.0,1.2456218,0.0
0.0,0.0,0.0,1.1016597,0.0,0.0,0.0,0.009517551,0.35371733,0.0,0.0,0.0,0.17053959,0.0,0.0,0.32751906,0.24844408,0.0,0.0,0.0,0.0,0.0,0.0,0.74633867,0.0,0.0,1.4491926,0.0,0.0,0.0,1.7428644,0.98988,0.0,1.4047893,0.0,0.6616775,0.0,0.0,1.1587331,0.0,0.0,0.5901044,0.0,0.0,0.0,0.45453113,0.20332648,0.0,0.20827943,0.0,0.0,1.3756624,0.030318221,0.0,1.589793,0.5023176,5.362008e-05,0.49533352,0.0,0.3477868,1.4617585,0.0,0.42550546,0.0,3.0283957,0.0,0.0,0.43283337,0.47915038,0.0,0.0,1.9428309,0.0,0.52168185,0.0,0.6960521,0.0,0.0,0.34171587,0.8715425,0.0,0.0,0.33255628,0.41911414,0.0,0.5126131,1.0244308,0.0,0.95017445,0.677082,0.12611865,0.443933,0.0,0.0,0.0,1.4470303,0.27545223,0.0,0.6842974,0.0,2.3321214,0.0,0.0,1.4979398,1.2612219,1.3280193,0.0,2.0743184,1.2126662,0.0,1.8121408,0.0,0.025631864,0.03635156,0.0,2.3006823,0.0,0.0,0.0,0.0,0.0,0.0,0.0,0.0,0.0,1.0743561,0.0,0.8228352,0.0
0.0,1.2219726,0.12416416,0.37439293,0.29772452,0.6070367,0.33917013,0.0,0.7374378,1.3520627,0.0,0.22709346,0.18058302,0.18702689,0.23950388,1.2554605,0.0,0.36185545,0.9537472,0.6196428,0.494435,0.029368153,0.0,0.0,0.50709563,1.598089,0.0,0.45423713,1.6439971,0.30192342,0.0,0.0,0.0,0.0,0.10234485,0.7465966,1.0804188,0.16146249,0.61049724,0.0,0.0,0.85014284,0.0,0.0,0.0,0.0,0.42359957,0.2864598,0.99614894,0.7789296,0.7539209,0.0,0.0,0.0,0.0,0.0,1.3942926,0.0,0.8530935,1.1238081,0.12571883,0.0027520305,0.0,0.0,0.0,0.21289062,0.22534153,0.0,0.0,0.0,1.6904361,0.0,1.5924921,0.0,0.47056213,0.0,1.3047343,0.19607437,0.0,0.69082826,2.01636,0.90505403,0.0,1.1422606,0.42293644,0.6713028,0.0,0.10434598,0.8632477,0.48948446,0.30681282,0.6367658,0.0,1.3935903,0.0,0.06963375,0.0,1.2455481,0.18859646,0.78797084,0.0,0.6367498,0.5434108,0.0,0.0,0.0,0.41428012,0.0,0.0,1.0757091,0.0,0.0838715,0.0,0.9133605,1.4479203,0.0,0.38871428,0.5599327,0.23215193,0.0,0.9041481,1.5698899,0.65772235,0.0,0.6333725,0.44854245,1.8068985,0.0,0.0
2.6919725,0.46624297,2.2731185,0.0,1.4392084,0.0,0.0,2.3486261,0.0,0.0,0.7167251,1.9732672,0.0,1.5537881,0.51946956,0.0,2.9017308,0.0,0.0,0.0,0.0,1.9957606,1.093159,3.2029126,0.0,0.0,0.16951522,0.0,0.0,0.0,0.0,0.16191311,0.0,1.9000473,1.0784026,0.0,0.0,0.35364386,0.0,1.4729604,2.4580302,0.0,1.2856739,0.458978,2.4577324,0.31793493,0.9130859,0.0,0.0,2.908594,0.0,0.75319296,0.0,1.789283,0.0,3.440944,0.0,0.0,0.0,0.0,0.0,0.0,0.053872775,0.090990245,0.24459094,0.5771691,2.0300968,0.2616178,0.389405,0.0,0.0,0.75300497,0.0,0.0008759725,0.0,1.6784717,0.0,0.0,0.46206167,0.6056521,0.0,0.0,0.0,0.0,0.0,0.0,1.1365142,0.0,0.48535776,0.0,2.1412032,0.7980808,0.20409118,0.0,0.7420593,0.0,0.0,0.0,0.09321747,0.0,0.0,0.0,0.0,0.0,0.0,0.0,0.0,0.6446956,0.0,0.0,0.99215025,0.0,2.225256,0.0,0.0,1.0026256,1.0973747,0.0,0.536213,0.7631174,0.0,0.0,0.0,1.8607297,0.0,0.0,0.0,1.6717315,0.0
0.0,1.0573006,0.0,1.7361201,0.0,0.0,0.0,0.0,1.3089573,0.51283526,0.0,0.0,0.5678281,0.0,0.0,0.8951403,1.1915228,0.37607107,0.0,0.3504742,0.0,0.0,0.0,0.48823312,0.0,0.026699286,0.87854105,0.0,0.0,0.0,1.0458822,0.24134785,0.0,0.5415501,0.0,0.92529047,0.33124787,0.0,1.0142035,0.0,0.0,1.1312633,0.0,0.0,0.0,0.0,0.0,0.0,0.45056933,0.6311718,0.0,0.0,1.0254375,0.0,0.9113755,1.0857235,0.84928,1.1308306,0.0,0.814108,1.126886,0.0,0.9874137,0.0,0.95118165,0.0,0.0,0.0,1.0255659,0.0,1.4922601,0.13452551,1.1452419,1.2495217,0.0,1.0781424,0.15873419,0.0,0.8804468,1.1142554,0.0,0.0,1.237331,0.86943626,0.0,1.3589939,0.9711112,0.0,0.7329935,1.8024875,0.13560928,1.6028869,0.0,1.2690464,0.0,1.7591187,1.2784697,0.5805344,0.61471885,0.0,1.3076534,0.0,0.0,0.6709769,0.58765507,0.9660696,0.0,0.3790558,0.35414436,0.0,0.016944937,0.0,0.0,1.0810632,0.08611942,1.180345,0.0,0.0,0.0,0.0,0.0,1.5185673,0.0,0.0,0.0,0.9042974,0.12663276,1.1365374,0.0
0.07918565,0.0,0.096499994,0.0,0.0,0.3108414,0.32227078,0.0,0.0,0.0,0.026709579,0.0,0.0,0.0,0.81168413,0.3153959,0.0,0.7138411,0.0,0.0,0.25040638,0.0,0.0,0.16091406,1.2066439,0.0,0.0,1.3506866,0.0,0.6017407,0.0,0.0,0.0,0.0,0.0,0.0,0.0,1.1091834,0.0,0.9320759,0.2183659,0.09806872,0.16196053,0.8905733,0.009703544,0.0,0.0,0.0,0.0,0.0,0.0,0.0,0.0,0.0,0.0,0.0,0.24743758,0.0,0.13335247,0.0,0.0,1.1760811,0.0,0.0,0.0,0.0,0.0,0.0,0.0,0.0,0.0,0.0,0.0,0.0,0.0,0.0,0.0,0.4688873,0.0,0.0,0.0,0.0,0.0,0.0,0.9952699,0.0,0.0,0.40281713,0.0,0.0,0.0,0.0,0.0,0.0,0.0842271,0.0,0.0,0.0,0.0,1.4093854,0.0,0.12078388,1.295844,0.0,0.0,0.0,0.94864285,0.0,0.0,0.0,0.0,0.19876625,0.3896198,0.0,0.0,0.0,0.0,0.7038868,1.0553287,0.0,0.40514413,0.0,0.0,0.5378889,0.87964946,0.0,0.0,0.0,0.0
0.121473275,0.0,0.063503,0.0,0.0,0.0773114,0.0,0.0,0.10354209,0.0,0.11463898,0.0,0.0,0.0,0.03140067,0.29768363,0.0,0.79812515,0.0,0.18646361,0.0,0.0,0.3663374,0.015174931,0.38707268,0.0,0.044621993,0.6249137,0.0,0.10284986,0.0,0.0,0.0,0.0,0.0,0.0,0.0,0.0,0.0,0.0,0.16180128,0.10249838,0.5091743,0.0,0.48327613,0.0,0.0,0.7143717,0.0,0.0,0.0,0.0,0.665385,0.11085111,0.20625454,0.0,0.27076656,0.0,0.0,0.0,0.0,0.43651342,0.0,0.0,0.0,0.0,0.0,0.0,0.0,0.29015446,0.10606089,0.0,0.18461494,0.0,0.0,0.0,0.08157907,0.0,0.45797986,0.0,0.0,0.05656896,0.0,0.12900259,0.6987206,0.0,0.0,0.7094834,0.0,0.14493643,0.0,0.08661781,0.24430647,0.28171447,0.0,0.111629166,0.0,0.0,0.0,0.42099196,0.0,0.0,0.6239834,0.0,0.49739498,0.324723,0.44332564,0.0,0.0,0.0,0.0,0.0,0.3144213,0.0,0.0,0.0,0.0,0.3477058,0.0,0.09387338,0.0,0.0,0.67041236,0.14192472,0.0,0.0,0.0,0.0,0.0
0.48927802,0.0,0.5193593,0.0,0.79426247,0.0,0.0,0.094450146,0.0,0.0,0.0,1.3368316,0.0,0.8201458,1.4105808,0.0,0.0,0.0,0.0,0.056727268,0.0,0.7995636,0.0,0.42126966,0.0,0.0,0.0,0.13701802,0.0,0.0,0.0,0.0,0.0,0.942468,0.8280353,0.20046885,0.0,1.4373055,0.09121045,0.0,1.2658259,0.0,0.16729285,0.29447648,0.29985598,0.4558254,1.8803293,0.0,0.15885174,0.80472785,0.0,0.40394378,0.0,0.0,0.0,0.0,0.0,0.0,0.6825039,0.0,0.0,0.74473655,0.0,0.0,0.0,0.9420385,0.61112285,0.055748876,0.15081328,0.0,0.0,0.25227267,0.0,0.0,0.0,0.7898263,0.0,0.0,0.051338647,0.32092094,0.12580907,0.0,0.0,0.0,0.0,0.0,0.26766863,0.0,0.0,0.0,0.70157593,0.0,0.0,0.0,0.0,0.0,0.0,0.0,0.99401003,0.0,0.0,0.0,0.0,0.0,0.0,0.0,0.0,0.0,0.0,0.0,0.03189951,0.0,0.102871895,0.0,0.0,0.63248986,2.233957,1.1036718,1.2513844,0.0,0.0,0.0,0.0,0.3821846,0.0,0.10680161,0.0,0.0,0.0
0.0,0.0,0.0,0.0,0.0,1.1875374,0.9669068,0.0,0.48246488,0.0,0.0,0.0,0.0,0.0,0.26838648,0.0,0.0,0.27638662,0.09617946,0.0,1.1325411,0.0,0.29959592,0.0,0.0,0.15658495,0.45150048,0.0,0.31944928,1.1313941,0.20797247,0.35852432,0.0,0.0,0.0,0.0,0.22931434,0.075258,0.0,0.0,0.0,0.50961715,0.0,0.0,0.35691515,0.0,0.0,0.19730234,0.076621525,0.0,0.52129793,0.05148013,0.40851888,0.18918705,0.47251832,0.0,0.082735345,0.0,0.7569377,0.18928011,0.0,0.54148495,0.0,0.023636393,0.0,0.0,0.0,0.024453344,0.0,0.20657599,0.0,0.0,0.0,0.0,0.88513833,0.0,0.0,0.82773143,0.24835399,0.0,0.0,0.7291015,0.0,0.0,0.3402155,0.0,0.6477683,0.24359165,0.0,0.0,0.0,0.42337784,0.0,0.0,0.0,0.0,0.0,0.3499157,0.0,0.0,0.0,1.079478,0.11838758,0.47864982,0.55852437,0.6566659,1.1324002,0.0,0.27887732,0.753537,0.0,0.0,0.24287021,0.0,0.0423744,0.23538473,0.0,0.9680333,0.056616582,0.395447,1.0991981,0.0,0.33098492,0.17765014,0.7077957,0.1058636,0.0,0.16977572,0.0
1.3691982,2.4557798,2.953062,1.2380502,0.13826688,0.0,0.0,0.0,1.0248672,2.144428,0.0,1.2107832,1.3527348,0.0,0.33471805,0.36214948,0.10483934,0.0,1.3097214,1.5919577,0.0,0.0,0.0,1.4431388,0.0,2.0335543,0.0,0.14500976,2.5331848,0.0,0.7127491,0.0,0.14179303,0.0,1.1034398,0.96458936,0.9991814,0.0,0.7555589,0.0,2.4655116,0.6086477,0.0,0.56265306,0.0,0.03058181,0.0,0.9573626,0.7585951,0.0,0.86368954,0.0,0.0,0.0,0.0,0.0,0.55670476,1.0556746,0.0,0.77979153,0.9446818,0.0,1.0153613,0.0,0.8184654,1.1675315,0.0,0.0,0.73415697,0.0,1.8467724,0.0,2.901321,1.0022981,0.0,0.531892,2.8273213,0.0,0.0,0.5208733,2.08055,0.0,1.1961865,0.18429819,1.2087134,1.2083479,0.0,0.0,0.04178952,0.6894103,1.4977791,0.79198813,0.0,2.7587118,0.0,1.2411803,1.207209,0.5609827,0.0,0.64033633,1.1414658,0.0,0.0,0.0,0.0,0.0,0.0,0.37432784,0.96670514,0.0,0.0,0.5285717,0.0,1.0164571,1.7130859,0.19204804,0.0,0.0,0.0,0.0,0.0,2.4075503,0.93215567,0.0,0.0,0.45993575,2.5626895,0.2063688,1.0
0.0,0.38780707,0.0,1.0539544,2.303768,0.3710252,0.0,0.0,0.0,1.4054642,0.0,1.1922609,2.5372367,2.1826801,1.3076476,1.0149672,0.0,0.0,2.0744357,0.0,0.0,2.8085306,0.0,1.3661604,0.0,1.0024104,1.1762679,0.0,1.5734649,0.0,0.5288456,0.4659503,0.0,0.0,2.3778348,1.0283034,0.0,0.16563149,0.9442884,0.0,0.0,0.0,0.0,0.0,0.0,1.6491598,2.609185,0.0,0.0,3.4276912,2.0016224,0.030441798,0.016495816,0.0,1.4103941,0.365509,0.05577797,1.5547268,0.0,0.0,1.5878801,0.0,0.829259,0.0,0.40914333,0.746196,2.0810144,0.0,1.5084953,0.0,3.363211,0.42864043,2.2153432,1.8337394,2.246845,1.4268664,0.0,0.0,1.5262613,1.7013454,2.0199332,0.0,1.5919275,0.383642,0.9012508,1.4968152,0.68924963,0.487601,0.98707086,0.27189976,0.03866739,0.0,0.0,2.3378267,0.0,1.1168768,0.0,0.0,0.0,0.0,0.45866582,0.0,0.0,1.2568527,0.48806968,0.77593666,0.57019114,0.29433563,0.6286002,0.0,0.18793997,0.0,0.0,2.1853552,0.14578342,1.2579063,2.5136528,1.2362131,1.1919831,0.0,0.16049746,2.3532329,0.0,0.0,0.0,1.608817,1.3663366,0.0,0.0
0.1951293,0.7306617,0.041641727,0.3914127,0.0,0.99332064,0.4568241,0.15782559,0.47766396,0.5492321,0.0,0.0,0.14255354,0.12007018,0.0,0.0,0.0,0.0,0.6777349,0.0,0.9045982,0.061182603,0.15819602,0.0,0.0,1.1173749,0.3989756,0.0,1.1474463,0.7811769,0.65259993,0.6847226,0.05661855,0.0,0.36011562,0.76794577,0.8769465,0.0,0.25881404,0.0,0.0,0.5847363,0.0,0.0,0.019181015,0.53576636,0.6503595,0.0,0.99880743,0.42159557,0.73512554,1.0462329,0.20460473,0.21743776,0.21534076,0.3335371,0.0,0.0,0.55349886,0.69996,0.561582,0.0,0.0,0.86268246,0.61502844,0.0,0.097128235,1.1292812,0.0,0.0,0.32252756,0.8637469,0.5892015,0.0,0.9665518,0.0,0.8277727,0.40409318,0.043073922,0.9367227,1.0782435,0.30263168,0.0,0.0,0.0,0.420807,1.0031363,0.0,1.148781,0.3298101,0.0,0.7250875,0.0,0.4600903,0.0,0.5743044,0.0,0.64812773,0.50424707,0.0,0.7734784,0.8868088,0.0,0.94174826,0.0005689291,0.19673216,0.69656867,0.5527958,0.94518876,0.9500484,0.67824906,0.0,0.0,0.47482488,1.1014944,0.3604682,0.44533527,0.6758564,0.0,0.4398836,0.95042354,0.72699374,0.0,0.0,0.51255006,0.81632495,0.98370695,0.49980927,0.0
0.0,0.0,0.0,0.0,0.5513458,0.04574103,0.0,0.0,0.0,0.0,0.0,0.7360794,0.0,0.5663884,1.2098516,0.1879052,0.0,0.2777997,0.0,0.15607363,0.0,0.6545683,0.0,0.0,0.32956955,0.0,0.0,0.85330904,0.0,0.0,0.0,0.0,0.0,0.43983248,0.0,0.0,0.0,1.263372,0.0,0.062770545,0.5283708,0.0,0.55678684,0.7094551,0.35709426,0.0,1.1008089,0.0,0.0,0.3109759,0.0,0.0,0.0,0.0,0.0,0.0,0.00078461977,0.0,0.5802677,0.0,0.0,0.9392758,0.0,0.0,0.0,1.0147429,0.40184504,0.0,0.0,0.0,0.0,0.0,0.0,0.0,0.0,0.121554144,0.0,0.16106112,0.0,0.0,0.0,0.25685915,0.0,0.0,0.0,0.0,0.0,0.418141,0.0,0.0,0.22916551,0.0,0.0,0.0,0.0,0.0,0.0,0.0,0.40323415,0.55047125,0.0,0.11527258,0.34541988,0.0,0.0,0.0,0.0,0.0,0.0,0.023636278,0.0,0.0,0.3800161,0.0,0.0,0.0,1.6467018,1.0448288,1.1119553,0.0,0.0,0.0,0.0,0.5650508,0.26630464,0.0,0.0,0.0,0.0
0.0,0.23197076,0.0,0.7671547,0.0,0.0,0.0,0.0,0.8741007,0.6922927,0.0,0.0,0.0,0.0,0.0,0.14255476,0.10683098,0.0,0.0,0.0,0.15169707,0.0,0.0,0.0,0.0,0.5131947,1.5700077,0.0,0.25989506,0.024808757,1.5050329,1.0770173,0.0,0.13484727,0.0,1.3031156,1.0512589,0.0,0.97278756,0.0,0.0,0.68814737,0.0,0.0,0.0,0.3121721,0.0,0.0,1.1496793,0.0,0.0,0.9832918,1.0222855,0.0,1.5141785,0.033044238,0.43519384,0.0,0.0020514533,1.183664,0.6937427,0.0,0.0,0.2864913,1.2527924,0.0,0.0,1.0499979,0.0,0.0,0.0,1.0574137,0.17176096,0.0,0.0,0.0,0.32430193,0.0,0.56507,1.4470466,0.0,0.0,0.0,0.23301715,0.0,0.37037313,1.8474281,0.0,0.93026125,0.5397702,0.0,1.1467303,0.0,0.060653526,0.0,1.0002065,0.06268933,1.2380252,0.8245462,0.0,0.9587051,0.15055612,0.0,1.2682194,1.1967179,1.4801378,0.0,0.9763818,1.1410639,0.0,0.9496492,0.0,0.0,0.015958913,0.8147139,1.3850625,0.0,0.0,0.0,0.46496302,0.0,0.89062136,0.0,0.0,0.0,1.1958784,0.0,0.48063993,0.0
0.0,0.0,0.0,0.0,0.101506166,0.5370066,0.44912124,0.0,0.0,0.0,0.0,0.1297292,0.0,0.16399688,0.992299,0.6862689,0.0,0.5997103,0.0,0.0,0.41752714,0.33449486,0.0,0.0,0.5690384,0.0,0.0,1.0152036,0.0,0.42083773,0.0,0.0,0.0,0.0,0.0,0.0,0.14413574,1.0891424,0.0,0.0,0.0,0.0,0.30383572,0.40908808,0.0890125,0.0,0.8431252,0.0,0.0,0.0,0.0022101146,0.0,0.0,0.0,0.0,0.0,0.50498223,0.0,0.84670275,0.12267827,0.0,1.003686,0.0,0.0,0.0,0.6399738,0.106046885,0.0,0.0,0.0,0.0,0.0,0.0,0.0,0.11349508,0.0,0.0,0.7539356,0.0,0.0,0.0,0.8296427,0.0,0.4558491,0.38092706,0.0,0.0,0.68996215,0.0,0.0,0.0,0.0,0.0,0.0,0.0,0.0,0.0,0.4141566,0.0,0.8469216,0.0,0.66825527,0.67446536,0.0,0.0,0.0,0.5233769,0.0,0.0,0.59395456,0.0,0.0,0.21039498,0.0,0.0,0.0,1.1648867,1.1728007,1.05582,0.0,0.487008,0.0,0.0,0.42263505,0.8375844,0.0,0.0,0.0,2.0
1.0553911,0.4277324,1.0913976,0.0,0.0,1.3153776,0.9711236,0.0,0.3586577,0.0,0.0,0.0,0.0,0.0,1.3370731,0.004849218,0.0,0.0,0.0,0.0,1.1275586,0.0,0.0,0.27608466,0.13304453,0.57939816,0.19899148,0.62660784,1.3665794,1.5687597,0.38830742,0.18180804,0.0,0.0,0.0,0.0,0.34362376,1.34104,0.0,0.0,1.0600495,0.68851984,0.0,0.19874406,0.0,0.0,0.0,0.0,0.37629476,0.0,0.69887483,0.87954,0.0,0.0,0.09351402,0.0,0.09258486,0.0,0.6033318,0.18373743,0.0,1.4825131,0.0,0.0,1.0109696,0.2648565,0.0,0.2460628,0.0,0.0,0.0,0.6651502,0.17188844,0.0,0.83440167,0.0,0.95807356,0.41473243,0.0,0.039897,0.7181995,0.0,0.0,0.0,1.0267668,0.0,0.067505255,0.0,0.0,0.0,0.0,0.15043607,0.0,0.0,0.0,0.0,0.0,0.0,0.0,0.60038155,0.20122953,0.932443,0.42283332,0.2855041,0.0,0.19570923,1.7727337,0.68990415,0.65200216,0.37684417,0.74115545,0.0,0.0,0.0,0.26546556,0.20894499,0.24805929,1.493628,1.2438763,0.0,1.2637656,0.0,0.0,0.0,0.87626034,0.06740405,0.88215566,0.0,0.0
0.5544454,0.31054476,0.6301201,0.0,0.0,1.3702185,1.1813334,0.0,0.709717,0.0,0.0,0.0,0.0,0.0,0.86261845,0.0,0.0,0.0,0.0,0.0,1.4087943,0.0,0.0,0.006747028,0.0,0.62382764,0.69000375,0.0,1.2600743,1.588831,0.75919724,0.23032206,0.0,0.0,0.0,0.17827101,0.4661609,1.0471262,0.30017883,0.0,0.43187672,0.9593798,0.0,0.0,0.0,0.0,0.0,0.0,0.44202214,0.0,0.54043394,0.70592237,0.0,0.0,0.59481245,0.0,0.10110581,0.0,0.9104449,0.43771094,0.0,1.1609128,0.0,0.0,1.1860068,0.0,0.0,0.04948787,0.0,0.0,0.0,0.48827842,0.0,0.0,1.0685762,0.0,0.76328534,0.6012551,0.0,0.33547977,0.4598862,0.0,0.0,0.0,0.9070064,0.0,0.62672985,0.0,0.0,0.0,0.0,0.4177305,0.0,0.0,0.0,0.0,0.0,0.1743742,0.0,0.49400645,0.6561823,1.1972686,0.049970124,0.5494981,0.23969002,0.7218887,1.6923287,0.5121311,0.80786616,0.69632566,0.4210124,0.0,0.0,0.0,0.32583603,0.9715409,0.0,1.3656977,0.89549524,0.0,1.4123812,0.23920867,0.0,0.0,0.88482213,0.28190878,0.77000225,0.25643232,0.0
0.59361696,0.0,0.64102805,0.0,0.7649459,0.0,0.0,0.6246867,0.0,0.0,0.0,1.1838404,0.0,0.7779536,1.0670716,0.0,0.0,0.0,0.0,0.0,0.0,0.75188804,0.0,0.56326383,0.0,0.0,0.0,0.14678305,0.0,0.0,0.0,0.0,0.0,1.049588,0.6524868,0.0,0.0,1.2884566,0.0,0.109868966,1.0729595,0.0,0.643234,0.686175,0.7528936,0.4040274,1.516657,0.0,0.0,0.71304417,0.0,0.45219976,0.0,0.0,0.0,0.042184837,0.0,0.0,0.28849596,0.0,0.0,0.5510724,0.0,0.0,0.0,0.99054873,0.64941156,0.14270972,0.16141501,0.0,0.0,0.30816826,0.0,0.0,0.0,0.7762502,0.0,0.0,0.0,0.0,0.0,0.0,0.0,0.0,0.0,0.0,0.0,0.0,0.0,0.0,0.6778281,0.0,0.0,0.0,0.0,0.0,0.0,0.0,0.95988315,0.0,0.0,0.0,0.0,0.0,0.0,0.0,0.0,0.06256207,0.0,0.0,0.21422836,0.0,0.66395247,0.0,0.0,0.28312546,1.7150043,0.71969485,1.1680409,0.0,0.0,0.0,0.0,0.8580163,0.0,0.0,0.0,0.0,0.0
0.0,0.5718958,0.03527285,0.0,0.0,0.46041822,0.0,0.0,0.40324667,0.09689263,0.0,0.0,0.0,0.0,0.34924698,0.75129586,0.0,0.8885392,0.57373714,0.78278714,0.009909565,0.054206405,0.0,0.026106803,0.74863696,0.41566837,0.0,0.79069835,0.54029876,0.28315088,0.0,0.0,0.0,0.0,0.0,0.0,0.011444847,0.0,0.0,0.0,0.13905467,0.48437256,0.0,0.0,0.0,0.0,0.0,0.5960384,0.0,0.44068295,0.35903764,0.0,0.07752128,0.0,0.0,0.0,0.8425141,0.0,0.37892115,0.14846866,0.0,0.487896,0.0,0.0,0.0,0.023270935,0.024387939,0.0,0.0,0.0,1.0589566,0.0,1.0697658,0.0,0.0,0.0,0.60404366,0.0,0.012712766,0.0,0.9212384,0.28255576,0.0,0.48618627,0.95812786,0.0,0.0,0.71782994,0.0,0.35249746,0.0,0.31078374,0.0,1.0130577,0.0,0.0,0.0,0.19139168,0.0,0.9536303,0.0,0.046283133,0.9515025,0.0,0.0,0.0,0.6613904,0.0,0.0,0.1501089,0.0,0.0,0.0,0.10148817,0.21810365,0.0,0.0,0.7001766,0.049029425,0.0,0.47258425,0.08927058,0.8038504,0.0,0.23987162,0.0,0.88848,0.0,2.0
0.0,0.0,0.0,0.18160538,0.0,0.24524362,0.22128932,0.0,0.12646951,0.41322276,0.0,0.0,0.0,0.0,0.37036687,0.0,0.0,0.0,0.0,0.0,0.12881933,0.0,0.0,0.0,0.0,0.22434397,2.2768176,0.0,0.5107876,0.32200876,1.9490381,1.2272295,0.0,0.0,0.10573451,1.1340852,0.469979,0.49510333,1.2605178,0.0,0.0,0.10375586,0.0,0.0,0.0,0.59394926,0.0,0.0,0.50028974,0.0,0.11916047,1.5408397,0.4481825,0.0,2.454159,0.0,0.0,0.0,0.0,0.7381835,0.79811877,0.310425,0.0,0.0,2.2979581,0.0,0.0,0.8195108,0.0,0.0,0.0,1.467644,0.0,0.0,0.43153858,0.0,0.02328996,0.0,0.0,1.2551216,0.0,0.0,0.0,0.0,0.1879324,0.0,1.7933813,0.0,0.19257167,0.0,0.0,0.11530939,0.0,0.0,0.0,0.71304387,0.0,0.4620015,0.0,0.0,1.3679357,0.15306298,0.0,1.4774451,1.7242845,2.0028238,0.5408594,1.615689,1.8007488,0.0,1.4909965,0.0,0.0,0.0,0.17177735,2.4285157,0.0,0.53387976,0.5214495,0.0,0.05728158,0.23526289,0.0,0.0,0.0,1.2947284,0.0,0.0,1.0
0.14573084,0.0,0.20184319,0.0,0.0,0.039873738,0.03113028,0.20508516,0.0,0.0,0.0,0.0,0.0,0.0,0.38546002,0.45793283,0.0,0.23477873,0.0,0.0,0.0028512473,0.16765046,0.0,0.31807202,1.1507827,0.0,0.0,0.96179426,0.0,0.25537878,0.0,0.0,0.0,0.14663576,0.0,0.0,0.0,0.7953113,0.0,0.91689855,0.10326162,0.1463184,0.087426975,0.6238619,0.11916568,0.0,0.0,0.0,0.0,0.0,0.0,0.0,0.0,0.0,0.0,0.0,0.25558656,0.0,0.0,0.0,0.0,0.7421911,0.0,0.0,0.31881922,0.0,0.0,0.0,0.0,0.0,0.0,0.0,0.0,0.0,0.0,0.0,0.0,0.57296747,0.0,0.0,0.0,0.08651171,0.0,0.2015712,0.4001202,0.0,0.0,0.0,0.0,0.0,0.0,0.0,0.0,0.0,0.09755007,0.0,0.0,0.0,0.0,1.1421431,0.0,0.0,0.87402445,0.0,0.0,0.0,0.49368176,0.0,0.0,0.0,0.0,0.12753181,0.43359205,0.0,0.0,0.0,0.0,0.39784762,0.6568779,0.0,0.09802166,0.0,0.0,0.56719255,0.9807768,0.0,0.0,0.0,0.0
1.2032218,0.0,1.1382439,1.1836524,0.25270507,0.0,0.0,2.2163885,0.0,0.0,2.478794,0.6149127,1.8258818,0.11480692,0.0,0.0,2.0049574,0.0,0.0,0.85100824,0.0,0.42880735,2.5125747,1.8814011,1.438526,0.0,0.0,0.0,0.0,0.0,0.0,0.0,2.4635367,2.5037646,1.8089916,0.0,0.0,0.0,0.0,2.4549248,0.04451643,0.0,1.4174601,1.2427845,1.7578169,0.9026774,0.0,0.0,0.0,0.059321463,0.0,0.21795301,0.0,2.176304,0.0,2.1447322,0.0,2.1991606,0.0,0.0,1.4771112,0.0,1.8993295,1.1339434,1.1496519,0.0,0.5321208,0.0,2.2413566,1.6906883,0.0,0.88664824,0.0,2.1982508,0.0,2.4628766,0.0,0.0,0.0,0.0,0.0,0.0,2.0817003,0.0,0.0,1.2514474,0.0,0.0,0.8048455,0.401405,1.352149,0.0,2.1842108,0.0,2.7936494,0.816372,1.9682422,0.0,1.2045903,0.0,1.1927507,0.0,0.0,0.0,0.0,0.0,0.0,1.3860306,0.0,0.0,1.2557515,2.3772976,1.7277809,0.77791816,0.0,0.0,0.0,0.0,0.0,1.0702474,0.0,0.0,0.0,1.608602,0.0,0.0,0.0,1.7356026,0.0
0.0,0.53927493,0.07636417,0.4191576,0.0,0.0,0.0,0.0,0.8286015,1.0342873,0.0,0.0,0.0,0.0,0.0,0.7805129,0.0,0.0,0.0,0.0,0.24229944,0.0,0.0,0.0,0.0,0.77849406,1.4287579,0.0,0.51901937,0.074224964,1.3159922,0.7617149,0.0,0.0,0.0,1.904268,1.5785279,0.0,1.4672315,0.0,0.0,1.02444,0.0,0.0,0.0,0.24106134,0.0,0.0,1.8389369,0.18512721,0.0,1.1613512,0.69117254,0.0,1.3845472,0.0,1.082785,0.0,0.13062336,1.766918,0.3450244,0.0,0.0,0.20222504,1.2704072,0.0,0.0,1.1426529,0.0,0.0,0.0,1.2657385,0.26272547,0.0,0.0,0.0,0.72921264,0.0,1.0941572,2.0186296,0.015964938,0.0,0.0,0.7574928,0.0,0.0,2.133672,0.0,1.3310952,0.06906307,0.08558929,1.3235419,0.0,0.044319097,0.0,0.81622744,0.0,1.7786945,0.46807617,0.0,0.60742795,0.29869577,0.0,0.9609223,0.9789726,1.2911489,0.04882571,1.0596709,0.9017828,0.14708783,1.1615276,0.0,0.0,0.0,1.2532443,1.3597643,0.0,0.0,0.0,0.33625662,0.08298705,0.98169667,0.0,0.0,0.0,1.6321658,0.0,0.0,0.0
0.2918797,0.0,0.3551703,0.0,0.0,0.85070467,0.771581,0.0,0.05811234,0.0,0.0,0.0,0.0,0.0,1.0847865,0.087546766,0.0,0.27014726,0.0,0.0,0.7791134,0.0,0.0,0.2365219,0.85600036,0.0,0.0,1.0588083,0.40575594,1.1086156,0.0,0.0,0.0,0.0,0.0,0.0,0.0,1.3046789,0.0,0.53200907,0.36474442,0.31136313,0.0,0.6188571,0.0,0.0,0.0,0.0,0.0,0.0,0.464413,0.0,0.0,0.0,0.0,0.0,0.18143022,0.0,0.539477,0.0,0.0,1.3434913,0.0,0.0,0.118135735,0.112207144,0.0,0.0,0.0,0.0,0.0,0.0,0.0,0.0,0.40484288,0.0,0.088747576,0.52271,0.0,0.0,0.13718167,0.0,0.0,0.0,1.1357651,0.0,0.0,0.0,0.0,0.0,0.0,0.0,0.0,0.0,0.0,0.0,0.0,0.0,0.0,1.2842554,0.0,0.6035792,1.0388176,0.0,0.0,0.0,1.416517,0.0,0.0,0.17524952,0.0,0.0,0.032565363,0.0,0.0,0.0,0.0,1.1729305,1.2478045,0.0,0.94075793,0.0,0.0,0.19202593,1.0323046,0.0,0.21731627,0.0,0.0
0.0,0.121150754,0.0,0.0,0.0,1.2826592,1.1783124,0.0,0.7019704,0.26771134,0.0,0.0,0.0,0.0,0.0,0.5788243,0.0,0.0,0.0,0.0,1.472944,0.0,0.0,0.0,0.0,0.7550118,0.33598787,0.0,0.70566505,1.1236982,0.21266703,0.15276217,0.0,0.0,0.0,0.58141637,1.0579119,0.0,0.59855545,0.0,0.0,1.0567095,0.0,0.0,0.0,0.0,0.7177071,0.0,1.0317143,0.0,0.13616855,0.3293642,0.0,0.0,0.3375086,0.0,0.65014213,0.0,1.183891,1.0488138,0.0,0.19201589,0.0,0.058244016,0.15957199,0.0,0.0,0.28329507,0.0,0.0,0.0,0.109182306,0.0,0.0,1.1336704,0.0,0.3195698,1.2623196,0.5430646,0.7480248,0.37950692,1.2260814,0.0,0.62847465,0.0,0.0,1.1613914,0.0,0.4967482,0.05602276,0.0,0.7933933,0.0,0.0,0.0,0.0,0.0,1.1557597,0.037586384,0.0,0.025309993,1.5662036,0.0,0.49902013,0.22841543,0.47929117,0.9389705,0.0,0.20984378,1.569216,0.0,0.0,0.0,0.0,0.80469227,0.5009916,0.21742481,0.8878777,0.0,0.0,1.3404348,0.25857964,0.0,0.0,1.188273,0.6764825,0.4640022,0.37058684,0.0
1.3218557,0.0,0.09921117,0.0,0.0,2.0353723,2.1377704,2.172171,1.7548424,0.0,1.9905847,0.0,0.0,0.06355882,0.66649437,0.0,0.0,0.0,0.0,0.0,2.667048,0.26200557,3.6737268,0.0,0.0,1.1809717,0.8022617,0.0,1.055826,2.0176232,0.85640556,2.639003,2.8259735,0.0,0.7278815,1.6007649,2.3360338,0.5164204,0.0,0.0,0.9456226,1.6892387,0.0,0.611011,1.2390966,1.529956,0.0,0.15502232,2.5160978,0.028590757,1.0777653,3.2805533,0.0,3.38291,0.5501757,1.1013764,0.0,0.0,0.83590525,1.7657101,0.0,0.38853386,0.0,4.1536374,0.88661116,1.752227,0.0476964,3.700541,0.0,2.6515572,0.0,2.9360657,0.0,0.0,1.8434161,0.0,0.25198457,2.5915554,2.6142144,1.8789225,0.0,1.9602083,0.0,0.2696853,0.0,0.0,2.9475763,0.0,1.8146955,0.0,0.0,2.4729924,2.9699094,0.0,2.0040023,0.0,0.0,1.9538494,0.54005784,0.0,0.0,2.514318,0.0,2.1321547,0.7513204,0.6377091,1.3116893,2.1761556,1.6008424,1.9734029,2.5366728,1.1284933,1.0726206,0.0,1.3853974,0.0,1.5571699,0.74210995,0.6435456,4.8334804,1.9118094,0.0,0.64031607,1.0633485,1.9978956,1.3078257,0.0,1.7145703,1.0
0.0,0.0,0.0,0.0,0.5546051,0.22692816,0.1701149,0.0,0.0,0.0,0.0,0.68830097,0.0,0.62480515,1.4017733,0.29736677,0.0,0.5015196,0.0,0.008522179,0.018888932,0.7805564,0.0,0.0,0.46872637,0.0,0.0,1.1718708,0.0,0.15003793,0.0,0.0,0.0,0.22315769,0.0,0.0,0.0,1.4266042,0.0,0.12529065,0.44819838,0.0,0.5378465,0.8867361,0.27640566,0.0,1.0434234,0.0,0.0,0.33681566,0.0,0.0,0.0,0.0,0.0,0.0,0.19309172,0.0,0.68901753,0.0,0.0,1.1518638,0.0,0.0,0.0,1.1833583,0.45655152,0.0,0.0,0.0,0.0,0.0,0.0,0.0,0.0,0.0,0.0,0.22042271,0.0,0.0,0.0,0.2782899,0.0,0.0,0.23049712,0.0,0.0,0.6023332,0.0,0.0,0.15347283,0.0,0.0,0.0,0.0,0.0,0.0,0.043822248,0.13106266,0.8290776,0.0,0.24704027,0.606914,0.0,0.0,0.0,0.25461143,0.0,0.0,0.045573767,0.0,0.0,0.3533536,0.0,0.0,0.0,1.6753794,1.273653,1.3557166,0.0,0.11037796,0.0,0.0,0.50068206,0.3118347,0.0,0.0,0.0,0.0
0.0,0.0,0.0,0.0,0.0,0.56402624,0.41046938,1.1697246,0.0,0.0,3.0813608,0.0,0.0,0.0,0.2831163,0.0,0.033152476,0.0,0.0,0.0,0.45815423,0.0,4.1533318,0.0,0.0,0.0,1.0838556,0.60566103,0.0,0.77622014,1.0720482,2.8768017,2.223601,0.7371458,0.14247124,0.0,0.0,0.41436294,0.0,0.030816605,0.0,0.0,2.3765006,1.3962982,3.0673368,1.0978129,0.0,0.8397914,0.0,0.0,0.8947199,2.070617,1.4274733,3.396848,1.3607333,0.0,0.0,0.0,0.0,0.0,0.0,0.6726022,0.0,3.3751216,0.58963156,1.0684539,0.0,2.432963,0.0,4.106753,0.0,1.8277069,0.0,0.0,0.2258835,0.0,0.0,0.775906,0.7261348,0.0,0.0,0.20141526,0.0,0.0,0.0,0.0,0.34383467,0.0,0.0,0.0,0.0,0.0,3.5672958,0.0,2.286883,0.0,0.0,0.0,1.0689782,0.0,0.0,0.19612822,0.0,2.0256476,2.1563458,1.405353,0.65479934,1.7423158,1.559869,0.0,1.9497584,1.5409527,2.5660193,0.0,0.0,0.0,0.0,0.120818876,0.26588598,4.4969754,0.03610993,0.0,0.42339465,2.3167787,0.0067476956,0.0,0.0,0.08543399,0.0
0.033323355,0.0,0.0,0.0,0.0,0.7009625,0.6324739,2.3036733,0.0,0.0,1.7420918,0.0,0.0,0.15500632,0.41425306,0.0,0.0,0.0,0.0,0.0,1.0404211,0.28888702,2.3084974,0.0,0.27119017,0.0,0.0,0.35137513,0.0,0.8058949,0.0,1.4355702,2.6222248,0.0,1.0723617,0.0,0.0806718,1.2170962,0.0,0.10060003,0.0,0.0,0.28314072,1.3127513,1.5140544,1.5079066,1.0191376,0.0,0.09440585,0.0,1.0160587,1.951684,0.0,2.259166,0.0,0.16625473,0.0,0.0,0.13327451,0.0,0.0,0.34247166,0.0,2.9569826,0.0,1.2291474,0.15725261,2.2118094,0.0,1.9691695,0.0,1.8704809,0.0,0.0,1.0200689,0.0,0.0,1.3255988,0.04196543,0.0,0.0,0.57410485,0.0,0.0,0.0,0.0,0.0,0.0,0.91284627,0.0,0.0,0.0,2.19277,0.0,1.9645103,0.0,0.0,0.0,1.4576837,0.0,0.0,0.9644102,0.0,1.031151,0.0,0.0,0.4592956,1.1058344,0.40183702,0.75451237,1.3885571,1.7085565,1.5220104,0.0,0.0,0.0,1.0985565,0.36928636,1.1967372,2.9863954,0.68124,0.0,0.0,1.5926815,1.0769165,0.0,0.0,0.37916616,1.0
0.0,0.0,0.0,0.19404812,0.0,1.1826345,1.1513596,0.0,0.6340458,0.0,0.0,0.0,0.0,0.0,0.0,0.0,0.0,0.0,0.17244588,0.0,1.4103193,0.0,0.0032687732,0.0,0.0,0.41822976,0.70802116,0.0,0.37432706,1.0696068,0.59664506,0.71275324,0.0,0.0,0.0,0.14228776,0.5399486,0.0,0.22487298,0.0,0.0,0.6313352,0.0,0.0,0.13173808,0.0,1.0583199,0.0,0.39704636,0.0,0.33123285,0.42728087,0.35544485,0.0,0.72706074,0.12186017,0.0,0.0,0.9936822,0.51580364,0.34034222,0.0,0.0,0.2606913,0.3571232,0.0,0.0,0.43725482,0.0,0.0,0.0,0.19623996,0.0,0.0,1.3370956,0.0,0.0,1.2057661,0.11261522,0.33671752,0.0,0.9107141,0.0,0.07621899,0.0,0.28267285,1.0763719,0.0,0.25825393,0.45921218,0.0,0.566641,0.0,0.0,0.0,0.17328744,0.0,0.62279385,0.57544583,0.0,0.46835896,1.4449524,0.0,1.0194141,0.6299419,0.86277324,0.83679324,0.08253788,0.6667871,1.2793486,0.020329366,0.0,0.07348489,0.343321,0.34726566,0.71415806,0.0,0.69794744,0.0,0.25681597,1.2305009,0.090917856,0.0,0.06982236,0.92641026,0.3947767,0.045524918,0.83343816,0.0
0.75267994,0.71277046,1.5152799,0.60388535,0.0,0.0,0.0,0.0,0.6505083,1.0864385,0.0,0.6152848,0.61909896,0.0,0.0,0.004177638,0.0,0.0,0.06897104,0.13538171,0.0,0.0,0.0,0.31865105,0.0,1.0621824,0.6334661,0.0,1.2575268,0.0,1.116904,0.09332655,0.0,0.0,0.7699897,1.0523533,0.93260974,0.0,0.83021134,0.0,0.9881025,0.33996695,0.0,0.094420165,0.0,0.48624414,0.0,0.0,0.8824317,0.0,0.029621236,0.9964562,0.0,0.0,0.6150882,0.0,0.1694572,0.25098225,0.0,0.8911037,0.91815996,0.0,0.28993177,0.0,1.5062844,0.099460796,0.0,0.56355846,0.21543427,0.0,0.0,0.8416226,0.7250584,0.058530387,0.0,0.109257154,1.3511529,0.0,0.0,0.83240515,0.5122191,0.0,0.23399256,0.041549187,0.0,0.48495233,0.7967908,0.0,0.46858272,0.13735418,0.6667737,0.45002165,0.0,0.6459434,0.0,0.8051958,0.3798788,0.68128717,0.31671754,0.0,1.2249634,0.0,0.0,0.33578634,0.048417505,0.2643452,0.0,1.0976945,1.2651571,0.0,0.9662606,0.0,0.0,0.2291377,1.0334164,0.9929964,0.0,0.0,0.0,0.0,0.0,0.8962741,0.0,0.0,0.0,0.7463937,0.80133617,0.313771,2.0
0.0,0.0,0.42529893,0.0,0.49975076,0.0,0.0,0.91621387,0.0,0.033433173,0.0,0.82448304,0.0,0.46184304,0.24520771,1.0869495,0.0,0.0,0.0,0.0,0.0,0.016480263,0.0,0.0,0.0,0.0,0.0,0.0,0.0,0.0,0.0,0.0,0.0,1.4053048,0.67503214,1.3909698,0.5816883,1.2531265,1.0625618,0.0,0.0,0.0,0.0,0.09989006,0.0,0.6882672,2.149264,0.0,0.93936044,0.0,0.0,1.2720903,0.0,0.0,0.0,0.045911763,0.12187416,0.0,0.13823761,1.01291,0.0,0.0,0.0,1.2236972,0.0,0.0,0.24499963,1.1185027,0.26583523,0.0,0.0,0.879119,0.0,0.014425521,0.0,0.8954612,0.0,0.4417379,0.9540111,1.6424868,0.3172974,0.92751026,0.0,1.3742467,0.0,0.0,0.7334375,0.0,1.3374014,0.0,0.41936293,0.0,0.0,0.0,0.0,0.0,0.0,0.6233992,1.3702921,0.0,0.0,0.07243851,0.0,0.0,0.0,0.0,0.0,0.8122481,0.0,0.73054177,0.70622694,0.0,0.0,0.0,0.37305352,0.48160437,1.5017047,0.2835817,1.2460314,0.0,0.0,0.0,0.0,0.27129325,0.6516822,0.69189346,0.0,0.0,0.0
0.0,0.0,0.0,0.0,0.57217735,0.3318227,0.38819182,0.27493167,0.0,0.3835614,0.0,0.6486903,0.0,0.44008952,0.7970673,0.77520895,0.0,0.0,0.0,0.0,0.30465665,0.36091524,0.0,0.0,0.0,0.28232864,0.0,0.47084194,0.039608136,0.0,0.0,0.0,0.0,0.09193203,0.28308535,0.577278,0.6501967,1.4086492,0.5898681,0.0,0.0,0.0,0.0,0.3278041,0.0,0.39666224,2.042154,0.0,0.5782692,0.039801788,0.0,0.63469577,0.0,0.0,0.0,0.0,0.3860684,0.0,0.83876264,0.6975483,0.0,0.55948967,0.0,0.0705607,0.0,0.60099036,0.35684952,0.37262753,0.0,0.0,0.0,0.21606486,0.0,0.0,0.63980186,0.025698977,0.18044835,0.8058714,0.0,0.51967955,0.80309874,0.932886,0.0,0.77133447,0.0,0.0,0.0,0.0,0.49910986,0.0,0.22137924,0.0,0.0,0.0,0.0,0.0,0.0,0.74020344,0.9615399,0.3539988,0.0,0.7587803,0.0,0.0,0.0,0.0,0.0,0.0,0.0,1.1202404,0.06417113,0.0,0.0,0.08177037,0.7189814,0.0,1.7874384,1.0274761,1.2787908,0.0,0.30826497,0.0,0.0,0.0,0.9124419,0.16130784,0.20633517,0.0,0.0
0.0,0.40392616,0.0,0.0,0.0,0.78880775,0.49769446,0.0,0.7658788,0.3210793,0.0,0.0,0.0,0.0,0.18955041,1.397678,0.0,1.2208382,0.0,0.1480035,0.58689404,0.0,0.0,0.0,0.68886703,0.61481047,0.0,0.6840327,0.65427846,0.60490376,0.0,0.0,0.0,0.0,0.0,0.2052924,0.71289194,0.0,0.33396944,0.0,0.0,1.1035712,0.0,0.0,0.0,0.0,0.0,0.75342345,0.680613,0.15732662,0.0,0.0,0.026824867,0.0,0.0,0.0,1.4499811,0.0,0.8154303,0.86730075,0.0,0.50383925,0.0,0.0,0.0,0.0,0.0,0.0,0.0,0.0,0.5502176,0.0,0.52593577,0.0,0.0,0.0,0.5964566,0.50514627,0.9101767,0.2029879,0.62845534,1.1773477,0.0,1.1751786,0.86597306,0.0,0.25784144,1.2360673,0.0,0.053415347,0.0,0.79627305,0.0,0.4936534,0.0,0.0,0.0,1.0521324,0.0,0.9576825,0.0,0.7124204,1.0952574,0.0,0.0,0.0,0.7846014,0.0,0.0,0.82697725,0.0,0.0,0.0,0.0,0.53295445,0.0,0.0,0.7105275,0.020147461,0.0,0.86360186,0.10161011,1.0109698,0.0,0.7728783,0.24753271,0.76710606,0.0,2.0
0.0,0.046304576,0.0,0.08161688,0.71099603,0.7424226,0.9885576,0.0,0.0,1.2209877,0.0,0.62496024,0.1055885,0.26590762,1.915956,0.8014518,0.0,0.0,1.0922645,0.0,0.63215405,0.0,0.0,0.0,0.16536458,1.26305,0.0,1.6366078,1.4544849,0.21072744,0.0,0.0,0.0,0.0,1.0662555,0.4004925,0.5124841,2.5772002,0.4178287,0.0,0.0,0.0,0.0,1.5453142,0.0,0.4253469,2.8221028,0.0,0.104751304,0.0,1.4175004,0.0,0.0,0.0,0.0,0.0,0.83322793,0.0,1.5104902,0.6271278,0.0,1.2060233,0.0,0.0,0.0,1.7331407,0.0,0.0,0.0,0.0,0.89728886,0.0,0.7347487,0.0,1.5343028,0.0,0.8123648,0.54826623,0.0,0.1469753,1.7249725,0.71860236,0.0,0.6614485,0.07391199,0.7743248,0.0,0.0,0.4385574,0.0,0.0,0.0,0.0,0.41712132,0.0,0.0,0.0,0.7871626,1.6567967,1.4943022,0.0,0.9218908,0.6451469,0.0,0.0,0.0,0.5730214,0.0,0.0,1.2944237,0.0,0.7718035,0.0,1.4408149,1.2433779,0.0,1.9296637,1.7519941,2.4880512,0.0,0.9571192,1.4316506,0.0,0.0,0.56052756,0.0,1.253263,0.0,2.0
0.0,0.0,0.0,0.0,0.0,0.49992007,0.24537432,0.0073287706,0.0,0.0,0.0,0.0,0.0,0.0,0.0,0.46117133,0.0,0.06958934,0.0,0.0,0.44522196,0.0,0.0,0.0,0.1910053,0.0,0.0,0.037268516,0.0,0.40273127,0.0,0.0,0.0,0.020664133,0.0,0.0,0.2005419,0.031311538,0.043563105,0.0,0.0,0.28886077,0.18597196,0.0,0.4661533,0.0,0.26806626,0.0,0.116300516,0.0,0.0,0.0,0.0,0.0,0.0,0.0,0.2546002,0.0,0.4650029,0.21150497,0.0,0.30127707,0.0,0.016125014,0.0,0.0,0.0,0.0,0.0,0.0,0.0,0.0,0.0,0.0,0.19584243,0.0,0.0,0.79416585,0.39509413,0.0,0.0,0.8363905,0.0,0.46851662,0.0,0.0,0.048127115,0.07280271,0.0,0.02451417,0.0,0.0,0.0,0.0,0.0,0.0,0.0,0.30206856,0.0,0.13546947,0.0,0.5897294,0.07819209,0.0,0.20586967,0.07461133,0.4275096,0.0,0.0,0.74666625,0.0,0.0,0.37289223,0.0,0.0,0.03325496,0.2545856,0.59919894,0.0,0.0019585234,0.40503505,0.0,0.0,0.40754363,0.8609381,0.011064998,0.0,0.0,0.0
0.0,0.2777136,0.0,1.8346565,0.05845787,0.0,0.0,0.0,0.20024316,0.4753721,0.0,0.0,1.3347014,0.0,0.0,0.0,0.79263794,0.0,0.30711648,0.008043112,0.0,0.0,0.0,0.3419592,0.0,0.09386085,1.4137352,0.0,0.042372067,0.0,1.5469905,1.245176,0.0,0.6506818,0.42334926,0.5029324,0.09215336,0.0,0.57848376,0.0,0.0,0.0,0.0,0.0,0.0,0.6272044,0.281724,0.0,7.9273974e-05,0.0,0.0,0.66197884,1.1743345,0.0,1.3831946,0.5936598,0.0,1.3245664,0.0,0.10953047,1.6921018,0.0,1.196337,0.3418776,1.3181791,0.0,0.0,0.69728714,1.1704589,0.0,0.6298721,0.75006795,0.56634,1.0399609,0.0,1.002872,0.19673394,0.0,0.0,0.60701245,0.0,0.0,1.1577195,0.0,0.0,1.673369,0.90242743,0.0,0.61406624,1.7331883,0.14034884,0.35345498,0.0,0.5103302,0.0,1.7498807,1.2857051,0.0593544,1.0280443,0.0,1.8379593,0.0,0.0,1.3921466,1.1214906,1.2873015,0.0,1.1604075,1.2141984,0.0,0.83934504,0.0,0.0,1.4726825,0.11539743,1.3622038,0.0,0.0,0.0,0.13608742,0.0,1.0468241,0.0,0.0,0.0,0.7160163,0.0,0.71170026,0.0
0.0,0.0,0.0,0.0,1.530341,0.53768355,1.7522551,0.0,0.0,0.60272586,0.0,1.3604296,0.17875971,1.5189114,0.45448658,0.0,0.0,0.0,0.0,0.0,0.23832355,1.523435,0.0,0.0,0.0,0.0,0.0,0.14366545,0.0,0.11569404,0.0,0.0,0.0,0.5135349,0.0,0.58336526,0.06118323,0.86825573,0.64803207,0.0,0.0,0.0,0.17466411,0.43447775,0.0,0.4622531,0.7058066,0.0,0.063465774,0.0,0.0,0.0,0.0,0.0,0.0,0.0,0.09802466,0.0,0.0,0.043099366,0.09683631,0.08039234,0.0,0.0,0.0,0.0,1.1705412,0.30970377,0.30503592,0.0,0.0,0.08940441,0.0,0.0068608453,0.90837806,0.056719195,0.0,0.0,0.1379665,0.50308615,0.0,0.0,0.0,0.0,0.0,0.0,0.25171724,0.32913712,0.80165255,0.0,0.41140005,0.0,0.0,0.0,0.10359806,0.0,0.0,0.26888025,0.0,0.30092597,0.0,0.41578904,0.0,0.0,0.0,0.0,0.059274584,0.39116833,0.0,0.0,0.46332112,0.2380985,0.0,0.0,0.0,0.00090939575,1.3733722,0.24113806,0.84333634,0.0,0.01730456,0.0,0.0,0.0,0.0,0.23873292,0.0,0.0,0.0
0.0,0.0,0.0,0.0,0.0,0.2232542,0.17602283,0.0,0.0,0.0,1.284601,0.0,0.0,0.0,1.0800763,0.0,0.0,1.2688696,0.33786204,0.3893145,0.1169527,0.0,0.5486264,0.0,0.8866373,0.0,0.0,1.3678557,0.0,0.2539507,0.0,0.0,0.0,0.2002453,0.0,0.0,0.0,1.0995214,0.0,0.79358387,0.039104275,0.0,1.3577356,1.4635178,0.9558547,0.0,0.24316883,0.6819646,0.0,0.0,0.4354169,0.0,0.17609897,0.33432254,0.0,0.0,0.0,0.0,0.27595234,0.0,0.0,1.1056508,0.0,0.0,0.0,1.2702553,0.0,0.0,0.0,1.0599664,0.0,0.0,0.0,0.0,0.0,0.0,0.0,0.3227457,0.0,0.0,0.0,0.0,0.0,0.0,0.717206,0.0,0.0,1.2160974,0.0,0.0,0.0,0.0,1.155428,0.0,0.7122638,0.0,0.0,0.0,0.20660798,0.70689154,0.0,0.080025256,1.1650432,0.0,0.021844659,0.0,0.43597293,0.0,0.0,0.0,0.0,0.61202157,1.115984,0.0,0.0,0.0,0.36026666,0.71153593,1.1217012,0.564344,0.103300996,0.0,0.5043353,1.1956677,0.16275774,0.0,0.0,0.0,0.0
0.032986812,0.6090438,0.092946045,0.0,0.0,0.30668536,0.0,0.0,0.5878019,0.15062585,0.0,0.0,0.0,0.0,0.0,0.92163926,0.0,0.7389724,0.085392945,0.48648873,0.01335612,0.0,0.0,0.0,0.38315496,0.36545482,0.0,0.26190504,0.41472006,0.15947746,0.0,0.0,0.0,0.0,0.0,0.14280377,0.346992,0.0,0.1836377,0.0,0.053699315,0.7929217,0.0,0.0,0.0,0.0,0.0,0.42330137,0.39165005,0.3175459,0.0,0.0,0.29723296,0.0,0.0,0.0,0.92741483,0.0,0.29334477,0.4937017,0.0,0.13383369,0.0,0.0,0.0,0.0,0.0,0.0,0.0,0.0,0.7213858,0.0,0.75062585,0.0,0.0,0.0,0.6212597,0.0,0.64722526,0.15649089,0.62647927,0.54673356,0.0,0.7584748,0.5567085,0.0,0.14357704,0.62859726,0.0,0.47911304,0.0,0.6796303,0.0,0.7471498,0.0,0.26699227,0.0,0.51812094,0.0,0.55948806,0.0,0.098698,0.5695512,0.0,0.0,0.0,0.39256543,0.0,0.0,0.3113111,0.0,0.0,0.0,0.0,0.31948748,0.0,0.0,0.3432568,0.0,0.0,0.31143314,0.043002833,0.6676704,0.0,0.26980025,0.25254983,0.7259368,0.0,4.0
0.0,0.0,0.0,1.4811597,0.0,0.0,0.0,0.0,0.0,0.0,0.0,0.0,1.1143702,0.0,0.0,0.0,0.38071093,0.0,0.40976176,0.0,0.0,0.0,0.0,0.25511765,0.0,0.0,3.840562,0.0,0.0,0.0,2.805873,2.4736688,0.0,0.08037192,0.0,0.15650024,0.0,0.0,1.0877826,0.0,0.0,0.0,0.66976964,0.0,0.31485313,0.8813252,0.37232214,0.0,0.0,0.0,0.36330825,1.2472168,2.6686056,0.0,3.8920999,0.0,0.0,1.01594,0.0,0.0,1.5879227,0.0,0.9071112,0.0,2.257263,0.0,0.0,0.9935619,0.1956666,0.0,0.0,1.1836092,0.0,0.039568204,0.48060703,0.4108809,0.0,0.0,0.0,0.51736295,0.0,0.0,0.5829458,0.0,0.58046263,1.3265699,1.9913404,1.5203544,0.0,1.2421837,0.0,0.0,0.0,0.0,0.0,1.866535,0.9055183,0.0,0.0,0.0,1.8828611,0.0,0.0,2.581684,3.6294448,3.9236314,0.0,1.401874,2.100828,0.0,0.8794047,0.0,0.0,1.2153378,0.0,3.662252,0.0,0.0,0.0,1.4732414,0.0,0.18328755,0.0,0.0,0.0,1.7221735,0.0,0.31880164,4.0
0.0,0.16791055,0.0,0.0,0.0,1.2470363,1.0371708,0.0,0.6390811,0.27122328,0.0,0.0,0.0,0.0,0.44063598,1.1344795,0.0,0.48651338,0.071500175,0.0,1.2281727,0.0,0.0,0.0,0.5827162,0.8394399,0.0,0.4663441,0.7070591,0.9838098,0.0,0.0,0.0,0.0,0.0,0.27954692,0.93043685,0.43222955,0.23341972,0.0,0.0,0.9604396,0.0,0.0,0.0,0.0,0.56707364,0.03165271,0.8718194,0.12751096,0.39953578,0.0,0.0,0.0,0.0,0.0,1.0972264,0.0,1.2752702,0.975111,0.0,0.5602108,0.0,0.0,0.0,0.0,0.0,0.0,0.0,0.0,0.19853927,0.0,0.1084266,0.0,0.83017766,0.0,0.33754575,1.2847362,0.47788855,0.2950725,0.9212883,1.5395613,0.0,1.0733347,0.28871554,0.0,0.17366205,0.42364764,0.26027116,0.0,0.0,0.5458298,0.0,0.036603656,0.0,0.0,0.0,1.170925,0.0,0.5673739,0.0,1.4161378,0.5892927,0.0,0.0,0.0,0.9677972,0.0,0.0,1.5543983,0.0,0.0,0.0,0.0,0.8105645,0.0,0.5596005,1.0765196,0.46962178,0.0,1.3717,0.19062203,0.46439734,0.0,1.4883825,0.2207425,0.77756363,0.0,4.0
0.0,0.0,0.0,1.9875704,0.0,0.0,0.0,0.1237805,0.0,0.0,0.0,0.0,1.4283885,0.0,0.0,0.0,0.41132617,0.0,0.0,0.0,0.0,0.0,0.35947067,0.245633,0.0,0.0,1.2727898,0.0,0.0,0.0,1.7828354,1.9205327,0.08834489,1.6364772,0.29983962,0.040807843,0.0,0.0,0.3000406,0.0,0.0,0.0,0.38999963,0.0,0.33175424,1.0289259,0.35894388,0.0,0.0,0.0,0.0,1.2532468,1.0690846,0.2982267,1.3827027,0.5611349,0.0,1.4211341,0.0,0.0,2.0786097,0.0,1.2519652,1.1894468,1.9954557,0.0,0.0,1.1307287,1.4409525,0.0,0.0,1.5448498,0.0,1.1693763,0.0,1.2371582,0.0,0.0,0.2460677,0.22003661,0.0,0.0,1.2025027,0.0,0.0,1.658465,0.67525274,0.0,1.0218562,1.9001209,0.0,0.0,0.0,0.0,0.0,2.0024643,1.1813207,0.0,1.6828345,0.0,2.4500978,0.0,0.0,1.9203969,1.5143262,1.4202563,0.0,2.0687857,1.4384065,0.0,1.6920857,0.0,0.25690508,1.2233632,0.0,1.3630404,0.0,0.0,0.0,1.0298986,0.0,0.0,0.0,0.058175333,0.0,0.5052534,0.0,0.47480738,4.0
0.0,0.0,0.1347496,0.0,0.66026795,0.0,0.0,0.38861856,0.0,0.0,0.0,0.733745,0.0,0.5951014,0.62674093,0.15911104,0.0,0.0,0.0,0.0,0.0,0.64856696,0.0,0.0,0.15377341,0.0,0.0,0.49367267,0.0,0.0,0.0,0.0,0.0,0.52105844,0.0,0.0,0.011518467,0.9846091,0.104402624,0.0,0.11695945,0.0,0.44241455,0.589548,0.35724023,0.0,1.3076587,0.0,0.0,0.31490007,0.0,0.2374843,0.0,0.0,0.0,0.0,0.0,0.0,0.34763977,0.0,0.0,0.4818443,0.0,0.0,0.0,0.7870543,0.592182,0.023215288,0.0,0.0,0.0,0.0,0.0,0.0,0.014479484,0.25125676,0.0,0.3299326,0.0,0.0,0.04426925,0.2707513,0.0,0.10589891,0.0,0.0,0.0,0.0,0.0,0.0,0.43007848,0.0,0.0,0.0,0.0,0.0,0.0,0.0,0.34580866,0.34125218,0.0,0.16392021,0.0,0.0,0.0,0.0,0.0,0.0,0.0,0.4113178,0.0,0.0,0.40396938,0.0,0.0,0.0,1.420229,0.6704413,0.9540191,0.0,0.0,0.0,0.0,0.6237758,0.43007272,0.0,0.0,0.0,4.0
0.0,0.0,0.0,0.0,0.0,1.1594132,1.0984806,0.0,0.08519896,0.24506205,0.0,0.0,0.0,0.0,0.69928885,0.81779075,0.0,0.17440699,0.0,0.0,1.1837481,0.06725273,0.0,0.0,0.2989756,0.5821058,0.0,0.4833483,0.46904948,0.95069665,0.0,0.0,0.0,0.0,0.0,0.1733744,0.7482939,0.84782666,0.32349497,0.0,0.0,0.4517809,0.0,0.0,0.0,0.0,1.1692809,0.0,0.56922996,0.0,0.49108517,0.0,0.0,0.0,0.0,0.0,0.8052533,0.0,1.2805746,0.7429715,0.0,0.72195643,0.0,0.0,0.0,0.24187694,0.0,0.0,0.0,0.0,0.0,0.0,0.0,0.0,1.0325792,0.0,0.1689639,1.208962,0.0,0.1794302,0.61348224,1.2303699,0.0,0.696926,0.24733897,0.0,0.0,0.09422093,0.06905297,0.0,0.0,0.0,0.0,0.0,0.0,0.0,0.0,0.9483693,0.0,0.64074385,0.0,1.4062369,0.3901836,0.0,0.0,0.0,0.9400705,0.0,0.0,1.4704473,0.0,0.0,0.0,0.0,0.65949935,0.0,0.9509464,1.3159531,0.8541996,0.0,1.2202331,0.07523898,0.0,0.0,1.2964233,0.1081484,0.38819122,0.0,4.0
0.0,0.0,0.0,0.0,0.0,1.2126801,1.1376137,0.0,0.43968663,0.0,0.0,0.0,0.0,0.0,0.79166526,0.6060044,0.0,1.018072,0.03914548,0.0,1.2064571,0.0,0.0,0.0,0.63502705,0.16311815,0.0,0.95768064,0.068787664,1.105345,0.0,0.0,0.0,0.0,0.0,0.0,0.26475754,0.7569085,0.0,0.0,0.0,0.5595048,0.0,0.065311834,0.0,0.0,0.40353826,0.40706486,0.0,0.0,0.66722906,0.0,0.0,0.0,0.0,0.0,0.73630077,0.0,1.2333722,0.33367842,0.0,0.98011076,0.0,0.0,0.0,0.39973196,0.0,0.0,0.0,0.0,0.0,0.0,0.0,0.0,0.71461505,0.0,0.0,1.177777,0.0,0.0,0.0,1.0705056,0.0,0.41393012,0.82928777,0.0,0.0,0.84164953,0.0,0.0,0.0,0.09545423,0.0,0.0,0.0,0.0,0.0,0.56110334,0.0,0.9572296,0.0,1.3080189,1.0385545,0.0,0.0,0.0,1.2169394,0.0,0.0,1.101053,0.0,0.0,0.05522194,0.0,0.05958062,0.0,0.24126495,1.2708651,0.9017841,0.0,1.2640634,0.0,0.66281056,0.24446648,1.17354,0.0,0.0,0.0,4.0
0.0,0.0,0.0,0.0,0.0,0.0,0.0,0.0,0.12431652,0.0,0.0,0.0,0.0,0.0,0.0,0.79552275,0.0,0.7554233,0.0,0.86870867,0.0,0.0,0.22870617,0.0,0.34970802,0.0,0.0,0.0,0.0,0.0,0.0,0.0,0.0,0.96831775,0.0,0.0,0.0,0.0,0.03478048,0.0,0.0,0.26083842,0.94818836,0.0,0.5382959,0.0,0.0,0.29650187,0.0,0.0,0.0,0.0,0.51470435,0.0,0.15051824,0.0,0.34511983,0.16108488,0.0,0.04275919,0.0,0.0,0.13765615,0.0,0.0,0.0,0.0,0.0,0.277644,0.0,0.0,0.0,0.0,0.5004811,0.0,0.44851348,0.0,0.31751868,1.1504097,0.0,0.0,0.72893107,0.30411428,0.8971698,0.0,0.0,0.0,0.8402333,0.0,0.8073249,0.0,0.07848824,0.081542306,0.0,0.0,0.20687364,0.70453054,0.05252579,0.0,0.20651883,0.0,0.0,0.17890078,0.0,0.6417305,0.33134243,0.0,0.0,0.0,0.000795288,0.0,0.0,0.56230396,0.0,0.0,0.007541799,0.0,0.0,0.0,0.0,0.0,0.0,0.3248495,0.68871886,0.2676368,0.0,0.0,0.0,4.0
0.0,0.0,0.0,0.0,0.0,1.2973365,1.0442606,0.0,0.35065255,0.018992897,0.0,0.0,0.0,0.0,0.49092615,0.347703,0.0,0.29660606,0.3158688,0.0,1.2089841,0.0,0.0,0.0,0.10181827,0.5264058,0.0,0.15380484,0.6007019,1.1063123,0.0,0.0,0.0,0.0,0.0,0.0,0.41620278,0.35957012,0.07342863,0.0,0.0,0.55515456,0.0,0.0,0.0,0.0,0.63425624,0.0,0.2533478,0.0,0.62673825,0.0,0.0,0.0,0.0,0.0,0.50366616,0.0,1.1260923,0.42206657,0.0,0.63089406,0.0,0.0,0.0,0.0,0.0,0.0,0.0,0.0,0.054974105,0.0,0.0,0.0,1.0605371,0.0,0.23159704,0.91336554,0.0,0.004019057,0.409633,0.85818124,0.0,0.24563368,0.47777456,0.0,0.16100818,0.22515932,0.0,0.013748956,0.0,0.16555618,0.0,0.0,0.0,0.0,0.0,0.57388186,0.0,0.4556169,0.0,1.2659845,0.36610276,0.0,0.0,0.0,1.157123,0.0,0.0,1.1893051,0.0,0.0,0.0,0.0,0.40133968,0.034769762,0.27970225,1.2566205,0.354601,0.0,1.2735767,0.06869027,0.15802372,0.0,0.9982104,0.056059398,0.46862385,0.0,4.0
0.0,0.0,0.0,0.0,0.0,0.867537,0.6732909,0.0,0.75306153,0.0,0.0,0.0,0.0,0.0,0.0,0.72176445,0.0,0.71928513,0.0,0.1210968,0.867891,0.0,0.0,0.0,0.11701212,0.2766933,0.0,0.0,0.21535468,0.7040635,0.0,0.0,0.0,0.0,0.0,0.0,0.4434399,0.0,0.17382233,0.0,0.0,0.9283813,0.0,0.0,0.0,0.0,0.07051747,0.25264615,0.33222124,0.0,0.0,0.0,0.22931089,0.0,0.090507485,0.0,0.68525153,0.0,0.90056974,0.56580997,0.0,0.26302552,0.0,0.0,0.0,0.0,0.0,0.0,0.0,0.0,0.0,0.0,0.0,0.0,0.38035154,0.0,0.024884604,0.9669843,0.5768198,0.04153344,0.030186137,1.1263056,0.0,0.7057406,0.39449453,0.0,0.52926064,0.7662726,0.0,0.3978574,0.0,0.6784234,0.0,0.0,0.0,0.0,0.0,0.68646836,0.0,0.32820097,0.0,0.9932402,0.37904206,0.0,0.20955807,0.3626906,0.70512384,0.0,0.0,1.0399534,0.0,0.0,0.0,0.0,0.20192471,0.14918284,0.0,0.59913224,0.0,0.0,0.92689323,0.0,0.50953186,0.002695118,0.9674228,0.13432385,0.30502963,0.22000286,4.0
0.0,0.0,0.0,1.0792727,0.0,0.0,0.0,0.0,0.0,0.0,0.5516165,0.0,1.4044039,0.0,0.0,0.0,0.81733066,0.0,1.6379722,1.4375693,0.0,0.0,1.4752716,0.28758132,0.0,0.0,0.7875588,0.0,0.0,0.0,1.0468414,1.5031064,0.06975779,0.6503701,0.515217,0.0,0.0,0.0,0.0,0.0,0.0,0.0,1.3290857,0.0,1.9084443,0.39848554,0.6688397,0.0,0.0,0.0,0.77048635,0.1182579,1.6988115,1.1960653,0.81359094,0.3827514,0.0,1.5512267,0.0,0.0,1.0983218,0.0,1.5648372,0.85197735,0.4003628,0.0,0.0,0.38902548,0.9319383,1.6110678,0.0,0.11877608,0.0,0.81855214,0.22729114,0.8345847,0.0,0.0,0.0,0.0,0.0,0.0,1.014015,0.0,0.0,1.5521603,0.0,0.0,0.0,1.8562557,0.0,0.0,0.66806066,0.0,0.0,0.9435917,1.3195142,0.0,1.8785728,0.0,1.3713853,0.0,0.0,1.5003344,1.143126,0.88251543,0.12812966,0.18934153,1.3182565,0.0,0.089849085,0.0,1.3301902,1.8445119,0.0,0.29551452,0.0,0.0,0.0,0.73667127,0.0,0.0,0.0,0.95367557,0.0,0.0,0.0,1.161704,4.0
0.0,0.16378398,0.0,0.0,0.0,1.3821971,1.1973002,0.63937974,0.6658955,0.15140617,0.0,0.0,0.0,0.0,0.72352153,0.4667327,0.0,0.0,0.25413436,0.0,1.5182132,0.209101,0.0,0.0,0.47868037,0.89154184,0.0,0.46785176,0.8040394,1.2018567,0.0,0.0,0.33692813,0.0,0.0,0.24804781,0.8344228,0.7447106,0.0,0.0,0.0,0.8561175,0.0,0.06956849,0.0,0.0,1.0774732,0.0,0.73092574,0.43376446,1.0701784,0.1130202,0.0,0.046660207,0.0,0.0,0.567118,0.0,1.2881602,0.74229854,0.0,0.55296737,0.0,0.30841315,0.0,0.6948579,0.1263792,0.15821138,0.0,0.0,0.10687509,0.0,0.026013263,0.0,1.3926462,0.0,0.27072117,1.4052335,0.0044208267,0.34973094,1.0862616,1.2039391,0.0,0.4354554,0.013744813,0.0,0.076910555,0.0,0.6731478,0.0,0.0,0.60723144,0.0,0.0044050375,0.09058219,0.0,0.0,0.79716045,0.04090659,0.18840319,0.0,1.5878206,0.28363204,0.0,0.0,0.0,1.1426008,0.0,0.0,1.6676184,0.0,0.0148996655,0.0,0.0,0.8221026,0.0,0.93423533,1.2280518,0.91801566,0.04382746,1.5200951,0.2715443,0.32381195,0.01749263,1.5431336,0.104955785,0.708654,0.35721862,4.0
0.0,0.47530884,0.0,0.025027253,0.0,0.6411805,0.4200082,0.0,1.104418,0.3816039,0.0,0.0,0.0,0.0,0.0,0.79903793,0.0,0.7634618,0.17912908,0.19466068,0.6637043,0.0,0.0,0.0,0.0017187338,0.6959411,0.0019521789,0.0,0.7044197,0.5107261,0.0,0.0,0.0,0.0,0.0,0.3609587,0.71572125,0.0,0.38039115,0.0,0.0,1.1779351,0.0,0.0,0.0,0.0,0.0,0.54938734,0.6574481,0.0,0.06911138,0.0,0.39123023,0.0,0.06694286,0.1519487,0.92645514,0.0,0.71910775,0.8352844,0.0,0.0,0.0,0.0,0.0,0.0,0.0,0.0,0.0,0.0,0.4314833,0.0,0.48474815,0.0,0.14260568,0.0,0.54648995,0.5024769,0.6798044,0.4682147,0.42444313,0.89369833,0.0,0.7549898,0.44565642,0.015863562,0.75330013,0.657833,0.09313488,0.5018991,0.0,1.1925707,0.0,0.5301393,0.0,0.24200062,0.0,0.92097896,0.0,0.2522376,0.0,0.7208369,0.34289196,0.0,0.0,0.3202819,0.5291504,0.0,0.0,0.8259986,0.0,0.0,0.0,0.054886956,0.59298277,0.11378367,0.0,0.28915876,0.0,0.0,0.7765876,0.43623403,0.85031736,0.0,0.5502278,0.4154756,0.7173418,0.4711445,4.0
0.0,0.0,0.0,0.0,0.0,0.62521255,0.3282343,0.0,0.914759,0.0,0.050534584,0.0,0.0,0.0,0.0,0.0,0.7988336,1.2666999,0.56815976,1.050419,0.47984406,0.0,0.43057773,0.0,0.0483516,0.0,0.21267477,0.0,0.0,0.45607525,0.0,0.0,0.0,0.0,0.0,0.0,0.0,0.0,0.0,0.0,0.0,0.37009543,0.7511131,0.0,0.768433,0.0,0.0,0.9444962,0.0,0.0,0.2307448,0.0,1.0678005,0.15645738,0.38097996,0.1729141,0.0,0.0,0.5261968,0.0,0.0,0.30290085,0.057270575,0.0,0.0,0.0,0.0,0.0,0.0,0.62413484,0.0,0.0,0.0,0.0,0.17005475,0.0,0.0,0.7558508,0.0,0.0,0.0,0.4276628,0.0,0.0,0.74837214,0.22554584,0.0,1.1758159,0.0,1.1646603,0.0,0.42336094,0.20607902,0.0,0.0,0.0,0.2607574,0.0,0.0,0.33558664,0.0,0.50464696,0.5345211,0.0,0.7017965,0.75443155,0.6915293,0.0,0.0,0.16200416,0.0,0.0,0.6699336,0.57718587,0.0,0.22472811,0.0,0.3883489,0.0,0.0,0.56684303,0.0,0.8397199,0.72320926,0.48736295,0.0,0.0,1.0429509,4.0
0.0,0.0,0.0,0.0,0.0,1.3979439,1.2752739,0.0,0.21091998,0.0066237045,0.0,0.0,0.0,0.0,0.5267901,0.6569042,0.0,0.17650424,0.0,0.0,1.4401399,0.0,0.0,0.0,0.12547481,0.5017243,0.0,0.09237626,0.41341957,1.1741784,0.0,0.0,0.0,0.0,0.0,0.054656744,0.6803498,0.6116007,0.26702556,0.0,0.0,0.5992667,0.0,0.0,0.0,0.0,1.1413184,0.0,0.52986914,0.0,0.38319504,0.0,0.0,0.0,0.0,0.0,0.6400612,0.0,1.3911707,0.6811523,0.0,0.69979805,0.0,0.0,0.0,0.0,0.0,0.0,0.0,0.0,0.0,0.0,0.0,0.0,1.2010334,0.0,0.029732084,1.3886113,0.0,0.11599477,0.3856773,1.2841461,0.0,0.5856468,0.23846816,0.0,0.27684313,0.22144186,0.0,0.0,0.0,0.009397481,0.0,0.0,0.0,0.0,0.0,0.8788628,0.0,0.43829128,0.0,1.603586,0.25645125,0.0,0.0,0.0,1.1225967,0.0,0.0,1.5800254,0.0,0.0,0.0,0.0,0.52588123,0.09342995,0.67155266,1.3628901,0.528228,0.0,1.4200661,0.0,0.0,0.021475874,1.4311337,0.14826125,0.31624493,0.0,4.0
0.4964622,0.0,0.91057706,0.88657826,0.063757405,0.0,0.0,0.2091584,0.0,0.07057926,0.0,0.855114,1.293554,0.0,0.0,0.0,0.05347489,0.0,0.0,0.48870742,0.0,0.049277604,0.0,0.62204593,0.21089433,0.0,0.0,0.0,0.0,0.0,0.3969054,0.0,0.62380344,1.7709421,1.3125281,0.26087582,0.0,0.0,0.31081027,0.47482365,0.0,0.0,0.0064136996,0.5322652,0.0,0.73657215,0.0,0.0,0.067735046,0.0,0.0,0.59578496,0.0,0.0,0.0,0.16485445,0.008540186,1.3132954,0.0,0.024342934,1.3397042,0.0,1.1272961,0.07330326,1.4069469,0.0,0.11111055,0.12488143,1.5267744,0.0,0.0,0.9272833,0.0,1.3146384,0.0,1.4820758,0.07398857,0.0,0.0,0.0,0.0,0.0,1.2318958,0.09761227,0.0,0.8667058,0.0,0.0,0.9605127,0.3804842,1.0333986,0.0,0.0,0.0,0.42204905,0.74011415,1.171526,0.0,1.0687423,0.12608285,1.2067953,0.0,0.0,0.0,0.0,0.0,0.0,1.2567034,0.34737262,0.0,1.1903375,0.92527574,0.0,0.6580739,0.0,0.25797614,0.0,0.0,0.0,0.0,0.0,0.0,0.0,0.0,0.0,0.1012679,0.0,0.41353896,4.0
0.4466123,0.030218197,0.919222,0.8657183,0.0,0.0,0.0,0.0,0.0,0.2769741,0.0,0.6967863,1.1718296,0.0,0.0,0.0,0.0,0.0,0.0,0.3709875,0.0,0.0,0.0,0.50564724,0.0,0.035050508,0.0,0.0,0.055939242,0.0,0.6172189,0.0,0.36429378,1.344924,1.1979712,0.41382548,0.14075159,0.0,0.4170772,0.1293251,0.0,0.0,0.0,0.3659695,0.0,0.72048306,0.0,0.0,0.22302309,0.0,0.0,0.73042786,0.0,0.0,0.0,0.0,0.0,1.06505,0.0,0.22060896,1.3022723,0.0,0.9267541,0.0,1.4721874,0.0,0.0,0.25532773,1.1824464,0.0,0.0,0.9271108,0.0,0.96420306,0.0,1.1153958,0.28748742,0.0,0.0,0.17122796,0.0,0.0,0.9307854,0.044456434,0.0,0.8422732,0.0,0.0,0.83540654,0.39748085,0.8510385,0.0,0.0,0.0,0.041686222,0.7593824,0.96022326,0.030883208,1.0226108,0.039488964,1.304164,0.0,0.0,0.066102006,0.0,0.0,0.0,1.2169887,0.6435112,0.0,1.1376504,0.6051476,0.0,0.64588654,0.013015977,0.49063295,0.0,0.0,0.0,0.0,0.0,0.05943445,0.0,0.0,0.0,0.2543257,0.0,0.48712173,4.0
0.0,0.0,0.0,0.0,0.0,0.93041813,0.73412114,0.0,1.214851,0.0,0.0,0.0,0.0,0.0,0.0,0.09366789,0.47518456,0.93615407,0.24777399,0.6420808,0.9933319,0.0,0.42973322,0.0,0.13738738,0.0,0.0,0.0,0.0,0.7412326,0.0,0.0,0.0,0.0,0.0,0.0,0.0,0.0,0.0,0.0,0.0,0.98502,0.086753786,0.0,0.46596318,0.0,0.21048388,0.65316164,0.0,0.0,0.2408654,0.0,0.53887993,0.23981157,0.0010027695,0.43494448,0.03204008,0.0,0.90919185,0.0,0.0,0.19300742,0.0,0.0,0.0,0.0,0.0,0.0,0.0,0.33575696,0.0,0.0,0.0,0.0,0.5512582,0.0,0.0,1.2984146,0.253084,0.0,0.0,1.0344164,0.0,0.18675491,0.43205082,0.0,0.3228203,0.8096084,0.0,0.717358,0.0,0.97202593,0.16118498,0.0,0.0,0.0,0.0,0.0,0.0,0.15626192,0.0,1.065705,0.4261253,0.0,0.2446287,0.4004322,0.77262306,0.0,0.0,0.9604832,0.0,0.0,0.45002577,0.28565744,0.0,0.0,0.0,0.46622643,0.0,0.0,0.9876755,0.0,0.85325867,0.5770607,1.1215698,0.0,0.0,1.246283,4.0
0.0,1.1729326,0.6810547,1.4886163,1.0350615,0.0,0.0,0.0,0.19971618,2.067051,0.0,1.1041558,1.7989227,0.93784153,0.0,0.0,0.3962655,0.0,2.130939,1.0579377,0.0,0.024776673,0.0,0.36848694,0.0,1.5511683,0.7574513,0.0,1.6559212,0.0,0.83618706,0.0,0.10204703,0.0,1.3092282,1.0393289,0.78007615,0.0,0.74992,0.0,0.7069067,0.0,0.0,0.12129461,0.0,0.53211486,0.0,1.0753669,0.48532283,0.4348627,1.2228616,0.0,0.8300054,0.0,0.73317254,0.0,0.13464354,1.3569148,0.0,0.45433345,1.2828228,0.0,1.215079,0.0,0.10822045,1.1260406,0.26519868,0.28532594,1.2345334,0.0,1.7753495,0.0,2.2217567,1.2309502,0.0,0.82638806,1.4304552,0.0,0.0,0.90446097,0.8772123,0.0,1.4143312,0.0,0.85588604,1.6754031,0.47801417,0.38041154,0.3552837,1.1257168,0.7449658,0.26593623,0.0,1.9903989,0.0,1.2697979,1.350168,0.74625325,0.23945455,0.0,0.8122858,0.0,0.0,0.24005143,0.046470366,0.42172107,0.0,0.1632441,0.8882954,0.0,0.007135555,0.42965102,0.0,1.7277931,1.4260279,0.5218161,0.0,0.0,0.0,0.0,0.0,2.2786052,0.9081555,0.0,0.0,0.7914783,1.0942985,0.08136331,4.0
0.0,0.0,0.0,0.0,0.0,0.6846065,0.541577,0.0,0.0,0.0,0.0,0.0,0.0,0.0,0.83753204,0.79452527,0.0,0.6652248,0.10970086,0.3438893,0.50618726,0.0,0.0,0.0,0.6250388,0.0,0.0,0.93785304,0.0,0.4541619,0.0,0.0,0.0,0.0,0.0,0.0,0.16765384,0.99255085,0.0,0.0,0.0,0.0,0.01784407,0.23725837,0.0,0.0,0.85763174,0.06142039,0.0,0.0,0.14356953,0.0,0.0,0.0,0.0,0.0,0.50366217,0.0,0.9195603,0.20563868,0.0,0.90317917,0.0,0.0,0.0,0.3982932,0.0,0.0,0.0,0.0,0.0,0.0,0.0,0.0,0.21507417,0.0,0.0,0.96080023,0.0,0.0,0.016319403,1.1561601,0.0,0.7602483,0.34140232,0.0,0.0,0.81792414,0.0,0.0,0.0,0.0,0.0,0.0,0.0,0.0,0.0,0.5532328,0.31196713,0.72933877,0.0,0.80085117,0.6615242,0.0,0.0,0.0,0.5445853,0.0,0.0,0.7624757,0.0,0.0,0.0,0.0,0.07354991,0.0,0.8989978,1.0470805,0.86321265,0.0,0.6860545,0.0,0.0460597,0.20048858,1.0251869,0.0,0.0,0.0,4.0
0.0,0.0,0.0,0.0,0.0,1.2950841,1.217188,0.0,0.29216304,0.0,0.0,0.0,0.0,0.0,0.85093457,0.55067253,0.0,1.1298755,0.0,0.0,1.2865478,0.0,0.0,0.0,0.6003664,0.0,0.0,0.8447887,0.0,1.1606913,0.0,0.0,0.0,0.0,0.0,0.0,0.1362638,0.8064926,0.0,0.0,0.0,0.44162676,0.123149365,0.0,0.11166615,0.0,0.60906583,0.3414268,0.0,0.0,0.5093929,0.0,0.0,0.0,0.0,0.0,0.57252634,0.0,1.3253555,0.1861128,0.0,1.094373,0.0,0.0,0.0,0.24262638,0.0,0.0,0.0,0.0,0.0,0.0,0.0,0.0,0.7413739,0.0,0.0,1.360548,0.0,0.0,0.0,1.181177,0.0,0.39379913,0.8379048,0.0,0.0,1.1525137,0.0,0.0,0.0,0.0,0.0,0.0,0.0,0.0,0.0,0.48585215,0.0,0.89256775,0.0,1.3942678,1.0300457,0.0,0.0,0.0,1.2478633,0.0,0.0,1.1181437,0.0,0.0,0.25014922,0.0,0.0,0.0,0.31295004,1.3595139,0.8584029,0.0,1.3015914,0.0,0.5095013,0.48218617,1.3045372,0.0,0.0,0.0,4.0
0.0,1.3921013,0.0,2.0861712,0.0,0.0,0.0,0.0,1.5682578,0.5754623,0.0,0.0,1.2459576,0.0,0.0,0.1809579,1.3519348,0.16837879,0.4957952,1.0842208,0.0,0.0,0.0,0.6913919,0.0,0.38606647,1.0132157,0.0,0.13745989,0.0,1.226776,0.4623498,0.0,0.25399575,0.1694572,0.47282082,0.33025298,0.0,0.5792151,0.0,0.0,1.141281,0.0,0.0,0.0,0.0,0.0440956,0.05840732,0.18608281,0.48771727,0.0,0.0,1.2862002,0.0,0.9591399,1.4630959,0.08341096,1.7265542,0.0,0.32883355,1.5509293,0.0,1.4683635,0.0,0.9565922,0.0,0.0,0.0,1.08511,0.0,1.5764731,0.11366137,1.3015424,1.303104,0.0,1.1819196,0.29665372,0.0,0.12063889,0.548499,0.30653504,0.0,1.410142,0.24668819,0.0,1.9240133,0.81182104,0.019361502,0.18893698,2.1558142,0.3136507,1.6055242,0.0,1.4519598,0.0,1.9600878,1.7539011,0.18478197,0.2627969,0.0,1.6125748,0.0,0.0,0.9299791,0.67287195,1.0651748,0.0,0.28352213,0.70682997,0.0,0.0,0.0,0.0,1.7924489,0.30393392,1.141555,0.0,0.0,0.0,0.0,0.0,1.7404828,0.030580923,0.0,0.0,0.7546206,0.57466155,1.8442776,4.0
0.0,0.20854987,0.15020943,1.0572314,0.8800496,0.0,0.0,0.0,0.0,1.5972772,0.0,0.9105462,1.3531282,0.88521457,0.006885595,0.0,0.17229353,0.0,1.6195592,0.15599811,0.0,0.060604356,0.0,0.0,0.0,1.1011846,1.2430413,0.0,1.1840601,0.0,1.0750465,0.6130016,0.0,0.0,1.0334694,0.96368814,0.6615136,0.0,0.6781239,0.0,0.25456333,0.0,0.0,0.0006194617,0.0,0.72613454,0.012909881,0.6602215,0.3980873,0.0,1.0275134,0.4869389,0.914499,0.0,1.2441763,0.0,0.0,0.8027563,0.0,0.39178512,1.1120434,0.0,0.7337625,0.11796013,0.33749706,0.8551864,0.13320416,0.8105563,0.86215407,0.0,0.73880523,0.22206491,1.2229145,0.67447805,0.0,0.4558245,0.8783375,0.0,0.0,0.90703374,0.08285302,0.0,0.877159,0.0,0.47792333,1.1957457,0.9021813,0.25322995,0.34789342,0.7648273,0.30001462,0.0,0.0,0.98807085,0.0,0.97636163,0.7938871,0.72190017,0.44798118,0.0,0.73996973,0.0,0.0,0.6588104,0.717488,0.95246404,0.0,0.53862655,1.0929137,0.0,0.47541538,0.1744833,0.0,1.1955577,1.0885512,0.85583663,0.017698135,0.0,0.0,0.0,0.0,1.5391351,0.4915891,0.0,0.0,0.8006407,0.249393,0.0,4.0
0.9873909,0.27902114,0.9340516,0.0,0.0,1.8023795,1.4121119,0.0,0.41510302,0.0,0.0,0.0,0.0,0.0,1.7347177,0.0,0.0,0.006777847,0.0,0.0,1.5001943,0.0,0.0,0.42557597,0.24642843,0.5096846,0.0639896,0.73938525,1.4767143,2.0762806,0.1359949,0.0,0.0,0.0,0.0,0.0,0.0,1.5323143,0.0,0.0,1.0634589,0.7011357,0.0,0.12942567,0.0,0.0,0.0,0.0,0.0,0.0,1.2322658,0.2125809,0.0,0.0,0.0,0.0,0.0,0.0,0.9649739,0.0,0.0,1.9244308,0.0,0.0,0.39000037,0.4178151,0.0,0.0,0.0,0.0,0.0,0.0,0.3228205,0.0,1.2077451,0.0,0.9020747,0.42679036,0.0,0.0,0.61754876,0.0,0.0,0.0,1.7846729,0.0,0.0,0.0,0.0,0.0,0.0,0.01524464,0.0,0.0,0.0,0.0,0.0,0.0,0.0,0.9603541,0.0,1.2129234,0.9115761,0.0036071495,0.0,0.19342129,2.3961294,0.0,0.38714212,0.43497175,0.0,0.0,0.0,0.0,0.0,0.0875861,0.0,1.9705732,1.5292263,0.0,1.7761967,0.0,0.087521486,0.0,1.0329309,0.0,0.965485,0.0,4.0
0.0,0.0,0.0,0.0,0.037835825,0.8732076,0.80635923,0.0,0.0,0.0,0.0,0.0,0.0,0.0,0.89568603,0.5983171,0.0,0.005063671,0.046859328,0.0,0.8124514,0.12004642,0.0,0.0,0.25505474,0.17175896,0.0,0.54624075,0.0,0.6187798,0.0,0.0,0.0,0.0,0.0,0.0,0.38332587,1.1431953,0.08600863,0.0,0.0,0.0,0.0,0.08746426,0.0,0.0,1.6057752,0.0,0.1545904,0.0,0.30494726,0.0,0.0,0.0,0.0,0.0,0.3806091,0.0,1.1326206,0.3614591,0.0,0.8263753,0.0,0.0,0.0,0.45437446,0.0,0.0,0.0,0.0,0.0,0.0,0.0,0.0,0.8367691,0.0,0.0,1.0991338,0.0,0.0,0.33318445,1.0901309,0.0,0.5430062,0.030263541,0.0,0.0,0.025409823,0.0,0.0,0.0,0.0,0.0,0.0,0.0,0.0,0.0,0.6067595,0.49220064,0.5405275,0.0,1.1211843,0.2271698,0.0,0.0,0.0,0.63184005,0.0,0.0,1.186016,0.0,0.0,0.0,0.01176744,0.3603947,0.0,1.3236946,1.3301224,1.0071856,0.0,0.85309726,0.0,0.0,0.15111247,1.1531144,0.0,0.0,0.0,4.0
0.2459062,0.0,0.2370227,0.0,0.0,1.2224324,1.1668689,0.0,0.24916907,0.0,0.0,0.0,0.0,0.0,1.4241707,0.03862256,0.0,0.7678182,0.0,0.0,1.1217211,0.0,0.0,0.0,0.8462137,0.0,0.0,1.324005,0.39888582,1.5425808,0.0,0.0,0.0,0.0,0.0,0.0,0.0,1.5162457,0.0,0.37806395,0.47202975,0.40853953,0.0,0.63998944,0.0,0.0,0.0,0.027586116,0.0,0.0,0.75385267,0.0,0.0,0.0,0.0,0.0,0.16854618,0.0,0.76793295,0.0,0.0,1.78429,0.0,0.0,0.0,0.26046556,0.0,0.0,0.0,0.0,0.0,0.0,0.0,0.0,0.5031198,0.0,0.0,0.6165579,0.0,0.0,0.0,0.0,0.0,0.0,1.689517,0.0,0.0,0.55060035,0.0,0.0,0.0,0.0,0.0,0.0,0.0,0.0,0.0,0.0,0.0,1.4491049,0.0,0.89482147,1.4182402,0.0,0.0,0.04399558,1.9056022,0.0,0.0,0.1509921,0.0,0.0,0.06828669,0.0,0.0,0.0,0.0,1.4712609,1.5334716,0.0,1.3197289,0.0,0.13391547,0.28556746,1.0769377,0.0,0.00024257462,0.0,4.0
1.7494416,1.7909813,1.7497473,0.124671705,0.0,0.63562924,0.0,1.3230231,1.4608605,0.3727869,0.0,0.15728137,0.0,0.0,0.1291231,0.0,0.0,0.0,0.0,0.0,0.7872404,0.011528088,0.24694951,1.1373335,0.0,1.3621138,0.0,0.0,1.8626583,0.6173788,0.43950373,0.41239455,0.75594455,0.0,0.7406894,0.8935165,0.93519515,0.26061228,0.10319723,0.0,1.364876,1.7517568,0.0,0.0,0.0,0.60701853,0.0,0.0,1.232845,0.9092648,0.31693825,1.4658525,0.0,0.37207356,0.0,1.4136698,0.0,0.0,0.37911692,0.74013686,0.50102085,0.0,0.0,0.8720728,1.5353802,0.14026226,0.0835179,1.12301,0.0,0.0,0.57370996,1.549197,0.94838536,0.0,0.7973222,0.0,1.4798717,0.7934408,0.0,1.0438211,2.0723436,0.0,0.0,0.0,0.0,0.0,0.64780664,0.0,1.4666405,0.0,0.9553972,1.753432,0.0,0.82948935,0.0,0.45356226,0.0,0.0,0.0,0.0,1.1312999,0.6905797,0.0,0.6109712,0.0,0.0,0.57581127,1.2405024,0.9086506,1.1322683,1.2522504,0.0,0.0,0.0,0.97514844,0.0,0.53586257,0.31824577,0.19838753,0.1936318,0.77770936,1.0834049,0.0,0.0,1.2664393,0.6129845,2.0025792,1.80177,4.0
0.0,0.0,0.0,0.0,0.04614718,0.291421,0.27680564,0.0,0.0,0.07148831,0.027938453,0.13844866,0.0,0.13881087,1.2101849,0.3326218,0.0,1.3993828,0.48606965,0.35755596,0.14011051,0.1520251,0.0,0.0,0.9877488,0.0,0.0,2.0303705,0.0,0.3507502,0.0,0.0,0.0,0.0,0.0,0.0,0.0,1.200377,0.0,0.60293937,0.14598465,0.0,0.08921674,1.5164768,0.0,0.0,0.0,0.83531284,0.0,0.0,0.971055,0.0,0.0,0.0,0.0,0.0,0.7660427,0.0,0.5887994,0.0,0.0,1.1742396,0.0,0.0,0.0,1.4513712,0.038534436,0.0,0.0,0.0,0.32595927,0.0,0.33892092,0.0,0.0,0.0,0.12572062,0.0,0.0,0.0,0.0,0.0,0.0,0.0,1.4677193,0.0,0.0,0.9212955,0.0,0.0,0.0,0.0,0.0,0.32104132,0.17908302,0.0,0.0,0.0,0.0,1.8510568,0.0,0.16146618,1.6434298,0.0,0.0,0.0,0.77586585,0.0,0.0,0.0,0.0,0.6399566,0.0,0.0,0.0,0.0,0.23196962,1.0359542,1.5109451,0.0,0.36572132,0.0,0.8672043,0.0,0.0,0.0,0.0,0.0,4.0
0.0,0.0,0.0,0.0,0.5154441,0.32522467,0.20266774,0.0,0.0,0.0,0.0,0.6848555,0.0,0.52767503,1.5183469,0.24840546,0.0,0.4133563,0.09783473,0.16480795,0.05985342,0.5842378,0.0,0.0,0.4082504,0.0,0.0,1.1351017,0.0,0.15984237,0.0,0.0,0.0,0.09652008,0.0,0.0,0.0,1.5593101,0.0,0.009128741,0.5068043,0.0,0.2865186,0.8620894,0.033768494,0.0,1.1362382,0.0,0.0,0.17111063,0.0,0.0,0.0,0.0,0.0,0.0,0.094284765,0.0,0.7857777,0.0,0.0,1.2051188,0.0,0.0,0.0,1.212834,0.27425805,0.0,0.0,0.0,0.0,0.0,0.0,0.0,0.043452263,0.0,0.0,0.20702967,0.0,0.0,0.0,0.31378013,0.0,0.0,0.15899274,0.0,0.0,0.59132427,0.0,0.0,0.031722117,0.0,0.0,0.0,0.0,0.0,0.0,0.08587342,0.487464,0.70225143,0.0,0.2953024,0.50062287,0.0,0.0,0.0,0.26809305,0.0,0.0,0.071006455,0.0,0.0,0.08301895,0.0,0.0,0.0,1.7530916,1.3087432,1.3994093,0.0,0.20399003,0.0,0.0,0.31832784,0.29988486,0.0,0.0,0.0,4.0
0.0,0.0,0.0,0.9738845,0.47816816,0.0,0.15019429,0.0,0.0,0.0,0.0,0.14374116,0.75607705,0.4165911,0.0,0.0,0.0,0.0,0.0,0.0,0.0,0.52948,0.0,0.0,0.0,0.0,1.9652029,0.0,0.0,0.0,1.5768502,1.9323907,0.0,1.5540982,0.0,0.72552437,0.0,0.0,1.1409311,0.0,0.0,0.0,0.54389995,0.0,0.22971469,0.8860527,0.7129215,0.0,0.057436932,0.0,0.0,1.3737742,0.7476441,0.0,2.230141,0.05432536,0.0,0.34336117,0.0,0.06060421,1.4480535,0.0,0.24620695,0.625053,1.8736811,0.0,0.44077957,1.0814081,0.8610757,0.0,0.0,1.6953907,0.0,0.6451417,0.48400256,0.7903949,0.0,0.0,1.5425928,1.1317557,0.0,0.0,0.5647841,0.12150163,0.0,0.45396915,1.5515524,0.0,1.0263002,0.8208062,0.0,0.0,0.0,0.0,0.0,1.3958346,0.0,0.0,0.43020523,0.0,1.4616793,0.0,0.0,1.7021397,2.2576714,2.1335151,0.0,2.1222732,1.0092168,0.0,1.8628113,0.0,0.25751242,0.075008005,0.0,2.1169868,0.20453331,0.0,0.0,1.1357052,0.0,0.0,0.0,0.072576344,0.0,1.2137634,0.0,0.0,4.0
0.0,0.0,0.0,0.5694299,0.4347666,0.28066927,0.61636853,0.0,0.0,1.1423062,0.0,0.54214877,0.6415562,0.5708319,0.0,0.0,0.0,0.0,0.7457978,0.0,0.30604252,0.0,0.0,0.0,0.0,0.8163663,1.2935965,0.0,0.71274126,0.2028344,1.1865784,0.96939236,0.08608462,0.086185135,0.6831225,1.0248485,0.88066804,0.0,0.6498561,0.0,0.0,0.0,0.0,0.0,0.0,0.9163281,0.28025943,0.0017033342,0.7218285,0.0,0.58268213,1.0342014,0.695972,0.0,1.3435358,0.0,0.0,0.0900024,0.0,0.72279555,0.8875958,0.0,0.076015115,0.6253919,0.56006044,0.2997695,0.0,1.307612,0.33764204,0.037025783,0.0,0.74895805,0.1695587,0.0,0.30088124,0.0,0.44091347,0.0,0.0,0.980947,0.0,0.0,0.15351251,0.0,0.0,0.61744493,1.243945,0.0,0.6800993,0.37092972,0.0,0.0,0.0,0.0,0.0,0.5675852,0.068687834,1.0811328,0.9946228,0.0,0.66696244,0.38604403,0.0,0.98284495,0.9681341,1.1071147,0.018602666,0.9182042,1.2114542,0.0,0.9696472,0.0036537256,0.0,0.45945483,1.0035789,0.90072805,0.13809164,0.0,0.0,0.5013717,0.16937402,0.7321626,0.011948337,0.0,0.0,0.8334646,0.0,0.0,4.0
0.0,0.0,0.0,1.1915939,0.24040836,0.14554885,0.58475393,0.0,0.0,0.073615275,0.0,0.0,1.6099839,0.0,0.0,0.488433,0.23964383,0.0,0.2466051,0.0,0.0,0.22500494,0.0,0.067306645,0.0,0.0,1.3412975,0.0,0.0,0.0,0.9378005,0.7657677,0.0,0.35422942,0.45624793,0.4722706,0.0,0.0,0.86915094,0.0,0.0,0.0,0.0,0.0,0.0,0.7202143,1.9813592,0.0,0.0,0.43615246,0.0,0.0,0.30366704,0.0,1.6705867,0.0,0.008758318,0.7501084,0.0,0.0,1.5702337,0.0,0.4706994,0.0,0.67133087,0.0,0.043803472,0.0,1.040926,0.0,1.0650573,0.41092184,0.06495615,0.99039733,1.4310896,0.7990226,0.0,0.0,0.81779665,0.9419294,0.0,0.06811997,0.74556243,0.37296444,0.0,1.2915254,0.80378234,0.2323318,0.7915046,1.0410113,0.0,0.0,0.0,0.0,0.0,0.98552465,0.0,0.0,0.79179907,0.0,1.0487863,0.0,0.0,1.2712431,1.2473985,1.4649475,0.048328217,0.67568856,0.64355564,0.0,0.34876022,0.0,0.0,1.3462278,0.0,1.612037,0.22770777,0.21553646,0.0,0.0,0.017902885,0.7638036,0.0,0.0,0.0,0.9039888,0.0,0.14612876,4.0
0.0,0.4114477,0.0,0.0,0.0,1.3771747,1.140257,0.5678015,1.1658338,0.22319931,0.0,0.0,0.0,0.0,0.24023665,1.1218927,0.0,0.21379463,0.0,0.0,1.520803,0.0,0.26574382,0.0,0.5972096,1.0596565,0.0,0.19628045,0.94941574,1.1297942,0.0,0.0,0.13483985,0.0,0.0,0.57056737,1.2592632,0.12561202,0.19888945,0.0,0.0,1.5481403,0.0,0.0,0.0,0.0,0.3957984,0.037060477,1.3049432,0.49647146,0.45760885,0.0,0.0,0.24600105,0.0,0.21756318,1.0690824,0.0,1.2872562,1.2238373,0.0,0.28900623,0.0,0.5042616,0.0,0.051939514,0.0,0.08094686,0.0,0.0,0.17491709,0.0,0.087968685,0.0,1.0430312,0.0,0.46311006,1.656681,1.0836595,0.7020071,1.2116373,1.8297771,0.0,1.1412926,0.0,0.0,0.69816864,0.0,0.7843087,0.0,0.0,1.3676425,0.0072074486,0.105477646,0.0,0.0,0.0,1.2985425,0.0,0.077108555,0.0,1.6600935,0.3815538,0.0,0.0,0.0,0.99390626,0.0,0.0,1.9103402,0.0,0.0,0.0,0.0,1.0199488,0.0,0.5625419,0.89477617,0.2683053,0.19578601,1.541837,0.23368606,0.6892606,0.0,1.85553,0.49691847,0.9969539,0.58586127,4.0
0.0,0.0,0.0,0.0,0.08416056,1.1254965,0.9956098,0.0,0.0,0.07651143,0.0,0.0,0.0,0.015611807,1.2282414,0.119580664,0.0,0.14292917,0.71959925,0.02313208,1.0519704,0.1839151,0.0,0.0,0.39488333,0.46994567,0.0,0.79626626,0.38383794,0.9252818,0.0,0.0,0.0,0.0,0.0,0.0,0.17796035,1.3214006,0.0,0.0,0.0,0.0,0.0,0.48607603,0.0,0.0,1.5516627,0.0,0.0,0.0,1.0861002,0.0,0.0,0.0,0.0,0.0,0.18496487,0.0,1.2197586,0.0687905,0.0,1.0035994,0.0,0.0,0.0,0.9463764,0.0,0.0,0.0,0.0,0.0,0.0,0.0,0.0,1.2188383,0.0,0.0,0.9045244,0.0,0.0,0.6246842,0.6787162,0.0,0.030919557,0.44261968,0.0,0.0,0.07425593,0.0,0.0,0.0,0.0,0.0,0.0,0.0,0.0,0.0,0.32784662,0.41088384,0.65391463,0.0,1.1662409,0.46904913,0.0,0.0,0.0,0.9887547,0.0,0.0,1.0753629,0.0,0.0,0.0,0.36053005,0.4010653,0.0,1.2382728,1.4960306,1.3014836,0.0,1.1683109,0.1001766,0.0,0.0,0.9717872,0.0,0.2994263,0.0,4.0
0.26044846,0.0,0.6190472,0.0,0.27143258,0.0,0.0,1.4338115,0.0,0.0,0.0,0.6988122,0.0,0.3358341,0.0,0.9642059,0.07266118,0.0,0.0,0.0,0.0,0.0,0.0,0.0,0.0,0.0,0.0,0.0,0.0,0.0,0.0,0.31996256,0.05231796,1.9102917,0.8850973,1.6033072,0.29586524,1.1591725,0.9634456,0.0,0.00913068,0.0,0.2524808,0.17267348,0.19732262,0.799695,1.8687457,0.0,0.95141673,0.0,0.0,1.5333102,0.0,0.0,0.0,0.8446839,0.0,0.0,0.0,0.98761076,0.0,0.0,0.0,1.9848654,0.0,0.0,0.07259409,1.5219513,0.24897689,0.0,0.0,1.2163292,0.0,0.0,0.0,1.1497061,0.0,0.20061798,1.6207874,2.069228,0.0,0.7472474,0.0,1.4594877,0.0,0.0,1.3064926,0.0,1.8450308,0.0,0.32781866,0.0,0.0,0.0,0.0,0.0,0.0,0.34823108,1.5060505,0.0,0.0,0.0,0.0,0.0,0.0,0.0,0.0,1.2199113,0.0,0.40786132,1.0309507,0.0,0.029514482,0.0,0.0,0.56500906,0.936586,0.0,1.3085631,0.0,0.0,0.0,0.0,0.627331,0.4409346,0.7807981,0.0,0.12881762,4.0
0.0,0.42128915,0.0,2.3526554,0.0,0.0,0.0,0.0,1.2755647,0.0,0.0093552815,0.0,1.3898585,0.0,0.0,0.0,1.8156426,0.0,0.14072175,0.903862,0.0,0.0,0.08860943,0.8008074,0.0,0.0,1.2454183,0.0,0.0,0.0,1.5680292,1.1503583,0.0,1.1290975,0.04915232,0.0,0.0,0.0,0.15591063,0.0,0.0,0.53449196,0.26836446,0.0,0.0,0.0,0.24135143,0.0,0.0,0.0,0.0,0.0,1.526521,0.17833163,1.2368768,1.6226037,0.0,1.9237372,0.0,0.0,1.8552824,0.0,1.7332336,0.0,1.3517658,0.0,0.0,0.0,1.5667692,0.29845172,0.94766754,0.22280788,0.5810779,1.6033542,0.0,1.5423019,0.0,0.0,0.0,0.13673972,0.0,0.0,1.61881,0.0,0.0,2.1174958,0.6552314,0.0,0.27140188,2.5835068,0.0,1.2518622,0.025808202,0.86076283,0.0,2.1857913,2.007236,0.0,1.3841397,0.0,2.2032442,0.0,0.0,1.4846523,1.149139,1.3813579,0.0,0.6697189,0.973723,0.0,0.1285663,0.0,0.106587,1.8995305,0.0,1.406764,0.0,0.0,0.0,0.0,0.0,0.9549264,0.0,0.0,0.0,0.24622454,0.0,2.0671332,4.0
0.19573133,0.0,0.20075986,1.3227682,0.0,0.0,0.0,0.29932103,0.3436278,0.0,0.0,0.0,0.8968503,0.0,0.0,0.0,0.6318954,0.0,0.0,0.0,0.0,0.0,0.0,1.0321907,0.0,0.0,0.77484447,0.0,0.0,0.0,1.337634,0.7257582,0.0,1.4941394,0.4720573,0.10199261,0.0,0.0,0.47713366,0.058664083,0.0,0.28067136,0.0,0.0,0.0,0.5896375,0.18801758,0.0,0.0,0.0,0.0,1.0277387,0.0,0.0,0.8984474,0.83600074,0.0,1.0751424,0.0,0.0,1.662954,0.0,0.92986083,0.0,2.4549768,0.0,0.0,0.29184386,0.9594809,0.0,0.0,1.4941893,0.0,0.914256,0.0,1.108428,0.0,0.0,0.0,0.20352966,0.0,0.0,0.7891443,0.0,0.0,0.99082804,0.4193793,0.0,0.76901305,0.8867427,0.33511534,0.35789466,0.0,0.0,0.0,1.3851434,0.8722048,0.0,1.0376359,0.0,2.2064462,0.0,0.0,1.1571791,0.6775274,0.640975,0.0,1.72724,1.0941235,0.0,1.4747672,0.0,0.23663984,0.61723626,0.0,1.4750822,0.0,0.0,0.0,0.0,0.0,0.0,0.0,0.07626491,0.0,0.43182328,0.0,1.298776,4.0
1.1756662,0.0,1.0219325,1.0470598,0.2698904,0.0,0.0,2.4957414,0.0,0.0,2.586565,0.5805513,1.6870579,0.16128926,0.0,0.0,2.1041133,0.0,0.0,0.61459076,0.0,0.57359856,2.6345809,1.8795947,1.6665577,0.0,0.0,0.0,0.0,0.0,0.0,0.0,2.594625,2.6606648,1.7358166,0.0,0.0,0.0,0.0,2.6994414,0.0,0.0,1.5676838,1.3673472,1.9713204,0.9022592,0.0,0.0,0.0,0.15085761,0.0,0.19678852,0.0,2.3236392,0.0,2.250193,0.0,2.0828726,0.0,0.0,1.3792337,0.0,1.8040484,1.1580894,1.1303368,0.0,0.6580149,0.0,2.219335,1.7290063,0.0,0.96356666,0.0,2.1928997,0.0,2.4825027,0.0,0.0,0.0,0.0,0.0,0.0,2.0501926,0.0,0.0,1.099063,0.0,0.0,0.96312416,0.17309776,1.3157189,0.0,2.2492955,0.0,3.0304947,0.66999125,1.7943205,0.0,1.210997,0.0,1.0763443,0.0,0.0,0.0,0.0,0.0,0.0,1.447204,0.0,0.0,1.3465492,2.5085475,1.969413,0.558026,0.0,0.0,0.0,0.0,0.0,1.193158,0.0,0.0,0.0,1.835146,0.0,0.0,0.0,1.718119,4.0
0.0,0.0,0.0,0.09373383,1.260205,0.5148637,0.86278254,0.0,0.0,1.0130078,0.0,0.9696395,0.80753696,1.2317538,0.6640347,0.0,0.06456147,0.0,0.69363105,0.0,0.038052075,1.1474093,0.0,0.0,0.0,0.31114718,1.7979611,0.0,0.5290844,0.13652241,0.7485176,0.7494139,0.0,0.0,0.45024902,1.082285,0.2898194,0.07321807,1.1257157,0.0,0.0,0.0,0.03848488,0.0,0.0,0.6741906,1.1359606,0.0,0.14371142,0.37051606,0.64396095,0.52793604,0.33603698,0.0,1.9940076,0.0,0.0,0.0,0.0,0.24459085,0.6634952,0.0,0.0,0.0,0.20733681,0.3568008,0.7939665,0.7114342,0.3875888,0.0,0.15159103,0.39457142,0.0,0.14691111,1.2165432,0.10323546,0.0,0.0,0.6739451,1.3237274,0.0,0.0,0.12456839,0.0,0.51854086,0.19906525,1.470809,0.71518576,0.30409333,0.0,0.0,0.0,0.0,0.0,0.0,0.21082047,0.0,0.5204488,0.0,0.0,0.0,0.25538784,0.0,0.68784744,1.3960953,1.4877335,0.22955674,0.55162305,0.54420364,0.0,0.6156406,0.0,0.0,0.31222147,0.22862437,1.5267665,1.1708281,0.5520851,0.4889251,0.098360606,0.00637445,0.74480087,0.0,0.0,0.0,1.1220081,0.0,0.0,4.0
0.8881104,0.0,1.1564006,0.0,1.9614406,0.0,1.3812628,0.29843706,0.0,0.61729705,0.9673879,1.7736969,0.0,1.9633563,0.0,0.0,0.0,0.0,0.0,0.0,0.0,1.4755738,0.18459623,0.0,0.6098798,0.0,0.0,0.9040924,0.0,0.0,0.0,0.0,1.8991541,0.7870009,0.11900503,0.17052884,0.0,0.8181727,0.008713437,0.6063494,0.0,0.0,0.54750526,1.7777334,0.0,0.38705218,0.0,0.29400945,0.0,0.0,0.0,0.0,0.0,0.0,0.0,0.0,0.045428324,0.0,0.0,0.0,0.0,0.0,0.0,0.83807784,0.0,0.23341309,1.3379426,0.44050813,0.5675062,0.10414906,0.0,0.0,0.0,0.20776792,0.0,0.27061006,0.9086436,0.0,0.0,0.0,0.0,0.0,0.37893605,0.0,0.0,0.0,0.0,0.17952482,0.8892043,0.0,1.3206023,0.0,0.48045984,0.0,1.8538493,0.0,0.0,0.018687863,0.0,0.51550484,0.0,0.0,0.11344812,0.0,0.0,0.0,0.0,0.52451277,0.0,0.0,0.55540705,2.229116,0.0,0.0,0.0,0.0,0.7249544,0.0,0.5057786,0.61350024,0.0,0.0,0.92687464,0.1681105,0.0,0.0,0.0,0.0,4.0
0.7296536,0.0,0.9982441,0.0,1.9027591,0.0,1.4241762,0.22163151,0.0,0.6295446,0.46824172,1.7324773,0.0,1.9011661,0.0,0.0,0.0,0.0,0.0,0.0,0.0,1.5159811,0.0,0.0,0.55280757,0.0,0.0,0.8281452,0.0,0.0,0.0,0.0,1.4294847,0.8526014,0.0,0.34444433,0.0,0.8399037,0.25197497,0.4841926,0.0,0.0,0.39473042,1.4753938,0.0,0.27162322,0.0,0.0,0.0,0.0,0.0,0.0,0.0,0.0,0.0,0.0,0.26013616,0.0,0.0,0.0,0.0,0.0,0.0,0.53876305,0.0,0.0,1.3703753,0.26906875,0.56468976,0.0,0.0,0.0,0.0,0.23812419,0.0,0.31600505,0.8024614,0.0,0.0,0.0026786772,0.0,0.0,0.35505837,0.0,0.0,0.0,0.0,0.16317262,1.0082299,0.0,1.257694,0.0,0.0,0.0,1.4418237,0.0,0.0,0.09900047,0.0,0.69091374,0.0,0.0,0.13910279,0.0,0.0,0.0,0.0,0.4590137,0.0,0.0,0.47587126,1.7654773,0.0,0.0,0.0,0.0,0.83221096,0.0,0.5678987,0.24261923,0.0,0.0,0.55847216,0.080072366,0.0,0.0,0.0,0.0,4.0
0.6873436,0.65795755,1.3976184,1.0627497,0.0,0.0,0.0,0.0,0.55556303,0.70116895,0.0,0.6032922,1.2866666,0.0,0.0,0.0,0.03274514,0.0,0.07521548,0.83612067,0.0,0.0,0.0,0.70476353,0.0,0.6363525,0.22024377,0.0,0.74718195,0.0,0.936161,0.0,0.15798922,0.6120571,1.1819053,0.52437085,0.42742738,0.0,0.4092621,0.0,0.79945487,0.11522371,0.0,0.09180081,0.0,0.565227,0.0,0.0,0.35780588,0.0,0.0,0.6652019,0.0,0.0,0.26349652,0.016807515,0.0,1.0848483,0.0,0.37627998,1.3146727,0.0,0.9623617,0.0,1.4210492,0.0,0.0,0.2616299,0.9510642,0.0,0.032668862,0.67634165,0.7162589,0.8303214,0.0,0.8561565,0.96359885,0.0,0.0,0.26429296,0.26028723,0.0,0.91510725,0.0,0.0,1.0310261,0.22280881,0.0,0.35261056,0.67472005,0.7970827,0.34091398,0.0,0.7465809,0.0,1.1011106,1.1375885,0.16824163,0.69296205,0.0,1.4434284,0.0,0.0,0.23814419,0.0,0.0,0.0,1.0126617,1.0893008,0.0,0.8242014,0.25712308,0.0,0.8323255,0.5179695,0.64422697,0.0,0.0,0.0,0.0,0.0,0.6870497,0.0,0.0,0.0,0.3434611,0.67600316,0.6831074,4.0
0.0,0.0,0.0,0.0,0.0,1.4364274,1.302396,0.0,0.34664473,0.0,0.0,0.0,0.0,0.0,1.1320451,0.8219921,0.0,1.2366619,0.2129701,0.0,1.3285285,0.0,0.0,0.0,0.8166243,0.3769971,0.0,1.1699347,0.29893252,1.2849891,0.0,0.0,0.0,0.0,0.0,0.0,0.35773513,1.0159708,0.0,0.0,0.0,0.52293205,0.0,0.092193216,0.0,0.0,0.3856497,0.5058814,0.10323027,0.0,0.75762373,0.0,0.0,0.0,0.0,0.0,0.9363856,0.0,1.4294244,0.3938686,0.0,1.265685,0.0,0.0,0.0,0.43057537,0.0,0.0,0.0,0.0,0.0,0.0,0.0,0.0,0.80085605,0.0,0.0,1.1542037,0.0,0.0,0.1520883,1.1760023,0.0,0.56026864,1.110476,0.0,0.0,1.2685745,0.0,0.0,0.0,0.0,0.0,0.0,0.0,0.0,0.0,0.7423365,0.0,1.1928959,0.0,1.398841,1.2950922,0.0,0.0,0.0,1.4377927,0.0,0.0,1.1274179,0.0,0.0,0.0,0.0,0.22344199,0.0,0.46016765,1.5429899,1.0872424,0.0,1.5107694,0.0,0.7013965,0.0,1.2782619,0.0,0.14894013,0.0,4.0
0.0,0.0,0.0,0.7476626,0.0,0.0,0.0,0.0,0.8549034,0.0,0.74996984,0.0,0.6211144,0.0,0.0,0.0,1.2407597,0.87691104,0.757171,1.6422409,0.0,0.0,0.47497222,0.30934414,0.12141644,0.0,0.0,0.046277028,0.0,0.0,0.0,0.0,0.047381762,0.23918489,0.0,0.0,0.0,0.0,0.0,0.27323568,0.0,0.0,0.6225125,0.0,0.30699795,0.0,0.0,1.2043476,0.0,0.0,0.21628155,0.0,0.9887238,0.33542114,0.0,0.5460759,0.0,0.906086,0.0,0.0,0.19601849,0.0,1.0478518,0.0,0.0,0.0,0.0,0.0,0.82867754,0.98294955,0.41268677,0.0,0.33201137,0.8148145,0.0,0.7058804,0.0,0.0,0.0,0.0,0.0,0.0,0.99025494,0.0,0.3009782,0.95426977,0.0,0.40121683,0.0,1.4616024,0.0,0.39700457,0.82125527,0.6590023,0.09856484,0.6015704,1.3743479,0.0,0.14772666,0.06412121,0.17839031,0.0,0.07115928,0.0,0.0031502508,0.028590854,0.0,0.0,0.0,0.0,0.0,0.13414137,0.346679,1.0989809,0.0,0.0,0.0,0.0,0.0,0.0,0.0,0.0,1.1144092,0.2840643,0.0,0.0,0.0,1.044206,4.0
2.1633751,3.9144068,2.6988955,2.2790327,2.3443167,0.0,0.0,0.63841885,0.0,2.6160748,0.46735817,2.4164877,3.1438563,2.0719688,0.06246372,0.0,0.0,0.0,2.1730213,2.063841,0.0,1.5832345,0.6532764,1.185665,0.0,2.7767122,0.40367377,0.0,2.8781385,0.0,1.3870229,1.2517245,1.817683,0.0,3.344919,0.7459504,1.9145,0.0,0.6566793,0.19910629,2.831149,0.0,0.0,0.0,0.0,2.4045835,0.0,0.6599396,1.6089071,2.2150373,1.7973989,2.5504472,0.5378486,0.53399086,0.40130356,0.3669819,0.0,2.5820339,0.0,0.0,2.217993,0.0,2.1521897,2.3969936,1.8262626,1.6561544,2.0979767,2.0382671,1.3591717,0.44558057,2.4359422,1.8033496,2.577717,1.5069932,0.0,1.3362706,3.2634492,0.0,0.0,0.08507105,4.0823956,0.0,1.9084103,0.0,0.6197478,2.4816816,0.0,0.0,0.17537813,1.1152903,2.8925555,0.0,0.22914815,2.6628706,0.42094487,2.4771714,2.303287,0.28250316,0.0,0.0,2.1853592,0.0,0.0,1.4578679,0.0,0.0,0.0,1.9853895,2.4172008,0.0,1.769945,1.3472576,0.0,2.4571822,2.8933482,0.0,2.1753252,0.0,0.0,1.0348331,0.0,1.7958938,0.7293021,0.0,0.0,1.7288359,3.6024742,0.0,4.0
0.0,0.0,0.0,0.0,0.0,0.668787,0.6131636,0.0,0.0,0.0,0.0,0.0,0.0,0.024365129,1.1607058,0.34142563,0.0,0.81454396,0.0,0.0,0.56532764,0.19333063,0.0,0.0,0.65300757,0.0,0.0,1.2341701,0.0,0.61210555,0.0,0.0,0.0,0.0,0.0,0.0,0.0,1.2544647,0.0,0.022101348,0.0,0.0,0.48408827,0.7334719,0.23865412,0.0,0.77208394,0.0,0.0,0.0,0.3371354,0.0,0.0,0.0,0.0,0.0,0.29130098,0.0,0.8674485,0.0,0.0,1.1801288,0.0,0.0,0.0,0.8926574,0.0,0.0,0.0,0.0,0.0,0.0,0.0,0.0,0.22875422,0.0,0.0,0.7517657,0.0,0.0,0.0,0.6369426,0.0,0.116185516,0.5745571,0.0,0.0,0.8126499,0.0,0.0,0.0,0.0,0.0,0.0,0.0,0.0,0.0,0.16580562,0.0,0.9132409,0.0,0.71730936,0.8730455,0.0,0.0,0.0,0.7396545,0.0,0.0,0.44125178,0.0,0.0,0.39543542,0.0,0.0,0.0,0.9883172,1.2610635,1.2567738,0.0,0.6185123,0.0,0.0,0.58081424,0.74407494,0.0,0.0,0.0,4.0
0.16277516,0.0,0.16800469,0.0,0.0,0.0,0.0,0.5719434,0.0,0.0,0.4553993,0.1876338,0.0,0.0,0.0,0.41732743,0.0,0.5304253,0.0,0.21486929,0.0,0.76557297,0.07580755,0.7480832,1.6768941,0.0,0.0,1.1172076,0.0,0.0,0.0,0.0,0.0,1.2282773,0.0,0.0,0.0,0.29684448,0.0,1.8493242,0.042161934,0.0,0.84972054,1.1374232,0.6089981,0.0,0.0,0.0,0.0,0.7134368,0.0,0.0,0.0,0.0,0.0,0.0,0.23588856,0.16554444,0.0,0.0,0.0,0.1007361,0.0,0.0,0.46021807,0.0,0.58977544,0.0,0.24873628,0.0,0.0,0.13673817,0.0,0.740748,0.0,0.63927203,0.0,0.050011482,0.15923493,0.0,0.0,0.0,0.20240518,0.12301092,0.0,0.0,0.0,0.1018702,0.0,0.0,0.53507113,0.0,0.12117134,0.0,0.7509216,0.0,0.194032,0.0,0.0,1.2198652,0.0,0.0,1.017144,0.0,0.0,0.0,0.0,0.012822894,0.0,0.0,0.07493622,0.807157,1.0562594,0.0,0.0,0.0,0.0,0.0,0.15461859,0.1054408,0.0,0.0,0.0,1.0306642,0.3930404,0.0,0.0,0.0,4.0
0.0,0.0,0.0,0.0,1.6498963,0.377188,0.71354216,0.0,0.0,0.98406523,0.0,1.2174864,0.82121515,1.5284066,0.91445345,0.0,0.63389575,0.0,0.6684171,0.0,0.0,1.684204,0.0,0.432323,0.0,0.12827654,1.5717919,0.0,0.61104614,0.0,0.33281308,0.3259193,0.0,0.0,0.33968958,1.0062499,0.0,0.22865961,1.1986941,0.0,0.0,0.0,0.06760377,0.0,0.0,0.4135844,1.2456018,0.0,0.0,1.0599322,0.64968014,0.07718843,0.0,0.0,1.765828,0.0,0.0,0.0,0.0,0.0,0.45720235,0.0,0.0,0.0,0.0,0.47272202,1.2638264,0.1731661,0.48903844,0.0,0.76603943,0.0008615483,0.16181317,0.41833794,1.3736733,0.26343104,0.0,0.0,0.78446734,1.3470628,0.0,0.0,0.26368353,0.0,0.83220166,0.08934516,1.1939563,0.963215,0.28912416,0.0,0.0,0.0,0.0,0.0008174563,0.0,0.0,0.0,0.16532391,0.0,0.0,0.0,0.0,0.0,0.26761517,1.0851344,1.1928859,0.26900002,0.29215002,0.056450278,0.0,0.3251199,0.0,0.0,0.2833702,0.0,1.435401,1.3372194,0.6426489,0.8142921,0.0,0.0,1.0224537,0.0,0.0,0.0,0.9792061,0.0,0.0,4.0
0.0,0.0,0.0,0.0,0.0,1.7072446,1.529485,0.0,0.81955683,0.0,0.0,0.0,0.0,0.0,0.33564186,0.23153795,0.0,0.4861651,0.10523718,0.0,1.7575883,0.0,0.0,0.0,0.0,0.4245598,0.17489685,0.0,0.46399483,1.5050374,0.0,0.0,0.0,0.0,0.0,0.0,0.450126,0.18333118,0.0,0.0,0.0,0.9884226,0.0,0.0,0.11162055,0.0,0.7212979,0.0,0.2703934,0.0,0.5755741,0.0,0.12842631,0.0,0.14949842,0.0,0.3772197,0.0,1.4604709,0.47822958,0.0,0.6520368,0.0,0.0,0.0,0.0,0.0,0.0,0.0,0.0,0.0,0.0,0.0,0.0,1.4108789,0.0,0.0,1.4907341,0.09904345,0.0,0.0,1.2037615,0.0,0.2181184,0.45332044,0.0,0.76218563,0.47986352,0.0,0.062396906,0.0,0.681845,0.0,0.0,0.0,0.0,0.0,0.6303415,0.0,0.19968589,0.0,1.7893062,0.31620577,0.18420155,0.23061132,0.45807955,1.4416509,0.0,0.0,1.5474105,0.0,0.0,0.08178566,0.0,0.2290741,0.29210076,0.0,1.3309455,0.1745911,0.0,1.6866853,0.0,0.32435042,0.19154418,1.3872315,0.07217454,0.2303938,0.5410653,4.0
0.0,0.0,0.0,0.0,0.08606608,0.5898221,0.3596723,0.0,0.0,0.083675355,0.0,0.033083253,0.0,0.13657582,0.40424198,1.4211375,0.0,0.4584108,0.0,0.104420096,0.4384291,0.18249343,0.0,0.0,0.534006,0.19696805,0.0,0.5918647,0.0,0.30595693,0.0,0.0,0.0,0.0,0.0,0.21700227,0.77225065,0.4724489,0.42676544,0.0,0.0,0.41198966,0.0,0.0,0.0,0.0,0.61850655,0.0,0.7053816,0.13392307,0.0,0.0,0.0,0.0,0.0,0.0,1.0601845,0.0,0.8859309,0.82869667,0.0,0.56465554,0.0,0.0,0.0,0.0,0.114476025,0.0,0.0,0.0,0.0,0.0,0.0,0.0,0.039961513,0.0,0.010321903,1.0003331,0.82138824,0.16606295,0.48743978,1.4972688,0.0,1.3208504,0.12708914,0.0,0.0,0.67087245,0.0,0.0,0.0,0.0,0.0,0.0,0.0,0.0,0.0,1.0902998,0.0,0.6475779,0.0,0.83255553,0.45036137,0.0,0.0,0.0,0.35585058,0.0,0.0,1.1173979,0.0,0.0,0.0,0.0,0.5089766,0.0,0.99378306,0.8891575,0.41406614,0.0,0.5662529,0.0,0.0,0.04251199,1.19056,0.1994932,0.12106248,0.0,4.0
0.0,0.20123766,0.0,0.0,0.0,0.55970055,0.15820353,0.0,0.8516145,0.0,0.0,0.0,0.0,0.0,0.053782813,0.89691347,0.0,1.3824518,0.18871106,0.74255115,0.24732925,0.0,0.0,0.0,0.7007168,0.12912822,0.0,0.66939557,0.23885854,0.36710453,0.0,0.0,0.0,0.0,0.0,0.0,0.0,0.0,0.0,0.0,0.0,0.90438247,0.0,0.0,0.0,0.0,0.0,0.96151704,0.0,0.0,0.03260025,0.0,0.289558,0.0,0.0,0.0,0.9866306,0.0,0.5788778,0.22712843,0.0,0.4505494,0.0,0.0,0.0,0.0,0.0,0.0,0.0,0.0,0.6148383,0.0,0.57934564,0.0,0.0,0.0,0.3140978,0.26587775,0.44273323,0.0,0.23815349,0.71297234,0.0,0.64610636,1.0497719,0.0,0.0,1.2307446,0.0,0.48471376,0.0,0.69242406,0.0,0.63762695,0.0,0.0,0.0,0.2878944,0.0,1.0882887,0.0,0.36450592,1.1747596,0.0,0.0,0.0,0.7022149,0.0,0.0,0.4315485,0.0,0.0,0.0,0.0,0.0,0.0,0.0,0.5653114,0.0,0.0,0.5754227,0.0,1.1452202,0.0,0.48746717,0.0,0.55665255,0.0,4.0
0.18160257,0.08909311,0.22080442,0.0,0.0,0.14716445,0.0,0.0,0.20360611,0.0,0.08770181,0.06557154,0.0,0.23160544,0.5339968,1.2356985,0.0,1.311411,0.0,0.0,0.0,0.35498345,0.0,0.0,1.1405424,0.0,0.0,1.6442571,0.0,0.18780318,0.0,0.0,0.0,0.0,0.0,0.0,0.30606642,0.33491796,0.0,0.30231184,0.41645885,0.49367487,0.17004803,0.57409984,0.0,0.0,0.0,0.880876,0.16529046,0.3452799,0.0,0.0,0.0,0.0,0.0,0.0,1.278832,0.0,0.28835067,0.40406778,0.0,0.7564574,0.0,0.0,0.0,0.6252875,0.29708332,0.0,0.0,0.0,0.19100067,0.0,0.16166934,0.0,0.0,0.0,0.3269157,0.17373009,0.7528676,0.0,0.12708588,0.7218687,0.0,0.8798146,0.9615195,0.0,0.0,1.0518854,0.0,0.0,0.1190742,0.14643805,0.1816404,0.21080318,0.40421516,0.0,0.0,0.5714486,0.0,1.2689017,0.0,0.09133733,1.4430751,0.0,0.0,0.0,0.5086791,0.0,0.0,0.15631127,0.0,0.24365653,0.0022377379,0.0,0.03701578,0.0,0.08224023,0.57897294,0.6184905,0.0,0.14609696,0.0,1.0535882,0.07077325,0.36124998,0.0,0.0,0.0,4.0
0.6947635,1.378642,0.67541194,0.0,0.24329332,0.026643883,0.0,0.39934525,1.3120482,0.7788607,0.01672667,0.27850723,0.0,0.53467256,0.0,2.3414116,0.0,1.1230402,0.0,0.55327505,0.0,0.5067344,0.022278197,0.0,1.4701521,1.0002556,0.0,1.0946025,0.97260815,0.0,0.0,0.0,0.4886328,0.0,0.0,0.97304195,1.3315147,0.0,0.5347477,0.2268749,0.7316499,1.818238,0.0,0.0,0.0,0.0,0.0,0.9668701,1.5332178,1.5516644,0.0,0.0,0.0,0.0,0.0,0.2500829,2.1939406,0.0,0.35386223,1.5302081,0.0,0.0,0.0,0.11129731,0.0,0.13772757,0.74684775,0.0,0.0,0.0,1.4350114,0.0,1.3096081,0.0,0.0,0.0,1.2084839,0.29424322,2.1172047,1.010339,1.9276314,1.4882259,0.0,2.0798602,0.38806412,0.0,0.21045978,0.6512095,0.87353164,0.0,0.7536935,1.830741,0.36198086,1.3407872,0.57163364,0.0,0.0,1.4524628,0.0,0.8741913,0.0,0.15010655,1.2563121,0.0,0.0,0.0,0.046007615,0.0,0.0,0.85025126,0.0,0.47072247,0.0,0.0,1.1207033,0.0,0.043567717,0.0,0.0,0.0,0.2833111,0.43563902,1.5759783,0.0,0.879116,0.67721,1.447261,0.0,4.0
0.1833698,0.0,0.32907835,0.0,1.473471,0.15514605,1.2648674,0.0,0.0,0.9589222,0.0,1.4482021,0.26829153,1.5776656,0.0,0.0,0.0,0.0,0.0,0.0,0.14682965,1.0433888,0.0,0.0,0.0,0.28961894,0.13610724,0.0,0.15578,0.0,0.012743395,0.06308196,0.57635623,0.68323666,0.23710851,0.82227194,0.6137459,0.32147992,0.6697847,0.0,0.0,0.0,0.17650805,0.4263274,0.0,0.72626156,0.0,0.0,0.52260673,0.0,0.0,0.57678694,0.0,0.0,0.17604536,0.0,0.0,0.0,0.0,0.4149202,0.35369474,0.0,0.0,0.8513835,0.0,0.0,0.8604237,1.0393718,0.51844066,0.0,0.0,0.5462765,0.0,0.03939461,0.08996662,0.094360456,0.69288844,0.0,0.17609656,0.56240326,0.0,0.0,0.17502704,0.0,0.0,0.0,0.4390633,0.082159914,0.80415535,0.0,0.70332575,0.0,0.0,0.0,0.3203417,0.0,0.0,0.7643631,0.0,0.0,0.0,0.27347797,0.0,0.0,0.11448696,0.008656654,0.0,0.9037673,0.0,0.0,0.94888616,0.68917465,0.0,0.0,0.5814456,0.0,1.0384008,0.0,0.0,0.67295855,0.0,0.0,0.0,0.0,0.0,0.43455574,0.0,0.0,4.0
0.7204993,0.12010712,0.09328207,0.0,0.0,1.0495071,1.0727417,0.7847318,1.2473619,0.7229238,0.13871926,0.02857046,0.0,0.30553418,0.0,0.54551595,0.0,0.0,0.0,0.0,1.496329,0.24337989,1.2996248,0.0,0.0,1.1658889,1.107941,0.0,0.97236854,1.0238715,1.0762964,1.6712008,1.1218824,0.0,0.0,2.0636604,2.2799537,0.0,0.95718205,0.0,0.3301875,1.4381175,0.0,0.0,0.0,0.9134845,0.0,0.0,2.562411,0.4126401,0.1241681,2.361769,0.21278664,1.2559439,0.95806843,0.2938576,0.8082964,0.0,0.5053671,2.1188772,0.0,0.0,0.0,2.2371383,1.0964417,0.45081416,0.22059292,2.5580873,0.0,0.7111146,0.0,2.2147744,0.0,0.0,0.78288305,0.0,0.7153145,1.0182964,2.1647615,2.305103,0.18895777,1.1099726,0.0,0.8041267,0.0,0.0,2.7445226,0.0,1.8721979,0.0,0.06351942,1.9976491,0.76749897,0.0,0.4917033,0.009671877,0.0,2.2749534,0.45208207,0.0,0.0,1.4413699,0.0,1.5179533,0.8071003,0.9096916,0.7392398,1.7261791,1.1947578,1.1731911,2.0237432,0.09801182,0.0,0.0,1.5850328,0.21492998,0.7930207,0.38421604,0.06919757,2.6202343,1.02773,0.29666728,0.0,0.0,0.66442394,1.7677977,0.0,0.50256103,4.0
0.529266,0.23260435,1.0725489,0.86473805,0.0,0.0,0.0,0.0,0.24814764,0.49085492,0.0,0.6082181,1.1031613,0.0,0.0,0.0,0.0,0.0,0.0,0.4002299,0.0,0.0,0.0,0.5019467,0.0,0.3567219,0.14306597,0.0,0.43934575,0.0,0.82361835,0.0,0.18663418,0.91708183,1.1273475,0.5248779,0.33928242,0.0,0.46326074,0.0,0.3157018,0.0,0.0,0.2267259,0.0,0.6702839,0.0,0.0,0.3362472,0.0,0.0,0.81296873,0.0,0.0,0.19075605,0.0,0.0,0.9052321,0.0,0.3506811,1.2580979,0.0,0.805828,0.0,1.4902546,0.0,0.0,0.36086977,0.90767086,0.0,0.0,0.87311906,0.18286969,0.7012772,0.0,0.83288527,0.5873037,0.0,0.0,0.29627874,0.0,0.0,0.73985255,0.0,0.0,0.83526844,0.22678031,0.0,0.62658906,0.4297623,0.74988484,0.067116715,0.0,0.209814,0.0,0.83581704,0.8762592,0.15787426,0.8702315,0.0,1.363712,0.0,0.0,0.2459029,0.0,0.0,0.0,1.1577816,0.9154591,0.0,1.0456598,0.34236753,0.0,0.6481408,0.30271763,0.6626643,0.0,0.0,0.0,0.0,0.0,0.35397398,0.0,0.0,0.0,0.35151887,0.24915409,0.5768457,4.0
0.0,0.0,0.0,0.3646013,0.40658915,0.50654024,0.8774898,0.0,0.0,1.0552007,0.0,0.509643,0.507283,0.5938598,0.022098675,0.0,0.0,0.0,0.71686196,0.0,0.5000011,0.0,0.08006472,0.0,0.0,0.73942345,1.5202837,0.0,0.6285384,0.4094879,1.2734648,1.18427,0.018800164,0.08592573,0.6387904,1.0132525,0.8790268,0.0,0.6257991,0.0,0.0,0.0,0.0,0.0,0.0,0.9815643,0.34135696,0.0013822475,0.7065248,0.0,0.67469853,1.1883961,0.7778964,0.0,1.5840681,0.0,0.0,0.0,0.015385644,0.702284,0.7929996,0.0,0.0,0.7547035,0.58493584,0.39639387,0.0,1.4926066,0.1637027,0.15746532,0.0,0.8494619,0.0,0.0,0.49790052,0.0,0.28357208,0.0,0.0,0.98941195,0.0,0.0,0.0,0.0,0.0,0.42024574,1.4377214,0.0,0.5786558,0.18051302,0.0,0.0,0.0,0.0,0.0,0.4322952,0.0,1.0997806,0.9441027,0.0,0.5625548,0.59861875,0.0,1.1212583,1.2400331,1.3441935,0.18686663,0.97834796,1.3017043,0.0,1.0801558,0.0,0.0,0.26687557,0.96031,1.0271329,0.25697458,0.13377054,0.0,0.8149106,0.30790243,0.51193506,0.0,0.0,0.0,0.857456,0.0,0.0,4.0
0.0,0.0,0.0,0.0,0.0,0.25499797,0.0,0.0,0.63214916,0.0,0.0,0.0,0.0,0.0,0.0,1.0916486,0.0,1.382544,0.0,0.6559097,0.0038244158,0.0,0.00786152,0.0,0.74011195,0.0,0.0,0.63915026,0.0,0.122684166,0.0,0.0,0.0,0.0,0.0,0.0,0.053613324,0.0,0.0,0.0,0.0,0.7015399,0.122414,0.0,0.0,0.0,0.0,0.9813384,0.0,0.0,0.0,0.0,0.4300788,0.0,0.0,0.0,0.94483346,0.0,0.3371227,0.2638848,0.0,0.311265,0.0,0.0,0.0,0.0,0.0,0.0,0.0,0.0,0.26192006,0.0,0.1824912,0.0,0.0,0.0,0.0,0.35764158,0.9026381,0.0,0.0,0.9502972,0.0,0.98661935,0.71216357,0.0,0.0,1.4134654,0.0,0.4565981,0.0,0.5258157,0.04726413,0.2904266,0.0,0.0,0.0,0.4407082,0.0,0.7827989,0.0,0.14871551,1.0091563,0.0,0.15237363,0.12735651,0.3545745,0.0,0.0,0.2574173,0.0,0.0,0.0,0.0,0.0,0.0,0.0,0.2264832,0.0,0.0,0.26111707,0.0,1.0584031,0.009612796,0.4793593,0.0,0.11461627,0.0,4.0
0.0,0.12737226,0.0,0.0,0.0,1.8274889,1.6749278,0.009549846,1.0474844,0.15935709,0.0,0.0,0.0,0.0,0.3853824,0.82459784,0.0,0.24684192,0.0,0.0,1.9990842,0.0,0.0,0.0,0.023369018,0.96058583,0.0,0.0,0.95740175,1.6076626,0.0,0.0,0.0,0.0,0.0,0.5599789,1.2321856,0.25080466,0.42887187,0.0,0.0,1.556618,0.0,0.0,0.0,0.0,0.6643244,0.0,1.2297913,0.04767826,0.48065987,0.007395608,0.0,0.0,0.0,0.0887246,0.954075,0.0,1.6119237,1.2162226,0.0,0.56110513,0.0,0.0,0.0,0.0,0.0,0.033085003,0.0,0.0,0.0,0.0,0.0,0.0,1.5380545,0.0,0.31518164,1.7252514,0.8777795,0.7932438,0.6373038,1.6550299,0.0,0.7876612,0.18182349,0.0,1.3051382,0.1801968,0.5020639,0.0,0.0,1.2596577,0.0,0.0,0.0,0.0,0.0,1.3240557,0.0,0.07157692,0.0,2.0661325,0.2667753,0.16670682,0.0,0.1987106,1.4596347,0.0,0.0,2.022113,0.0,0.0,0.0,0.0,0.90706444,0.03582619,0.44290686,1.3620652,0.3481705,0.10295745,1.890423,0.19179517,0.2993462,0.0,1.7620103,0.63063455,0.6761173,0.50311404,4.0
1.2091087,0.64066696,2.0235014,0.0,0.0,2.8956637,2.434032,0.0,0.120291166,1.319545,0.0,0.29658055,0.0,0.0,2.8770108,0.0,0.0,0.0,1.7749132,0.0,2.4575078,0.0,0.0,0.0,0.0,2.3414211,0.0,1.3944734,3.4052498,2.9869115,0.022876054,0.0,0.009097919,0.0,0.0,0.0,0.94555974,2.0234892,0.0,0.0,2.3414981,0.009545934,0.0,1.0256562,0.0,0.0,0.0,1.1545669,0.5843468,0.0,3.229902,0.49997702,0.0,0.0,0.0,0.0,0.0,0.0,1.7122048,0.36866522,0.0,2.6614344,0.0,0.0,0.0,2.8102021,0.0,0.3443932,0.0,0.024929635,0.0,0.0,1.1871227,0.0,1.6801063,0.0,2.4394412,0.40050766,0.0,0.0,1.6270722,0.0,0.0,0.0,2.6721392,0.0,0.0,0.2949739,0.0,0.0,0.0,0.0,0.0,0.7315012,0.0,0.0,0.0,0.66146725,0.0,0.91814554,0.0,2.2486897,0.7814806,0.0,0.0,0.0,2.9124465,0.0,0.94586337,1.0561144,0.0,0.0,0.0,0.0,1.8685,0.0,0.8317979,2.8248258,2.1090806,0.0,2.7545867,0.91909915,1.595647,0.0,1.0221784,0.0,2.133448,0.0,4.0
0.478663,0.089555666,0.9427788,0.94691265,0.0,0.0,0.0,0.0,0.06347092,0.25287992,0.0,0.6327934,1.2288957,0.0,0.0,0.0,0.039934665,0.0,0.0,0.43093923,0.0,0.0,0.0,0.58672404,0.0,0.051845126,0.0,0.0,0.08954436,0.0,0.70826703,0.0,0.35419953,1.2850201,1.2150944,0.36265483,0.10616442,0.0,0.36029857,0.10473759,0.060885414,0.0,0.0,0.2660707,0.0,0.7248716,0.0,0.0,0.16801012,0.0,0.0,0.75477093,0.0,0.0,0.0,0.08595199,0.0,1.1181256,0.0,0.16834117,1.3564136,0.0,0.9760017,0.020104226,1.5196728,0.0,0.0,0.28334233,1.1785542,0.0,0.0,0.9305315,0.0,0.972881,0.0,1.1189249,0.3127896,0.0,0.0,0.1386881,0.0,0.0,0.954704,0.0,0.0,0.917211,0.0,0.0,0.74762493,0.48740852,0.81778085,0.0,0.0,0.046922673,0.01129934,0.8608094,1.033414,0.0,1.0130295,0.0,1.3941119,0.0,0.0,0.17969355,0.0,0.0,0.0,1.2314966,0.7478568,0.0,1.1315928,0.5302074,0.0,0.7110332,0.0010770822,0.539544,0.0,0.0,0.0,0.0,0.0,0.1136964,0.0,0.0,0.0,0.23728386,0.045755684,0.60506445,4.0
0.0,0.8076437,0.32372186,1.4819245,0.75382763,0.0,0.0,0.049963098,0.0,1.2189987,0.0,0.70304865,1.0779728,0.634665,0.0,0.15392497,0.0,0.0,0.0122237485,0.0,0.0,0.3431853,0.0,0.0,0.0,0.94097495,0.8046028,0.0,0.6604028,0.0,1.1830364,0.95706135,0.07607428,0.46943977,0.67471725,1.3605157,1.2690065,0.0,1.1572158,0.0,0.0,0.020305328,0.0,0.0,0.0,1.1643411,0.85676885,0.0,1.3144253,0.38609666,0.0,1.5850298,0.21012501,0.0,0.730199,0.080974236,0.13814406,0.84337264,0.0,1.0080831,1.5167968,0.0,0.74264765,1.0820038,1.2316128,0.0,0.5423369,1.5803692,0.8811496,0.0,0.47370633,1.4986352,0.5150922,0.68173563,0.018308545,0.7035463,0.93437797,0.0,0.34848,1.3461752,0.7978934,0.0,0.7240057,0.21446584,0.0,1.3174509,1.0131595,0.0,1.5972868,1.1070664,0.83018166,0.0036207796,0.0,0.11644073,0.0,1.3806577,0.6242277,1.0528218,1.1806589,0.0,1.42317,0.034442715,0.0,1.0954893,0.29452136,0.52410716,0.0,1.5694095,1.1043279,0.35820773,1.5025518,0.0,0.0,0.9927445,1.3021935,0.9826637,0.40774265,0.0,0.0,0.12032095,0.0,1.0908291,0.0,0.0,0.0,1.334145,0.44909796,0.0,4.0
0.0,0.0,0.0,0.0,0.78226763,1.7270044,1.6525977,0.0,0.0,0.5816171,0.81561226,0.95014757,0.0,1.0555016,2.9807076,0.0,0.0,0.6463368,1.8872796,0.0,1.3591582,0.5236278,0.06882541,0.0,0.0,0.71741587,0.0,2.3198566,0.6817402,1.598867,0.0,0.0,0.356251,0.0,0.47080907,0.0,0.25094828,2.4690819,0.0,0.0,1.356597,0.0,0.23737267,2.5714288,0.0,0.23218392,0.765974,1.185464,0.0,0.0,2.570387,0.0,0.0,0.0,0.0,0.0,0.0,0.0,1.2829866,0.0,0.0,2.3984056,0.0,0.0,0.0,3.588692,0.02220044,0.27099964,0.0,0.7383207,0.0,0.0,0.0,0.0,0.8318593,0.0,0.0,0.17454873,0.0,0.0,0.0,0.0,0.0,0.0,1.7145778,0.0,0.0,1.2424351,0.0,0.0,0.0,0.0,0.56793165,0.0,0.35517943,0.0,0.0,0.5472399,0.1541246,0.6953287,0.0,1.3229667,0.7198491,0.0,0.0,0.0,1.5990435,0.0,0.0,0.13584071,0.0,1.1969115,0.0,0.0,0.8745182,0.0,2.0981734,2.3472984,2.6968598,0.48629797,1.3631206,0.0,1.1370218,0.0,0.0,0.0,0.0,0.0,4.0
1.7288418,1.2055781,2.151508,0.0,0.6909003,0.0,0.0,1.2928298,0.0,0.0,0.13227035,1.1304816,0.0,0.43839988,0.0,0.6232614,0.8606585,0.14718655,0.0,1.2995268,0.0,1.3444389,0.0,2.3051884,1.4499385,0.0,0.0,0.327279,0.0,0.0,0.0,0.0,0.00462769,2.5171332,0.0,0.0,0.0,0.0,0.0,2.1691751,1.3499551,0.15234663,1.6444174,0.7531235,1.2755752,0.0,0.0,0.0,0.0,1.9106406,0.0,0.0,0.0,0.0,0.0,1.4668943,0.30414385,1.2319189,0.0,0.0,0.0,0.0,0.9571402,0.0,0.68214434,0.0,1.6581861,0.0,1.5722657,0.0,0.29191107,0.039830294,0.092094876,2.3243935,0.0,2.2225015,0.0,0.0,1.2591993,0.0,0.0,0.0,1.7163342,0.42456925,0.0,0.0,0.0,0.0,0.0,0.0,2.3833497,0.041559666,0.012572874,0.17528923,1.3191823,0.3877405,2.106229,0.0,0.0,0.793906,0.0,0.0,0.60291433,0.0,0.0,0.0,0.0,0.17113706,0.0,0.0,0.32064468,0.58537066,1.6704184,0.0,0.0,0.0,0.0,0.0,0.0,0.0,0.0,0.0,0.0,1.4341515,0.0,0.0,0.0,0.0,4.0
0.0,0.272628,0.36596373,0.96678895,0.0,0.058512487,0.0,0.0,0.5625116,1.2854236,0.15224476,0.24485613,0.9290391,0.03145042,0.0,0.0,0.0,0.0,1.6517526,0.22171581,0.19938788,0.0,0.64284986,0.0,0.0,1.2905742,1.6246359,0.0,1.1116201,0.23207088,1.7030567,1.4165432,0.5460784,0.0,1.0194205,0.83525527,1.0556849,0.0,0.26810157,0.0,0.38820228,0.0,0.0,0.0,0.0,1.0200751,0.0,0.5214613,0.79106593,0.0,1.2079724,1.3126657,1.3880111,0.43190888,1.4609255,0.0,0.0,0.47741914,0.0,0.55947393,1.1213177,0.0,0.5059536,1.0068034,0.92554146,0.88644844,0.0,1.6858706,0.21823719,0.97860795,0.0,0.9018478,0.6568791,0.0,0.0,0.0,0.89486927,0.0,0.0,0.7008439,0.0,0.0,0.28574446,0.0,0.065927505,1.040793,1.3891982,0.0,0.27067623,0.679331,0.0,0.4008775,0.2515547,0.49098715,0.0,1.0391784,0.6883374,0.9233652,1.0096757,0.0,1.1156728,0.21566087,0.0,1.4079198,1.1408503,1.3835423,0.0,0.9189976,1.87907,0.0,0.9390266,0.11817631,0.0,0.8973724,1.4450775,0.9535926,0.0,0.0,0.0,0.8687267,0.15683696,1.1528151,0.68134433,0.0,0.0,0.76687455,0.02843183,0.39114034,4.0
0.0,0.0,0.0,0.44558552,0.43994594,0.40398383,0.7692853,0.0,0.0,1.2127135,0.0,0.62669224,0.4724057,0.6305469,0.0,0.0,0.0,0.0,0.66210324,0.0,0.5199168,0.0,0.109419696,0.0,0.0,0.91530293,1.3181818,0.0,0.7907599,0.33864143,1.2685035,1.0996362,0.33887875,0.11256955,0.6951895,1.0923839,1.0692211,0.0,0.6229825,0.0,0.0,0.0,0.0,0.0,0.0,1.0231785,0.14512421,0.0,0.8917123,0.0,0.6226566,1.3099658,0.7092817,0.0,1.3177117,0.0,0.0,0.0,0.013425047,0.8219625,0.8058175,0.0,0.0,0.95647323,0.62460786,0.45249146,0.0,1.6382225,0.18119062,0.25155318,0.0,0.9130787,0.0,0.0,0.28668034,0.0,0.63181084,0.0,0.0,0.98421764,0.0,0.0,0.0,0.0,0.0,0.4773832,1.3399918,0.0,0.730626,0.23925002,0.0,0.0,0.0,0.0,0.0,0.47370344,0.0,1.224189,1.0930431,0.0,0.65222615,0.5706184,0.0,1.0400367,0.99369407,1.0897629,0.09213517,1.0692621,1.3287185,0.0,1.1755704,0.16174053,0.0,0.28455386,1.2000508,0.84432995,0.2216102,0.0,0.0,0.8024614,0.25630468,0.5967888,0.1468102,0.0,0.0,0.83910143,0.0,0.0,4.0
0.0,0.0,0.2298798,0.7447207,0.5890667,0.0,0.0,1.5593718,0.0,0.0,0.0,0.27010298,0.6300104,0.32530853,0.0,0.0,0.0,0.0,0.0,0.0,0.0,0.40499586,0.48871374,0.09098135,0.0,0.0,0.0,0.0,0.0,0.0,0.4073142,1.1381471,0.95303774,1.0401875,0.48456377,0.0,0.0,0.0,0.07563872,0.0973443,0.0,0.0,0.48674533,0.0,1.103849,1.1949495,1.0761019,0.0,0.0,0.06147947,0.0,1.6011215,0.0,0.5204245,0.0,0.55947036,0.0,0.5827034,0.0,0.0,0.7535291,0.0,0.503092,2.030238,0.7318098,0.0,0.52159244,1.5747279,0.7460507,0.16470207,0.0,1.503569,0.0,0.7575227,0.34210303,0.83979243,0.0,0.21493024,0.048182502,0.09789316,0.05413006,0.30199298,0.7127752,0.069382995,0.0,0.8424937,0.0,0.0,1.2825947,0.3336319,0.4075298,0.0,0.10769131,0.0,0.65856403,0.46216628,0.16256236,0.0,1.5697595,0.0,0.7320414,0.0,0.0,0.84676945,0.0,0.0,0.0,1.7945439,0.6196249,0.3159321,1.6003542,0.37523723,0.7838403,0.26765874,0.0,0.0,0.3771992,0.0,0.0,0.6808665,0.0,0.0,0.0,0.65537083,0.27908927,0.052645426,0.0,0.0,4.0
0.0,0.0,0.027069183,0.893063,0.47560996,0.0,0.101432644,0.0,0.0,1.4448847,0.0,0.6168826,1.0591228,0.5659482,0.0,0.0,0.0,0.0,1.4408319,0.0063015665,0.0,0.0,0.0,0.0,0.0,1.132917,1.1198903,0.0,1.0822682,0.0,1.1170913,0.67560095,0.1792209,0.0,0.96410966,0.9605816,0.82058287,0.0,0.55696833,0.0,0.018667582,0.0,0.0,0.016009074,0.0,0.7812448,0.08234181,0.5263577,0.60684216,0.0,0.9809741,0.64937186,0.8287576,0.0,1.1301394,0.0,0.0,0.51756704,0.0,0.6176336,1.0255065,0.0,0.46734422,0.30432236,0.36825594,0.7194667,0.0,0.956348,0.609203,0.09129957,0.306334,0.3615638,0.9276789,0.3125953,0.0,0.17232907,0.7436558,0.0,0.0,0.89676446,0.0,0.0,0.5611537,0.0,0.12120221,1.020778,0.9849856,0.0,0.5259389,0.6480797,0.024306966,0.0,0.0,0.6596906,0.0,0.7994425,0.52521425,0.9742066,0.92018235,0.0,0.748045,0.0,0.0,0.7877167,0.64896786,0.9095183,0.0,0.5859668,1.2118925,0.0,0.572492,0.20570877,0.0,0.94102526,1.1725707,0.7263433,0.0,0.0,0.0,0.0,0.0,1.314079,0.47303838,0.0,0.0,0.72848344,0.03615452,0.0,4.0
0.012843365,1.328821,0.49673617,0.39986593,0.11433934,0.0,0.0,0.0,0.89771396,1.0063697,0.0,0.17289922,0.1237831,0.10233565,0.0,1.4902817,0.0,0.93097174,0.5432238,1.121351,0.0,0.0,0.0,0.0048653022,0.68153816,1.0352168,0.0,0.46868613,1.0642788,0.0,0.0,0.0,0.0,0.0,0.0,0.57958543,0.7210038,0.0,0.49393323,0.0,0.29650855,0.9876036,0.0,0.0,0.0,0.0,0.0,0.816125,0.7629804,0.78557366,0.0,0.0,0.0050626537,0.0,0.0,0.0,1.4869999,0.18370074,0.18806016,0.9071394,0.0,0.0,0.20877282,0.0,0.0,0.0,0.13242693,0.0,0.16660774,0.0,1.7436529,0.0,1.7457651,0.3909518,0.0,0.020603819,1.2095382,0.0,0.61409324,0.49822414,1.5703412,0.5807502,0.44569042,1.3229057,0.6533359,0.4397531,0.0,0.7186392,0.4193968,0.8022562,0.39006716,0.97214776,0.0,1.6638956,0.0,0.5325562,0.38968486,0.9233189,0.0,0.83734107,0.0,0.0,0.7667626,0.0,0.0,0.0,0.0,0.0,0.0,0.25207227,0.0,0.0,0.0,0.5615622,0.9299761,0.0,0.0,0.0,0.0,0.0,0.11210384,1.0474336,1.0934724,0.0,0.08174814,0.39200422,1.5597343,0.0,4.0
0.24321084,0.46819142,0.13510817,1.0556058,0.0,0.0,0.0,0.0,1.5045509,0.0,0.0,0.0,0.024742775,0.0,0.0,0.0,1.2684268,0.0,0.0,0.0,0.0,0.0,0.0,1.2204949,0.0,0.0,1.3413212,0.0,0.0,0.0,1.5341328,0.8742373,0.0,0.38849685,0.0,0.12590021,0.0,0.0,0.5023316,0.0,0.0,1.3210818,0.0,0.0,0.0,0.0,0.0,0.0,0.0,0.0,0.0,0.49489236,0.41079286,0.0,1.4223727,1.2440972,0.0,0.40984428,0.0,0.03064328,1.1157358,0.0,0.36357677,0.0,2.3130589,0.0,0.0,0.0,0.030803582,0.0,0.121309504,1.0082103,0.046792705,0.24322462,0.0,0.33830518,0.0,0.0,0.0,0.33881372,0.0,0.0,0.21081501,0.0,0.0,0.6215759,0.9308543,0.0,0.05447616,0.801839,0.0,1.4229815,0.0,0.19021007,0.0,1.3157804,0.32496798,0.0,0.18385057,0.0,1.9779687,0.0,0.0,1.273852,1.0586218,1.3854016,0.0,1.1592548,1.158906,0.0,0.7106299,0.0,0.04934247,0.1647465,0.0,1.8140107,0.0,0.0,0.0,0.0,0.0,0.48377442,0.0,0.0,0.0,0.46819678,0.011342788,1.9504026,4.0
0.0,0.0,0.0,0.0,0.0,1.2745441,1.0625076,0.0,0.0,0.0,0.0,0.0,0.0,0.0,1.0963012,0.59895,0.0,0.27211452,0.1743503,0.0,1.2119594,0.23363894,0.0,0.0,0.36740968,0.43001035,0.0,0.5734312,0.17023279,1.0986147,0.0,0.0,0.0,0.0,0.0,0.0,0.6942632,0.89919066,0.04149947,0.0,0.0,0.3368649,0.0,0.0,0.15545008,0.0,1.1788039,0.0,0.46697643,0.033349674,0.6196096,0.0,0.0,0.0,0.0,0.0,0.4135773,0.0,1.359259,0.41079122,0.0,1.0185891,0.0,0.0,0.0,0.59523374,0.054067224,0.0,0.0,0.0,0.0,0.0,0.0,0.0,0.98859084,0.0,0.0,1.4990832,0.0,0.0,0.5443279,1.343614,0.0,0.46733776,0.52888906,0.0,0.0,0.51022685,0.0,0.0,0.0,0.0,0.0,0.0,0.0,0.0,0.0,0.7376665,0.0,0.5088432,0.0,1.4619914,0.4115689,0.0,0.0,0.0,1.0287428,0.0,0.0,1.4343797,0.0,0.0,0.13588917,0.0,0.5755217,0.0,1.3650373,1.4924049,0.93641204,0.0,1.2869846,0.0,0.0,0.30368844,1.5493035,0.017669303,0.21438242,0.0,4.0
0.42497998,0.0,0.7514278,0.0,1.7386395,0.06972477,1.3247672,0.0,0.0,1.2653712,0.0,1.7220509,0.1691999,1.812966,0.046865083,0.0,0.0,0.0,0.0,0.0,0.11313407,1.2323983,0.0,0.0,0.0,0.5407914,0.0,0.41965353,0.43867198,0.0,0.0,0.0,0.8831827,0.5338634,0.23762657,0.847895,0.72972834,0.48032466,0.6563147,0.0,0.0,0.0,0.0,0.92481625,0.0,0.55830777,0.0,0.0,0.5762482,0.0,0.0,0.21316755,0.0,0.0,0.0,0.0,0.23328714,0.0,0.0,0.4675367,0.13705935,0.0,0.0,0.67147726,0.0,0.25568748,1.0711305,0.80429363,0.5508849,0.0,0.0,0.19286454,0.0,0.068135984,0.0,0.09174155,1.1032671,0.0,0.0,0.48652697,0.0,0.0,0.22764538,0.0,0.0,0.0,0.12315945,0.22895648,0.83099955,0.0,1.0735914,0.0,0.0,0.0,0.6158209,0.0,0.0,0.8513986,0.0,0.21947001,0.0,0.21073227,0.0,0.0,0.0,0.0,0.0,0.5711303,0.0,0.0,0.6327071,1.1757774,0.0,0.0,0.8021821,0.0,1.1754706,0.0,0.16736144,0.30402312,0.0,0.10348997,0.43468785,0.0,0.0,0.26998693,0.0,0.0,4.0
0.0,0.34171999,0.0,1.8214967,0.0,0.0,0.0,0.0,0.7997727,0.5911447,0.3152356,0.0,1.4516578,0.0,0.0,0.0,0.9386398,0.0,1.348706,0.8676463,0.0,0.0,0.37319708,0.00906008,0.0,0.38134876,1.3535053,0.0,0.17431778,0.0,1.6092463,1.1676713,0.3532676,0.37425885,0.7701375,0.2764117,0.08647526,0.0,0.069767706,0.0,0.0,0.0,0.027604356,0.0,0.0,0.54119134,0.0,0.42919365,0.0,0.0,0.298365,0.35518736,1.5854055,0.30263394,1.270043,0.47005236,0.0,1.4521444,0.0,0.034528125,1.5596498,0.0,1.3569268,0.37414616,0.9410867,0.0,0.0,0.620183,1.1586304,0.7764025,0.54077476,0.3217373,0.9392664,1.0288774,0.0,0.8960079,0.16930807,0.0,0.0,0.2751876,0.0,0.0,1.2661184,0.0,0.0,1.8175082,0.7576499,0.0,0.19023488,1.7759935,0.0,0.62527716,0.30611143,0.98105687,0.0,1.6586969,1.6288223,0.16667846,1.4123747,0.0,1.6631261,0.0,0.0,1.3435036,1.0125265,1.2936532,0.0,0.66045386,1.4504557,0.0,0.3914658,0.014761138,0.0,1.6776024,0.32698107,0.9977282,0.0,0.0,0.0,0.123670265,0.0,1.2499802,0.41567674,0.0,0.0,0.35698438,0.0,1.1152159,4.0
0.0,0.6651622,0.5585335,1.2774699,0.6925641,0.0,0.0,0.0,0.17541298,1.6322794,0.0,0.83530116,1.3655746,0.70661265,0.0,0.0,0.14747934,0.0,1.5155641,0.64631283,0.0,0.0,0.0,0.0,0.0,1.1506752,1.1692768,0.0,1.0882373,0.0,1.2067064,0.6064893,0.17120767,0.0,1.0327994,1.042194,0.8269061,0.0,0.671261,0.0,0.5922622,0.0,0.0,0.0,0.0,0.6451449,0.0,0.8173596,0.6260507,0.0,0.7048115,0.45289883,1.1572682,0.0,1.1756035,0.0,0.0,1.0565004,0.0,0.551835,1.1635112,0.0,0.9600301,0.2666817,0.51744217,0.6789628,0.0,0.7878798,1.002253,0.07023271,0.824533,0.2812426,1.4809072,0.890203,0.0,0.6605526,1.1208373,0.0,0.0,0.90826756,0.23078427,0.0,1.1401173,0.0,0.39010182,1.2783726,0.9305125,0.22110069,0.290013,1.0218608,0.474298,0.27859154,0.0,1.288575,0.0,1.305403,1.2163302,0.8468818,0.42528203,0.0,0.8615187,0.0,0.0,0.62193835,0.73610234,0.97372586,0.0,0.56730044,1.1745948,0.0,0.46995386,0.2145772,0.0,1.2044219,1.2378733,0.7982697,0.0,0.0,0.0,0.0,0.0,1.5485433,0.71239364,0.0,0.0,0.8667234,0.45296568,0.0,4.0
0.0,0.0,0.0,0.0,0.0,1.7869982,1.7337726,0.0,0.5480395,0.0,0.0,0.0,0.0,0.0,0.9669544,0.2982471,0.0,1.1480005,0.15698425,0.0,1.8158594,0.0,0.0,0.0,0.44030458,0.0346361,0.0,0.6404318,0.0,1.6215818,0.0,0.0,0.0,0.0,0.0,0.0,0.09075167,0.8600882,0.0,0.0,0.0,0.604229,0.0,0.0,0.18157326,0.0,0.87296295,0.411312,0.0,0.0,0.8581926,0.0,0.0,0.0,0.0,0.0,0.40228662,0.0,1.6425127,0.1381386,0.0,1.2197074,0.0,0.0,0.0,0.13508454,0.0,0.0,0.0,0.0,0.0,0.0,0.0,0.0,1.3383704,0.0,0.0,1.6810495,0.0,0.0,0.0,1.2875044,0.0,0.18881036,0.93892914,0.0,0.046988387,1.1702784,0.0,0.0,0.0,0.122521184,0.0,0.0,0.0,0.0,0.0,0.4449068,0.0,0.7759507,0.0,1.8544989,1.0153093,0.0,0.031577807,0.14021827,1.667289,0.0,0.0,1.4037194,0.0,0.0,0.28435823,0.0,0.0,0.0,0.15538809,1.6529025,0.92365956,0.0,1.7916837,0.0,0.5878507,0.5294487,1.5563871,0.0,0.0,0.0,4.0
0.0,0.50040114,0.0,0.026195018,0.0,1.0054039,0.6774926,0.0,0.83159596,0.2940673,0.0,0.0,0.0,0.0,0.0,0.48229134,0.0,0.12967767,0.19429144,0.0,0.9930847,0.0,0.0,0.0,0.0,0.78134674,0.1719209,0.0,0.8210781,0.8372797,0.15711969,0.0,0.0,0.0,0.0,0.43957043,0.7421414,0.0,0.38501108,0.0,0.0,1.0520655,0.0,0.0,0.0,0.0,0.23080441,0.0,0.75480634,0.07066636,0.2602346,0.0,0.19981836,0.0,0.13056028,0.15818961,0.6290363,0.0,0.8910254,0.78464705,0.0,0.10361217,0.0,0.0,0.03778524,0.0,0.0,0.0,0.0,0.0,0.30110314,0.0,0.34004077,0.0,0.72110945,0.0,0.5601794,0.6620481,0.3407019,0.5997056,0.62888354,0.7689124,0.0,0.44215518,0.17745699,0.020419246,0.8646322,0.012634898,0.43006718,0.36760032,0.0,0.95457786,0.0,0.30163926,0.0,0.21584566,0.0,0.80626655,0.0,0.015745455,0.12319265,1.0228016,0.0,0.25582418,0.0142876655,0.30462846,0.8308206,0.0,0.14603034,1.0852591,0.0,0.0,0.0,0.105719894,0.69543105,0.3636731,0.0,0.72664917,0.0,0.0,1.0576824,0.46134695,0.19327973,0.0,0.7554771,0.54413086,0.78460103,0.4341582,4.0
0.46028298,0.0,0.77437377,0.7876143,0.14092718,0.0,0.0,0.49126852,0.0,0.0,0.0,0.847933,1.1746311,0.0,0.0,0.0,0.21014155,0.0,0.0,0.23966578,0.0,0.2859149,0.0064430684,0.67240465,0.4634674,0.0,0.0,0.0,0.0,0.0,0.19646668,0.0,0.75893843,2.0132537,1.2277743,0.11805635,0.0,0.0,0.24646015,0.77788454,0.0,0.0,0.15959723,0.70813084,0.0,0.72494465,0.0,0.0,0.0,0.0,0.0,0.5092443,0.0,0.0,0.0,0.30535436,0.038645152,1.2727423,0.0,0.0,1.2692631,0.0,1.0952251,0.02592219,1.3780477,0.0,0.3227342,0.0053683543,1.5790501,0.0,0.0,0.96465355,0.0,1.3798863,0.0,1.5872605,0.0,0.0,0.0,0.0,0.0,0.0,1.2506628,0.06677747,0.0,0.75831944,0.0,0.0,1.158297,0.20437376,1.0747012,0.0,0.0,0.0,0.67918915,0.55116755,1.0420798,0.0,1.0954424,0.27750885,1.0913644,0.0,0.0,0.0,0.0,0.0,0.0,1.288952,0.069479555,0.0,1.2455558,1.1041764,0.0,0.52277577,0.0,0.12786824,0.0,0.0,0.0,0.0,0.0,0.0,0.0,0.2291306,0.0,0.0,0.0,0.41892064,4.0
0.1360275,0.0,0.24911478,0.0,0.0,0.22932169,0.22994392,0.07699869,0.0,0.0,0.0,0.0,0.0,0.0,0.54426634,0.33017707,0.0,0.07704886,0.0,0.0,0.19558892,0.21555977,0.0,0.36394098,1.0118885,0.0,0.0,0.9080797,0.0,0.42079332,0.0,0.0,0.0,0.0,0.0,0.0,0.0,0.95803666,0.0,0.8021821,0.07541891,0.10927311,0.0,0.6224637,0.0,0.0,0.0,0.0,0.0,0.0,0.0,0.0,0.0,0.0,0.0,0.0,0.27180693,0.0,0.13119586,0.0,0.0,0.82095706,0.0,0.0,0.33728683,0.0,0.0,0.0,0.0,0.0,0.0,0.0,0.0,0.0,0.0,0.0,0.0,0.46489608,0.0,0.0,0.021318043,0.0,0.0,0.03925004,0.49831238,0.0,0.0,0.0,0.0,0.0,0.0,0.0,0.0,0.0,0.0,0.0,0.0,0.0,0.0,1.2164289,0.0,0.11684692,0.8057165,0.0,0.0,0.0,0.6808474,0.0,0.0,0.0,0.0,0.07164247,0.16479854,0.0,0.0,0.0,0.0,0.6220967,0.8060799,0.0,0.29513758,0.0,0.0,0.3062301,0.92684054,0.0,0.0,0.0,4.0
0.0,2.1447556,0.473856,2.968829,0.027447864,0.0,0.0,0.0,1.4539927,0.9680093,0.029239846,0.0,2.264603,0.0,0.0,0.82417595,2.3170269,1.1503434,1.0909615,2.7396293,0.0,0.0,0.0,2.078769,0.0,0.11625363,0.042635147,0.0,0.030097563,0.0,0.5935628,0.0,0.0,0.6011294,0.4749719,0.31107274,0.0,0.0,0.60610723,0.9625378,0.066644594,0.71903396,0.0,0.0,0.0,0.0,0.0,1.0690831,0.0,1.0008487,0.0,0.0,1.1589303,0.0,0.0,1.7125074,0.7237483,2.9836662,0.0,0.0,1.7428206,0.0,2.7416806,0.0,0.22327814,0.0,0.0,0.0,2.629929,0.0,3.5122201,0.0,3.008148,3.1563501,0.0,2.508436,0.62192696,0.0,0.0,0.29155368,0.5981159,0.0,3.0254574,0.66371536,0.19343698,2.8609838,0.0,0.3289826,0.11359351,3.1974065,0.796619,1.4150006,0.0,3.2439554,0.0,2.477935,3.2517517,0.0,0.45302603,0.11287529,1.7364218,0.0,0.0,0.0,0.0,0.0,0.0,0.0,0.0,0.0,0.0,0.21232027,0.0,2.8396418,0.0,0.5364541,0.0,0.0,0.0,0.0,0.0,2.584797,0.8522967,0.0,0.0,0.17525376,1.0769644,1.5801803,4.0
0.0,0.0,0.0,0.55621624,0.28273788,0.23555127,0.4041554,0.0,0.0,0.96587235,0.0,0.32234687,0.6252635,0.4474504,0.0,0.0,0.0,0.0,0.8867384,0.0,0.13421586,0.0,0.0,0.0,0.0,0.60029846,1.8374537,0.0,0.5268235,0.19129604,1.4494202,1.3140082,0.0,0.0,0.5893514,1.0377437,0.6864987,0.0,0.7242096,0.0,0.0,0.0,0.0,0.0,0.0,0.8279925,0.2956164,0.087510966,0.5787992,0.0,0.63486916,1.021706,1.058437,0.0,1.9523996,0.0,0.0,0.04958681,0.0,0.6315474,0.8900148,0.0,0.02363764,0.42257196,0.78159845,0.27596205,0.0,1.2538202,0.28652725,0.0026193738,0.0,0.8011055,0.12141689,0.0,0.32550377,0.0,0.07724766,0.0,0.28560343,1.1299896,0.0,0.0,0.16638729,0.0,0.0,0.5341804,1.6249893,0.012144379,0.43771482,0.3309163,0.0,0.0,0.0,0.0,0.0,0.73189163,0.0018924001,0.9390651,0.77922684,0.0,0.6757667,0.23387173,0.0,1.2807084,1.548496,1.705074,0.07232295,0.91850895,1.4104642,0.0,0.96133673,0.0,0.0,0.39615518,0.7448252,1.3639716,0.0,0.03230385,0.0,0.64935535,0.09632651,0.68004674,0.0,0.0,0.0,0.9885624,0.0,0.0,4.0
0.0,0.0,0.0,0.0,0.009134228,1.559232,1.4308891,0.0,0.0,0.051006045,0.0,0.0,0.4936022,0.054991797,1.2107302,0.26764506,0.0,0.35466498,1.3862398,0.0,0.98589957,0.2868408,0.0,0.0,0.0,0.45973104,0.52723366,0.021091647,0.6422373,1.1695536,0.0,0.19701852,0.0,0.0,0.118885465,0.0,0.0,0.96246177,0.0,0.0,0.0,0.0,0.0,0.0,0.0,0.23038988,1.9361497,0.09206061,0.0,0.15321726,1.5581508,0.0,0.06749461,0.0,0.6687641,0.0,0.0,0.0,0.9546737,0.0,0.13047919,0.8749321,0.0,0.0,0.0,0.22161716,0.0,0.0,0.0,0.0,0.5669486,0.0,0.02884385,0.0,2.1634693,0.0,0.0,0.54443455,0.0,0.0,0.20615855,0.84543335,0.0,0.14089982,0.82598054,0.2520451,0.13292976,1.0164931,0.0,0.009019069,0.0,0.0,0.0,0.04152569,0.0,0.0,0.0,0.17466156,0.21812655,0.13357846,0.0,1.0859205,0.3177,0.6311449,0.4813782,0.70138884,1.4433024,0.0,0.21789847,0.6518553,0.0,0.0,0.0,0.8819062,0.0,0.4292938,1.0171045,1.844041,1.1776905,0.0,1.4710006,0.44773453,0.0,0.0,0.73166007,0.072642304,0.20296898,0.0,4.0
0.007601678,0.0,0.23595469,0.0,0.7729514,0.0,0.0,0.67431605,0.0,0.0,0.0,1.0146495,0.0,0.722197,1.0437946,0.029803224,0.0,0.0,0.0,0.0,0.0,0.62683314,0.0,0.0,0.015385122,0.0,0.0,1.1178106,0.0,0.0,0.0,0.0,0.23935476,0.54165,0.5163939,0.100283325,0.0,1.7608136,0.0,0.12402167,0.24717607,0.0,0.2956955,1.5528183,0.05667852,0.5327174,1.5317411,0.0,0.0,0.16478159,0.0,0.6497886,0.0,0.0,0.0,0.0,0.0,0.0,0.20371681,0.0,0.0,0.74443686,0.0,0.0,0.0,1.424051,0.5663595,0.27582827,0.0538246,0.0,0.0,0.27576593,0.0,0.0,0.016369548,0.3827053,0.0,0.0,0.0,0.0,0.0,0.0,0.0,0.0,0.0,0.0,0.0,0.0,0.10645908,0.0,0.42175093,0.0,0.0,0.0,0.27313322,0.0,0.0,0.0,1.0251374,0.45221236,0.0,0.0,0.0,0.0,0.0,0.0,0.0,0.04180822,0.0,0.0,0.3814453,0.69318444,0.16835569,0.0,0.0,0.0,1.5425789,0.82055056,1.8284887,0.0,0.0,0.0,0.0,0.45338866,0.0,0.0,0.0,0.0,4.0
0.0,1.422212,0.9857432,1.7211043,0.79383343,0.0,0.0,0.0,0.49343738,2.031403,0.09266133,0.96454084,1.87023,0.70873874,0.0,0.0,0.45861563,0.0,2.189051,1.5590507,0.0,0.0,0.0,0.37611943,0.0,1.5517551,0.5766377,0.0,1.5332395,0.0,0.91531223,0.0,0.44057375,0.0,1.3551538,0.95267177,0.77941465,0.0,0.58572376,0.0,0.8763511,0.0,0.0,0.15890235,0.0,0.4700472,0.0,1.2681211,0.51167923,0.20831347,1.0721809,0.0,1.0229921,0.0,0.5289951,0.0,0.17984262,1.6019877,0.0,0.47017878,1.3469175,0.0,1.4683334,0.0,0.16168249,1.0259778,0.0,0.22221085,1.3976986,0.0,1.8196111,0.0,2.438509,1.4316051,0.0,0.9889506,1.5609807,0.0,0.0,0.73212296,0.8436182,0.0,1.6584029,0.0,0.72017026,1.8448569,0.32196796,0.22876167,0.32306486,1.4163401,0.7837013,0.4456961,0.0,2.2388828,0.0,1.4816264,1.7635316,0.76224416,0.50847393,0.0,0.9855824,0.0,0.0,0.20215651,0.0,0.32431492,0.0,0.13315928,0.9649229,0.0,0.0,0.6474646,0.0,1.8457601,1.468813,0.33986315,0.0,0.0,0.0,0.0,0.0,2.2969074,1.2164975,0.0,0.0,0.6537487,1.1584895,0.2343171,4.0
0.0,0.0,0.0,1.0571392,0.103097916,0.0,0.0050112256,0.0,0.0,0.22191533,0.0,0.0,0.16223077,0.0,0.0,0.65130144,0.0,0.0,0.0,0.0,0.0,0.062405396,0.0,0.0,0.0,0.0,1.8159752,0.0,0.0,0.0,1.6195545,1.450736,0.0,1.0626601,0.0,1.422599,0.6541713,0.0,1.612829,0.0,0.0,0.21170177,0.0,0.0,0.0,0.64430916,0.6972113,0.0,0.9477424,0.14781497,0.0,1.3926898,0.6506681,0.0,2.002419,0.0,0.40636382,0.11772453,0.0,1.023127,1.263134,0.0,0.02767405,0.29095626,1.9140294,0.0,0.1431893,1.076705,0.43015662,0.0,0.0,1.6779636,0.0,0.24270388,0.22357759,0.4113658,0.0,0.0,1.4655153,1.7173849,0.0,0.0,0.22090785,0.72254425,0.0,0.4970484,1.884211,0.0,1.4011048,0.90647405,0.0,0.20208769,0.0,0.0,0.0,1.3986497,0.0,0.8650888,0.7747555,0.0,1.5081658,0.0,0.0,1.6069076,1.7269148,1.8012004,0.0,1.8428074,1.0298222,0.0,1.6628442,0.0,0.0,0.10660797,0.050529405,2.1160958,0.023326425,0.0,0.0,0.48764402,0.0,0.18580084,0.0,0.0,0.0,1.6412202,0.0,0.0,4.0
0.0,0.0,0.0,0.0,0.572446,0.34598175,0.37315992,0.080763355,0.0,0.25418672,0.0,0.68807226,0.0,0.5006996,1.0501808,0.68967414,0.0,0.0,0.0,0.0,0.24511397,0.3971663,0.0,0.0,0.0,0.10897897,0.0,0.637982,0.0,0.025697358,0.0,0.0,0.0,0.16930807,0.1255552,0.3677416,0.50865895,1.5267135,0.45265633,0.0,0.0,0.0,0.0,0.4509865,0.0,0.23516057,2.0002296,0.0,0.3882513,0.023083592,0.0,0.42682064,0.0,0.0,0.0,0.0,0.3359785,0.0,0.91533786,0.5347531,0.0,0.77406067,0.0,0.0,0.0,0.84295017,0.3157682,0.16508354,0.0,0.0,0.0,0.0,0.0,0.0,0.5145142,0.0,0.0,0.6914259,0.0,0.28291678,0.5217712,0.82752836,0.0,0.6166611,0.0,0.0,0.0,0.0,0.072614804,0.0,0.15998355,0.0,0.0,0.0,0.0,0.0,0.0,0.6374591,0.8668417,0.46048918,0.0,0.7246987,0.0,0.0,0.0,0.0,0.0476605,0.0,0.0,0.93593866,0.0,0.0,0.0,0.0,0.5597779,0.0,1.9180399,1.2303509,1.4145893,0.0,0.26680133,0.0,0.0,0.039728377,0.7736843,0.019388739,0.0,0.0,4.0
0.14919558,0.0,0.60317856,0.0,1.6528901,0.24945442,1.431661,0.0,0.0,1.6715832,0.0,1.748048,0.0,1.8351763,0.14809214,0.5380481,0.0,0.0,0.0,0.0,0.18482015,1.1398772,0.0,0.0,0.0,0.79974264,0.0,0.5978599,0.5274617,0.0,0.0,0.0,0.18597084,0.5640531,0.0,1.6690907,1.3912476,0.54207796,1.3909385,0.0,0.0,0.0,0.0,0.56697327,0.0,0.3938474,0.0,0.0,1.3758792,0.0,0.0,0.30138513,0.0,0.0,0.0,0.0,0.9988008,0.0,0.0,1.3117161,0.02260208,0.015178417,0.0,0.38633344,0.0,0.0,0.99904895,0.82456446,0.39517888,0.0,0.0,0.26284158,0.0,0.0,0.0,0.0,1.2571467,0.0,0.5230847,1.2968539,0.16623923,0.35764146,0.022062492,0.47340876,0.0,0.0,0.60010487,0.19282496,1.1799743,0.0,1.0210818,0.0,0.0,0.0,0.0,0.0,0.0,1.6993194,0.0,0.576014,0.0,0.53557754,0.0,0.0,0.0,0.0,0.0,0.512672,0.0,0.066141814,0.62219244,0.5124891,0.0,0.0,1.2915745,0.0,1.434325,0.0,0.35567755,0.0,0.022806345,0.13594541,0.0,0.0,0.0,0.90217835,0.0,0.0,4.0
0.0,1.5267576,1.1768922,2.8556674,0.8377549,0.0,0.0,0.0,0.32036844,1.8743807,1.2190846,1.0519288,3.6386113,0.5841299,0.0,0.0,1.368903,0.09314339,3.594499,3.3917902,0.0,0.0,0.0,1.4593846,0.0,1.2711043,0.5010479,0.0,1.3680085,0.0,1.1551166,0.03595732,1.2940571,0.0,2.5875776,0.0,0.0,0.0,0.0,0.53225297,1.2944236,0.0,0.0,0.7245275,0.0,0.71815634,0.0,2.293813,0.0,0.0,1.7712187,0.0,1.6083325,0.0,0.35407913,0.36983934,0.0,3.282983,0.0,0.0,2.1855912,0.0,3.055877,0.0,0.093831606,1.6088631,0.0,0.0,2.7992415,0.901672,2.5929759,0.0,3.3476198,2.912325,0.0,2.1720192,1.3240212,0.0,0.0,0.0,0.4751365,0.0,3.1155257,0.0,1.058359,3.2971692,0.0,0.26675445,0.0,2.5635765,0.8835671,0.0,0.7941015,3.2976801,0.17875217,2.1715453,3.5219095,0.0,1.0306821,0.0,1.8443612,0.0,0.0,0.2807781,0.0,0.09825638,0.0,0.0,1.337765,0.0,0.0,1.6512139,0.0,3.4740162,0.7925348,0.07615142,0.0,0.0,0.0,0.0,0.0,2.6201925,2.0309978,0.0,0.0,0.0,1.2681643,0.7504106,4.0
0.18768153,0.0,0.23176081,0.0,0.79079187,0.0,0.0,0.026360115,0.0,0.0,0.71245897,0.98307747,0.0,0.87551284,1.3689631,0.0,0.0,0.5804271,0.0,0.09840142,0.0,0.97703207,0.0,0.19413234,0.4620511,0.0,0.0,1.0656499,0.0,0.0,0.0,0.0,0.0,0.5745798,0.0,0.0,0.0,1.3010546,0.0,0.70938975,0.9198412,0.0,1.1328303,1.3258023,0.89635104,0.0,0.6575701,0.0,0.0,0.59895945,0.0,0.0,0.0,0.0,0.0,0.0,0.0,0.0,0.21586137,0.0,0.0,1.018929,0.0,0.0,0.0,1.5078015,0.66272426,0.0,0.0,0.04939488,0.0,0.0,0.0,0.0,0.0,0.27280083,0.0,0.0,0.0,0.0,0.0,0.0,0.0,0.0,0.039842203,0.0,0.0,0.62121683,0.0,0.0,0.4560614,0.0,0.47423324,0.0,0.33191627,0.0,0.0,0.0,0.3149912,0.5440456,0.0,0.0,0.62262607,0.0,0.0,0.0,0.0,0.0,0.0,0.0,0.0,0.3908904,0.935004,0.0,0.0,0.0,1.5120562,0.8802363,1.2248105,0.34627917,0.0,0.0,0.0,0.9380393,0.0,0.0,0.0,0.0,4.0
0.0,0.0,0.17903733,0.0,0.48073757,0.0,0.0,0.7922893,0.0,0.253846,0.0,0.6238975,0.0,0.35863116,0.057768073,1.5763797,0.0,0.0,0.0,0.0,0.0,0.0,0.0,0.0,0.0,0.0,0.0,0.027344182,0.0,0.0,0.0,0.0,0.0,1.0764476,0.72424775,1.4637232,0.88792586,1.1532675,1.1882118,0.0,0.0,0.0,0.0,0.0,0.0,0.8417821,2.1630495,0.0,1.1621004,0.0,0.0,1.1936647,0.0,0.0,0.0,0.0,0.42894614,0.0,0.1509982,1.3259467,0.20221135,0.0,0.0,1.4496641,0.0,0.0,0.11075239,1.1994272,0.32162756,0.0,0.0,0.91891503,0.0,0.18628141,0.048569243,0.76817787,0.10334114,0.83354616,0.9819627,1.6317619,0.822871,1.5277061,0.06308913,1.8737857,0.0,0.0,0.5266094,0.0,1.5803103,0.0,0.28332865,0.0,0.0,0.0,0.0,0.0,0.0,1.0517517,1.5394348,0.0,0.0,0.28428996,0.0,0.0,0.0,0.0,0.0,0.89608973,0.0,1.1149546,0.64267385,0.0,0.0,0.0,0.74729276,0.16233408,1.4759972,0.23525473,1.063565,0.0,0.0,0.0,0.0,0.0,1.0604643,0.80528593,0.069632344,0.0,4.0
1.9854575,0.0,1.086997,0.0,3.2816665,0.0,0.8196247,3.758602,0.0,0.0,3.1271787,2.2939525,0.24090302,2.6886854,0.57287735,0.0,4.7495933,1.4872468,0.0,0.0,0.0,4.2622986,1.595739,4.0736017,3.1432543,0.0,0.0,0.29818308,0.0,0.0,0.0,0.0,1.2120473,0.26583615,0.0,0.0,0.0,0.6900302,0.0,4.7269545,0.47803223,0.0,2.2261755,2.1477375,3.1198475,0.0,0.0,0.74813646,0.0,3.5837014,0.0,0.0,0.0,2.3617036,0.0,3.8475404,0.0,0.0,0.0,0.0,0.0,0.0,0.0,0.0,0.0,0.6905018,3.8458931,0.0,0.3540006,0.056911416,1.7108787,0.0,0.0,1.173372,1.4191976,1.0703638,0.0,0.0,0.0,0.0,0.0,0.0,0.51687217,0.0,0.8811316,0.0,0.0,1.5059189,0.42650738,0.0,1.8054652,0.0,1.4699606,0.0055026887,4.2161245,0.0,0.0,0.0,0.0,0.9306659,0.0,0.0,2.5446677,0.0,0.0,0.0,0.0,0.0,0.0,0.0,0.0,2.2526653,3.0593853,0.0,0.0,0.0,0.7224934,0.0,1.4895942,0.0,0.0,0.23445563,1.2254703,2.4446976,0.0,0.0,0.0,1.2578487,4.0
0.0,0.0,0.0,1.1042638,0.0,0.0,0.0,0.0031250168,0.36075512,0.0,0.0,0.0,0.17660323,0.0,0.0,0.33724886,0.24737115,0.0,0.0,0.0,0.0,0.0,0.0,0.7467772,0.0,0.0,1.4495846,0.0,0.0,0.0,1.743048,0.98688555,0.0,1.4005181,0.0,0.66654736,0.0,0.0,1.1636561,0.0,0.0,0.59256554,0.0,0.0,0.0,0.4530432,0.19325794,0.0,0.21189797,0.0,0.0,1.3711113,0.034215886,0.0,1.5922865,0.50094855,0.0077001727,0.50239766,0.0,0.35159722,1.4632807,0.0,0.42976323,0.0,3.02692,0.0,0.0,0.42899504,0.48414367,0.0,0.0,1.9399047,0.0,0.5291368,0.0,0.70045376,0.0,0.0,0.350305,0.8731765,0.0,0.0,0.33927572,0.42903358,0.0,0.5170838,1.023687,0.0,0.94509345,0.6813323,0.13122201,0.44963765,0.0,0.0,0.0,1.4530766,0.28218377,0.0,0.6782758,0.0,2.3317173,0.0,0.0,1.4957016,1.2625351,1.3295939,0.0,2.0726244,1.2137719,0.0,1.8083433,0.0,0.017007507,0.042268634,0.0,2.2990947,0.0,0.0,0.0,0.0,0.0,0.0,0.0,0.0,0.0,1.0790663,0.0,0.8215526,4.0
0.0,1.2194492,0.13024378,0.3883485,0.30092722,0.57439786,0.3106249,0.0,0.7297177,1.34212,0.0,0.23262185,0.19034848,0.18864211,0.22643879,1.2408648,0.0,0.35317874,0.9488133,0.6232914,0.46500975,0.028215067,0.0,0.0,0.49728853,1.578013,0.0,0.44758368,1.6211361,0.27800953,0.0,0.0,0.0,0.0,0.109703965,0.7363877,1.0651344,0.15777399,0.6022296,0.0,0.0,0.83708715,0.0,0.0,0.0,0.0,0.4265524,0.28251824,0.97688794,0.7798457,0.7454248,0.0,0.0,0.0,0.0,0.0,1.3735889,0.0,0.83200634,1.1068841,0.1327952,0.0,0.0,0.0,0.0,0.21546698,0.22703241,0.0,0.0,0.0,1.6903151,0.0,1.5846714,0.0,0.45107707,0.0,1.2899414,0.17894326,0.0,0.68168116,1.9961097,0.8834071,0.0,1.1278547,0.410749,0.6829815,0.0,0.085362844,0.8538505,0.49614877,0.3167164,0.62709606,0.0,1.3927056,0.0,0.0784005,0.0,1.2255303,0.20135836,0.77524865,0.0,0.6087785,0.5311851,0.0,0.0,0.0,0.39200124,0.0,0.0,1.0528569,0.0,0.1011872,0.0,0.91688216,1.4329405,0.0,0.38196453,0.5368133,0.22954193,0.0,0.87346643,1.5665678,0.64728683,0.0,0.6134414,0.4399236,1.7850089,0.0,4.0
2.6734326,0.45372358,2.2571058,0.0,1.4423481,0.0,0.0,2.3133233,0.0,0.0,0.7052334,1.9788547,0.0,1.5545994,0.554644,0.0,2.863905,0.0,0.0,0.0,0.0,1.9900602,1.0680786,3.1747785,0.0,0.0,0.17321597,0.0,0.0,0.0,0.0,0.1559065,0.0,1.8750452,1.0871317,0.0,0.0,0.3879064,0.0,1.443385,2.4628186,0.0,1.2688346,0.4755737,2.4278543,0.32371196,0.92329764,0.0,0.0,2.8818066,0.0,0.7560053,0.0,1.7595584,0.0,3.3913705,0.0,0.0,0.0,0.0,0.0,0.0,0.040929113,0.07489577,0.23179242,0.6067082,2.0175333,0.26552695,0.37500256,0.0,0.0,0.7460332,0.0,0.0,0.0,1.6605084,0.0,0.0,0.44627497,0.60523975,0.0,0.0,0.0,0.0,0.0,0.0,1.1388389,0.0,0.46758872,0.0,2.1241276,0.7775123,0.18734393,0.0,0.71909356,0.0,0.0,0.0,0.09698198,0.0,0.0,0.0,0.0,0.0,0.0,0.0,0.0,0.63076,0.0,0.0,0.9834177,0.0,2.1880043,0.0,0.0,1.0058955,1.1246481,0.0,0.57493556,0.74253964,0.0,0.0,0.0,1.833618,0.0,0.0,0.0,1.6294372,4.0
0.0,1.0488724,0.0,1.732849,0.0,0.0,0.0,0.0,1.2960151,0.5106084,0.0,0.0,0.55698824,0.0,0.0,0.90475035,1.1837573,0.38435894,0.0,0.33254114,0.0,0.0,0.0,0.48894814,0.0,0.017589325,0.88255805,0.0,0.0,0.0,1.0482497,0.2365785,0.0,0.5410251,0.0,0.92632604,0.3222643,0.0,1.0141237,0.0,0.0,1.122328,0.0,0.0,0.0,0.0,0.0,0.0,0.44531274,0.63663656,0.0,0.0,1.0229318,0.0,0.9136761,1.0624698,0.8619058,1.1188282,0.0,0.81202084,1.1192019,0.0,0.97960097,0.0,0.9610973,0.0,0.0,0.0,1.0220549,0.0,1.4953243,0.13455956,1.148388,1.248524,0.0,1.0727437,0.15294285,0.0,0.871374,1.112132,0.0,0.0,1.2351955,0.87085193,0.0,1.3466849,0.9670239,0.0,0.73359823,1.7958828,0.13072194,1.5961493,0.0,1.2674128,0.0,1.755148,1.2661766,0.5756613,0.61204034,0.0,1.306955,0.0,0.0,0.6687696,0.58967054,0.9678061,0.0,0.3801755,0.35119024,0.0,0.02189097,0.0,0.0,1.0681515,0.077246085,1.1845295,0.0,0.0,0.0,0.0,0.0,1.5176523,0.0,0.0,0.0,0.90447307,0.11635792,1.1124955,4.0
0.0942932,0.0,0.119537786,0.0,0.0,0.28687537,0.29531017,0.0,0.0,0.0,0.041449342,0.0,0.0,0.0,0.8026826,0.31041867,0.0,0.7184818,0.0,0.0,0.22708505,0.0,0.0,0.19403386,1.2264318,0.0,0.0,1.350656,0.0,0.58021736,0.0,0.0,0.0,0.0,0.0,0.0,0.0,1.0942386,0.0,0.9615803,0.23797002,0.10824209,0.16464002,0.903578,0.023335954,0.0,0.0,0.0,0.0,0.0,0.0,0.0,0.0,0.0,0.0,0.0,0.24185063,0.0,0.12410657,0.0,0.0,1.1587461,0.0,0.0,0.0,0.0,0.0,0.0,0.0,0.0,0.0,0.0,0.0,0.0,0.0,0.0,0.0,0.46527115,0.0,0.0,0.0,0.0,0.0,0.0,0.9979385,0.0,0.0,0.39780092,0.0,0.0,0.0,0.0,0.0,0.0,0.10402697,0.0,0.0,0.0,0.0,1.414428,0.0,0.10066438,1.3091205,0.0,0.0,0.0,0.92613095,0.0,0.0,0.0,0.0,0.21535324,0.39884138,0.0,0.0,0.0,0.0,0.68647015,1.0443265,0.0,0.387429,0.0,0.0,0.54245627,0.8866197,0.0,0.0,0.0,4.0
0.1276051,0.0,0.058173835,0.0,0.0,0.08376706,0.0,0.0,0.07172388,0.0,0.1288684,0.0,0.0,0.0,0.033617813,0.28041512,0.0,0.76748127,0.0,0.1496587,0.0,0.0,0.41618764,0.0053501143,0.37403986,0.0,0.07816546,0.60803384,0.0,0.11542268,0.0,0.0,0.0,0.0,0.0,0.0,0.0,0.0,0.0,0.0,0.16415963,0.080998465,0.5389735,0.0,0.5314998,0.0,0.0,0.6917203,0.0,0.0,0.0,0.0,0.67980415,0.1484599,0.25074393,0.0,0.24054402,0.0,0.0,0.0,0.0,0.4467309,0.0,0.0,0.0,0.0,0.0,0.0,0.0,0.3154553,0.06369423,0.0,0.14496718,0.0,0.0,0.0,0.06360262,0.0,0.48444694,0.0,0.0,0.058392778,0.0,0.11782405,0.6798779,0.0,0.0,0.69832665,0.0,0.12561257,0.0,0.06481341,0.2659745,0.24002166,0.0,0.11744824,0.0,0.0,0.0,0.38333696,0.0,0.0,0.595723,0.0,0.550289,0.3660672,0.45069706,0.0,0.0,0.0,0.0,0.0,0.34933293,0.0,0.0,0.0,0.0,0.3552751,0.0,0.1645361,0.0,0.0,0.63978165,0.1689441,0.0,0.0,0.0,0.0,4.0
0.49729913,0.0,0.5201541,0.0,0.7996956,0.0,0.0,0.097360566,0.0,0.0,0.0,1.3413385,0.0,0.828237,1.403778,0.0,0.0,0.0,0.0,0.037067786,0.0,0.81800777,0.0,0.4337635,0.0,0.0,0.0,0.13166618,0.0,0.0,0.0,0.0,0.0,0.9569976,0.8110836,0.18018039,0.0,1.4279453,0.076623484,0.0,1.2711239,0.0,0.19635653,0.29263344,0.32820955,0.45268413,1.8502733,0.0,0.13857247,0.81742084,0.0,0.40563455,0.0,0.0,0.0,0.0,0.0,0.0,0.6664434,0.0,0.0,0.74397534,0.0,0.0,0.0,0.93191534,0.623,0.05319169,0.15136136,0.0,0.0,0.2577844,0.0,0.0,0.0,0.7882299,0.0,0.0,0.060090147,0.30368122,0.093575366,0.0,0.0,0.0,0.0,0.0,0.2692107,0.0,0.0,0.0,0.70536965,0.0,0.0,0.0,0.0,0.0,0.0,0.0,0.982112,0.0,0.0,0.0,0.0,0.0,0.0,0.0,0.0,0.0,0.0,0.0,0.047406204,0.0,0.1322539,0.0,0.0,0.64161295,2.221734,1.0952427,1.2393216,0.0,0.0,0.0,0.0,0.40316784,0.0,0.100414686,0.0,0.0,4.0
0.0,0.0,0.0,0.0,0.0,1.1960534,0.9824782,0.0,0.48535118,0.0,0.0,0.0,0.0,0.0,0.26802394,0.0,0.0,0.28637284,0.072433,0.0,1.1459603,0.0,0.3213098,0.0,0.0,0.13756493,0.46016613,0.0,0.2936811,1.1411728,0.20904927,0.37078142,0.0,0.0,0.0,0.0,0.23072828,0.08136488,0.0,0.0,0.0,0.5123045,0.0,0.0,0.3702167,0.0,0.0,0.19968905,0.079529524,0.0,0.5100319,0.054589488,0.41592926,0.20448884,0.4852212,0.0,0.08389077,0.0,0.7614729,0.19339654,0.0,0.5458628,0.0,0.036462884,0.0,0.0,0.0,0.030056225,0.0,0.22388911,0.0,0.0,0.0,0.0,0.8898147,0.0,0.0,0.84680533,0.2758101,0.0,0.0,0.74788,0.0,0.0,0.32784727,0.0,0.66213006,0.24944982,0.0,0.0,0.0,0.42875734,0.0,0.0,0.0,0.0,0.0,0.35952303,0.0,0.0,0.0,1.0916911,0.12154214,0.4878896,0.5804569,0.6738685,1.1389128,0.0,0.2765232,0.75706524,0.0,0.0,0.25747558,0.0,0.027356384,0.23227917,0.0,0.9696651,0.058524836,0.4281567,1.1054221,0.0,0.33229157,0.19861393,0.718238,0.10562063,0.0,0.1715824,4.0
1.3604234,2.4459774,2.9443316,1.2279273,0.13141383,0.0,0.0,0.0,1.0351686,2.1424723,0.0,1.2065482,1.336028,0.0,0.33403668,0.37508798,0.11331836,0.0,1.2932267,1.5843861,0.0,0.0,0.0,1.4380605,0.0,2.027742,0.0,0.15062773,2.5273862,0.0,0.7019613,0.0,0.13305098,0.0,1.0945357,0.9778704,1.002713,0.0,0.7679314,0.0,2.4535635,0.6211557,0.0,0.56845,0.0,0.018633561,0.0,0.9535892,0.7645615,0.0,0.85441196,0.0,0.0,0.0,0.0,0.0,0.57321787,1.0454634,0.0,0.79306644,0.9346594,0.0,1.0046804,0.0,0.8112121,1.165271,0.0,0.0,0.7290366,0.0,1.8391438,0.0,2.88959,0.9975613,0.0,0.5280934,2.8179312,0.0,0.0,0.5380218,2.072548,0.0,1.1885588,0.20282331,1.201547,1.1972908,0.0,0.0,0.053857733,0.6818626,1.493321,0.7998808,0.0,2.7515469,0.0,1.2304438,1.1986305,0.5723045,0.0,0.6504216,1.1324917,0.0,0.0,0.0,0.0,0.0,0.0,0.36853787,0.9521675,0.0,0.0,0.5197117,0.0,1.0090611,1.7082123,0.1923603,0.0,0.0,0.0,0.0,0.0,2.4042807,0.92896974,0.0,0.0,0.4638472,2.5546167,0.22016615,4.0
0.0,0.36427853,0.0,1.0553007,2.3011043,0.36646196,0.0,0.0,0.0,1.3923602,0.0,1.1957904,2.5537777,2.1735172,1.317977,0.97954583,0.0,0.0,2.0866506,0.0,0.0,2.8022573,0.0,1.375112,0.0,0.9838128,1.1910121,0.0,1.5589973,0.0,0.53655726,0.47758955,0.0,0.0,2.3800945,0.99245465,0.0,0.17686073,0.9190205,0.0,0.0,0.0,0.0,0.0,0.0,1.6524028,2.6008084,0.0,0.0,3.392291,2.0203369,0.028201513,0.025342334,0.0,1.4210291,0.3430399,0.02233405,1.5581316,0.0,0.0,1.5886891,0.0,0.83926964,0.0,0.41133547,0.76055026,2.0699475,0.0,1.5178772,0.0,3.345467,0.41612047,2.2037976,1.8419012,2.242849,1.4302366,0.0,0.0,1.4782958,1.6608893,1.9864095,0.0,1.6000162,0.34404102,0.9203326,1.500623,0.6588479,0.49875546,0.9472427,0.272124,0.029411336,0.0,0.0,2.326731,0.0,1.1121395,0.0,0.0,0.0,0.0,0.46403995,0.0,0.0,1.26041,0.5032581,0.78460187,0.57427573,0.29525927,0.63732356,0.0,0.18647961,0.0,0.0,2.1900516,0.11941478,1.2653301,2.5054593,1.2379551,1.2017803,0.0,0.15000042,2.3307834,0.0,0.0,0.0,1.5821843,1.3447626,0.0,4.0
0.20342273,0.77006984,0.046729617,0.3886632,0.0,1.0174687,0.47012368,0.17779742,0.48903748,0.57554835,0.0,0.0,0.14909275,0.13998687,0.0,0.0,0.0,0.0,0.6901296,0.0,0.92462045,0.09089036,0.14166504,0.0,0.0,1.1584557,0.37518048,0.0,1.1925292,0.794583,0.6323703,0.6634941,0.048393484,0.0,0.37074503,0.79008466,0.9098643,0.0,0.2768083,0.0,0.0,0.6202648,0.0,0.0,0.004611425,0.5394254,0.6692515,0.0,1.0388725,0.47108856,0.743669,1.0484892,0.1798058,0.2100938,0.19019964,0.3448503,0.0,0.0,0.5766114,0.72486985,0.5668382,0.0,0.0,0.86392266,0.6053636,0.0,0.1250943,1.1272024,0.0,0.0,0.36227173,0.86611843,0.61518776,0.0,0.99754465,0.0,0.85577154,0.42562988,0.066385984,0.95987576,1.147398,0.33993462,0.0,0.0,0.0,0.4261459,1.0113454,0.0,1.1750184,0.32484233,0.005210484,0.7496283,0.0,0.48323646,0.0,0.57603085,0.0,0.673032,0.49116772,0.0,0.76753104,0.9124977,0.0,0.9335466,0.0,0.17502211,0.7066207,0.5459254,0.93587244,0.9932156,0.6700714,0.0,0.0,0.4855826,1.1398937,0.34549096,0.48237494,0.69444954,0.0,0.41966757,0.9801669,0.76095223,0.0,0.0,0.55013514,0.83930385,1.041,0.50381213,4.0
0.0,0.0,0.0,0.0,0.55240804,0.042678654,0.0,0.0,0.0,0.0,0.0,0.73677677,0.0,0.5673848,1.2051648,0.19832277,0.0,0.2738742,0.0,0.15348089,0.0,0.66025466,0.0,0.0,0.3284258,0.0,0.0,0.8473054,0.0,0.0,0.0,0.0,0.0,0.44545588,0.0,0.0,0.0,1.2570494,0.0,0.060011744,0.52836484,0.0,0.5567631,0.69643825,0.3606039,0.0,1.1025703,0.0,0.0,0.318133,0.0,0.0,0.0,0.0,0.0,0.0,0.006526819,0.0,0.578955,0.0,0.0,0.93525344,0.0,0.0,0.0,1.0034875,0.40714458,0.0,0.0,0.0,0.0,0.0,0.0,0.0,0.0,0.12438464,0.0,0.16146505,0.0,0.0,0.0,0.26059255,0.0,0.0,0.0,0.0,0.0,0.4162295,0.0,0.0,0.23366943,0.0,0.0,0.0,0.0,0.0,0.0,0.0,0.39454317,0.550961,0.0,0.11480554,0.34198725,0.0,0.0,0.0,0.0,0.0,0.0,0.026300553,0.0,0.0,0.3817697,0.0,0.0,0.0,1.6478378,1.0452142,1.1085526,0.0,0.0,0.0,0.0,0.56607133,0.26915252,0.0,0.0,0.0,4.0
0.0,0.20177749,0.0,0.7556102,0.0,0.0,0.0,0.0,0.8687367,0.673123,0.0,0.0,0.0,0.0,0.0,0.1215084,0.09827326,0.0,0.0,0.0,0.15816379,0.0,0.0,0.0,0.0,0.49991578,1.5853468,0.0,0.243322,0.039723217,1.5164111,1.0992893,0.0,0.13912131,0.0,1.2851267,1.0399786,0.0,0.9496141,0.0,0.0,0.6737182,0.0,0.0,0.0,0.31961644,0.0,0.0,1.1350107,0.0,0.0,0.9866539,1.0411022,0.0,1.5322795,0.016644284,0.41458276,0.0,0.00085106096,1.1695079,0.6886998,0.0,0.0,0.2991499,1.2558722,0.0,0.0,1.060722,0.0,0.0,0.0,1.061811,0.15122747,0.0,0.0,0.0,0.3045995,0.0,0.5592726,1.4266033,0.0,0.0,0.0,0.21421471,0.0,0.35836244,1.8519356,0.0,0.90988123,0.53125906,0.0,1.1390575,0.0,0.04295124,0.0,0.99281746,0.053697042,1.2285295,0.8286735,0.0,0.9537857,0.15540645,0.0,1.2820411,1.2232708,1.5023171,0.0,0.9784694,1.1557467,0.0,0.95336556,0.0,0.0,0.0022595518,0.8025602,1.3846902,0.0,0.0,0.0,0.5064454,0.0,0.8695218,0.0,0.0,0.0,1.1846882,0.0,0.46920896,4.0
0.0,0.0,0.0,0.0,0.11316439,0.54001683,0.45226306,0.0,0.0,0.0,0.0,0.14185402,0.0,0.18059003,0.99818176,0.67739767,0.0,0.5757305,0.0,0.0,0.42356083,0.35580954,0.0,0.0,0.5606646,0.0,0.0,1.0092214,0.0,0.42849132,0.0,0.0,0.0,0.0,0.0,0.0,0.15313299,1.0937014,0.0,0.0,0.0,0.0,0.30793115,0.41389224,0.10939461,0.0,0.8435514,0.0,0.0,0.0,0.0032963667,0.0,0.0,0.0,0.0,0.0,0.48988748,0.0,0.84009886,0.12534061,0.0,1.0048038,0.0,0.0,0.0,0.65002346,0.123339005,0.0,0.0,0.0,0.0,0.0,0.0,0.0,0.119973,0.0,0.0,0.75734836,0.0,0.0,0.0,0.8286819,0.0,0.44786665,0.36580667,0.0,0.0,0.6732447,0.0,0.0,0.0,0.0,0.0,0.0,0.0,0.0,0.0,0.41562417,0.0,0.820386,0.0,0.6717335,0.65281767,0.0,0.0,0.0,0.52541405,0.0,0.0,0.5918044,0.0,0.0,0.22760242,0.0,0.0,0.0,1.1854233,1.1737694,1.0628295,0.0,0.48704654,0.0,0.0,0.436541,0.84275615,0.0,0.0,0.0,4.0
1.0500433,0.41955632,1.0899462,0.0,0.0,1.3276848,0.9868478,0.0,0.33399004,0.0,0.0,0.0,0.0,0.0,1.3529544,0.0,0.0,0.0,0.0,0.0,1.1364595,0.0,0.0,0.28076324,0.1302194,0.581638,0.20100512,0.6273312,1.3771445,1.581226,0.39420438,0.1879403,0.0,0.0,0.0,0.0,0.3371624,1.3603263,0.0,0.0,1.0514888,0.6683486,0.0,0.20138788,0.0,0.0,0.0,0.0,0.3678202,0.0,0.7091348,0.8986523,0.0,0.0,0.09450218,0.0,0.08626725,0.0,0.6084726,0.17683668,0.0,1.4944439,0.0,0.0,1.0193918,0.2608359,0.0,0.25329876,0.0,0.0,0.0,0.6728383,0.17038238,0.0,0.8606252,0.0,0.9619929,0.4064581,0.0,0.037541185,0.7254223,0.0,0.0,0.0,1.0285048,0.0,0.055485982,0.0,0.0,0.0,0.0,0.11764713,0.0,0.0,0.0,0.0,0.0,0.0,0.0,0.6063764,0.21520934,0.93939894,0.41566297,0.29437092,0.0,0.19208314,1.7892863,0.70465136,0.6621072,0.37779862,0.7564714,0.0,0.0,0.0,0.26375324,0.22050217,0.2640896,1.5148156,1.2581699,0.0,1.2724793,0.0,0.0,0.0,0.8715428,0.066687316,0.8854991,0.0,4.0
0.56442577,0.33010802,0.6394907,0.0,0.0,1.3633091,1.164863,0.0,0.7031336,0.0054325582,0.0,0.0,0.0,0.0,0.8548342,0.0,0.0,0.0,0.0,0.0,1.3954071,0.0,0.0,0.025332429,0.0,0.62756133,0.7046306,0.0,1.2747352,1.5808785,0.7736472,0.24410261,0.0,0.0,0.0,0.179021,0.45873606,1.0343707,0.30496722,0.0,0.43774194,0.9569134,0.0,0.0,0.0,0.0,0.0,0.0,0.43472075,0.0,0.5375867,0.7137363,0.0,0.0,0.6076766,0.0,0.09465044,0.0,0.89885116,0.4313718,0.0,1.1542139,0.0,0.0,1.2020836,0.0,0.0,0.051160615,0.0,0.0,0.0,0.49279732,0.0,0.0,1.066644,0.0,0.7835133,0.577498,0.0,0.33846194,0.47319224,0.0,0.0,0.0,0.91106796,0.0,0.63002497,0.0,0.0,0.0,0.0,0.41440096,0.0,0.0,0.0,0.0,0.0,0.16340074,0.0,0.4886733,0.6787094,1.1812112,0.038101293,0.5613338,0.24854873,0.73398376,1.6916358,0.52478546,0.8228082,0.6847712,0.4311876,0.0,0.0,0.0,0.32482737,0.9900168,0.0,1.362495,0.8816,0.0,1.4067326,0.24892658,0.0,0.0,0.8669812,0.2886614,0.7885011,0.25037107,4.0
0.5948448,0.0,0.6397076,0.0,0.7744733,0.0,0.0,0.61858386,0.0,0.0,0.0,1.1955701,0.0,0.78820616,1.0831989,0.0,0.0,0.0,0.0,0.0,0.0,0.77373695,0.0,0.5661056,0.0,0.0,0.0,0.14776398,0.0,0.0,0.0,0.0,0.0,1.0369308,0.66023636,0.0,0.0,1.2931225,0.0,0.11055852,1.0842805,0.0,0.6317251,0.68363285,0.75393385,0.40542868,1.5352898,0.0,0.0,0.73308027,0.0,0.4481765,0.0,0.0,0.0,0.03271002,0.0,0.0,0.3018531,0.0,0.0,0.55734533,0.0,0.0,0.0,1.0020375,0.6652785,0.13756737,0.15821762,0.0,0.0,0.306014,0.0,0.0,0.0,0.77265733,0.0,0.0,0.0,0.0,0.0,0.0,0.0,0.0,0.0,0.0,0.0,0.0,0.0,0.0,0.68754894,0.0,0.0,0.0,0.0,0.0,0.0,0.0,0.9468397,0.0,0.0,0.0,0.0,0.0,0.0,0.0,0.0,0.051490895,0.0,0.0,0.20720284,0.0,0.6600068,0.0,0.0,0.28920063,1.7372816,0.7347705,1.1734504,0.0,0.0,0.0,0.0,0.85112906,0.0,0.0,0.0,0.0,4.0
0.0,0.57390743,0.042918637,0.0,0.0,0.46035117,0.0,0.0,0.40477914,0.09762151,0.0,0.0,0.0,0.0,0.33839795,0.7499607,0.0,0.88311803,0.5665375,0.7864346,0.010455018,0.04514468,0.0,0.030705176,0.7443342,0.41186407,0.0,0.78479123,0.54215837,0.2800262,0.0,0.0,0.0,0.0,0.0,0.0,0.008446936,0.0,0.0,0.0,0.13267615,0.48847154,0.0,0.0,0.0,0.0,0.0,0.58713496,0.0,0.42913905,0.35182652,0.0,0.069024555,0.0,0.0,0.0,0.84586114,0.0,0.38102272,0.149368,0.0,0.48470533,0.0,0.0,0.0,0.013585622,0.018181631,0.0,0.0,0.0,1.0561626,0.0,1.0692599,0.0,0.0,0.0,0.6123224,0.0,0.0049852394,0.0,0.9177565,0.28364152,0.0,0.48633242,0.9562895,0.0,0.0,0.7062607,0.0,0.36253345,0.0,0.3056903,0.0,1.011911,0.0,0.0,0.0,0.18787192,0.0,0.9638158,0.0,0.050150964,0.94854057,0.0,0.0,0.0,0.6599977,0.0,0.0,0.15875728,0.0,0.0,0.0,0.106608026,0.21333276,0.0,0.0,0.70000595,0.041947637,0.0,0.47062466,0.08349984,0.80120057,0.0,0.2376487,0.0,0.8959297,0.0,4.0
0.0,0.0,0.0,0.19229956,0.0,0.23218542,0.20046233,0.0,0.1089977,0.41530475,0.0,0.0,0.018977035,0.0,0.36823016,0.0,0.0,0.0,0.0,0.0,0.10904824,0.0,0.0,0.0,0.0,0.22702925,2.2730641,0.0,0.5149293,0.31045195,1.9509206,1.2359033,0.0,0.0,0.11166559,1.1185882,0.45909488,0.47981152,1.2487929,0.0,0.0,0.087968655,0.0,0.0,0.0,0.59688455,0.0,0.0,0.4866446,0.0,0.116298676,1.5309063,0.4579647,0.0,2.4528005,0.0,0.0,0.0,0.0,0.7214598,0.80585665,0.3034925,0.0,0.0,2.2938185,0.0,0.0,0.819612,0.0,0.0,0.0,1.4569254,0.0,0.0,0.41457728,0.0,0.037853263,0.0,0.0,1.2355431,0.0,0.0,0.0,0.0,0.20054257,0.0,1.7781136,0.0,0.17433599,0.0,0.0,0.102270976,0.0,0.0,0.0,0.7256149,0.0,0.44371885,0.0,0.0,1.3700905,0.13397144,0.0,1.4691865,1.7293719,2.0056794,0.53087795,1.6159701,1.8054475,0.0,1.4855901,0.0,0.0,0.0,0.17024973,2.424034,0.0,0.5215888,0.5026286,0.0,0.04266257,0.23621386,0.0,0.0,0.0,1.283024,0.0,0.0,4.0
0.1528495,0.0,0.19343401,0.0,0.0,0.02553436,0.017758112,0.24550593,0.0,0.0,0.0,0.0,0.0,0.0,0.36042646,0.44274524,0.0,0.2202786,0.0,0.0,0.0,0.17847304,0.0,0.33732358,1.1610613,0.0,0.0,0.9438592,0.0,0.2403172,0.0,0.0,0.0,0.17713621,0.0,0.0,0.0,0.78233135,0.0,0.94027585,0.08942362,0.14658049,0.1052975,0.62229365,0.15790825,0.0,0.0,0.0,0.0,0.0,0.0,0.0,0.0,0.0,0.0,0.0,0.23450942,0.0,0.0,0.0,0.0,0.7221577,0.0,0.0,0.33383575,0.0,0.0,0.0,0.0,0.0,0.0,0.0,0.0,0.0,0.0,0.0,0.0,0.5831085,0.0,0.0,0.0,0.08027575,0.0,0.19174837,0.36234975,0.0,0.0,0.0,0.0,0.0,0.0,0.0,0.0,0.0,0.12216063,0.0,0.0,0.0,0.0,1.123023,0.0,0.0,0.8637123,0.0,0.0,0.0,0.47394386,0.0,0.0,0.0,0.0,0.1358031,0.47272432,0.0,0.0,0.0,0.0,0.3782465,0.63968015,0.0,0.080637954,0.0,0.0,0.6004313,0.98998547,0.0,0.0,0.0,4.0
1.2037038,0.0,1.1431485,1.1619943,0.2580446,0.0,0.0,2.1975732,0.0,0.0,2.486489,0.6245448,1.8181255,0.1215401,0.0,0.0,1.9714595,0.0,0.0,0.8469792,0.0,0.4289091,2.5177786,1.8570945,1.4412336,0.0,0.0,0.0,0.0,0.0,0.0,0.0,2.4725084,2.4906447,1.8114947,0.0,0.0,0.0,0.0,2.441021,0.060689177,0.0,1.4139299,1.2573748,1.7477719,0.90807766,0.0,0.0,0.0,0.04262534,0.0,0.21985234,0.0,2.1739833,0.0,2.1103208,0.0,2.185001,0.0,0.0,1.4642339,0.0,1.8859543,1.1468643,1.1417351,0.0,0.5283553,0.0,2.2287426,1.701873,0.0,0.8898999,0.0,2.184087,0.0,2.4477475,0.0,0.0,0.0,0.0,0.0,0.0,2.0724943,0.0,0.0,1.2365972,0.0,0.0,0.79516476,0.38456768,1.3511626,0.0,2.1925554,0.0,2.7944205,0.80337065,1.9499079,0.0,1.1982694,0.0,1.1753219,0.0,0.0,0.0,0.0,0.0,0.0,1.3835249,0.0,0.0,1.2533776,2.3914766,1.7101178,0.76184756,0.0,0.0,0.0,0.0,0.0,1.0856967,0.0,0.0,0.0,1.5981897,0.0,0.0,0.0,1.70207,4.0
0.0,0.548493,0.07859072,0.4340073,0.0,0.0,0.0,0.0,0.8211177,1.0343001,0.0,0.0,0.0,0.0,0.0,0.7697111,0.0,0.0,0.0,0.0,0.22470953,0.0,0.0,0.0,0.0,0.77767175,1.419586,0.0,0.51371497,0.06112189,1.3167007,0.7591643,0.0,0.0,0.0,1.8937665,1.5673987,0.0,1.4539158,0.0,0.0,1.010586,0.0,0.0,0.0,0.25100175,0.0,0.0,1.8284608,0.19291916,0.0,1.1587089,0.6968298,0.0,1.373149,0.0,1.0737953,0.0,0.116797596,1.7540725,0.3586311,0.0,0.0,0.2007483,1.2698411,0.0,0.0,1.1395878,0.0,0.0,0.0,1.268788,0.27818522,0.0,0.0,0.0,0.731017,0.0,1.0751475,2.0064006,0.019222217,0.0,0.0,0.745383,0.0,0.0,2.1115336,0.0,1.3335876,0.08355195,0.088420905,1.3112819,0.0,0.0581592,0.0,0.82648116,0.0,1.7678297,0.48464137,0.0,0.6233638,0.2808113,0.0,0.96001863,0.96811235,1.2813672,0.037789017,1.0589243,0.9051207,0.13030721,1.1616446,0.0,0.0,0.0,1.2498939,1.3538895,0.0,0.0,0.0,0.33249068,0.0726415,0.9886558,0.0,0.0,0.0,1.6240668,0.0,0.0,4.0
0.2977688,0.0,0.36416394,0.0,0.0,0.84268695,0.7571123,0.0,0.052471966,0.0,0.0,0.0,0.0,0.0,1.1022018,0.07887544,0.0,0.29880047,0.0,0.0,0.75966614,0.0,0.0,0.25300875,0.8747736,0.0,0.0,1.0842643,0.4028022,1.1029708,0.0,0.0,0.0,0.0,0.0,0.0,0.0,1.3079617,0.0,0.5552501,0.38298586,0.29745978,0.0,0.64360666,0.0,0.0,0.0,0.0,0.0,0.0,0.47573194,0.0,0.0,0.0,0.0,0.0,0.17561528,0.0,0.5271288,0.0,0.0,1.3561155,0.0,0.0,0.095890835,0.13611871,0.0,0.0,0.0,0.0,0.0,0.0,0.0,0.0,0.38295785,0.0,0.087097965,0.5011865,0.0,0.0,0.13164492,0.0,0.0,0.0,1.1659964,0.0,0.0,0.0,0.0,0.0,0.0,0.0,0.0,0.0,0.0,0.0,0.0,0.0,0.0,1.3001944,0.0,0.581356,1.0669781,0.0,0.0,0.0,1.4190952,0.0,0.0,0.14980333,0.0,0.0,0.034713347,0.0,0.0,0.0,0.0,1.1721257,1.254233,0.0,0.9329518,0.0,0.0,0.19078727,1.0194398,0.0,0.2172426,0.0,4.0
0.0,0.13007772,0.0,0.0,0.0,1.2668855,1.159072,0.0,0.6860181,0.27967054,0.0,0.0,0.0,0.0,0.0,0.57656527,0.0,0.0,0.0,0.0,1.4442493,0.0,0.0,0.0,0.0,0.75865465,0.32784912,0.0,0.71195924,1.1085095,0.2133007,0.14729783,0.0,0.0,0.0,0.5793485,1.0535191,0.0,0.5939957,0.0,0.0,1.0342548,0.0,0.0,0.0,0.0,0.68932945,0.0,1.0252028,0.0,0.13764349,0.33181113,0.0,0.0,0.33255327,0.0,0.6514456,0.0,1.1625077,1.0435398,0.0,0.19307566,0.0,0.05767596,0.15921202,0.0,0.0,0.28293598,0.0,0.0,0.0,0.11082631,0.0,0.0,1.1054726,0.0,0.33817452,1.2302318,0.5348618,0.7388654,0.3831772,1.2061665,0.0,0.6235414,0.0,0.0,1.1418197,0.0,0.49544916,0.061433982,0.0,0.76957494,0.0,0.0,0.0,0.0,0.0,1.153444,0.042382475,0.0,0.02961174,1.5400507,0.0,0.48994082,0.22114703,0.46851575,0.9279309,0.0,0.21553813,1.541635,0.0,0.0,0.0,0.0,0.80893224,0.49220407,0.21323721,0.8760596,0.0,0.0,1.3235018,0.26262727,0.0,0.0,1.1623062,0.671569,0.46911362,0.33797115,4.0
1.3424882,0.0,0.11290295,0.0,0.0,2.077429,2.1835358,2.1914818,1.7532083,0.0,2.001232,0.0,0.0,0.08485404,0.6955733,0.0,0.0,0.0,0.0,0.0,2.715009,0.28328884,3.7068698,0.0,0.0,1.212803,0.8047662,0.0,1.0834285,2.0561168,0.8533065,2.659629,2.8579574,0.0,0.74227184,1.6304054,2.3768008,0.5372119,0.0,0.0,0.97087485,1.6980349,0.0,0.62393135,1.2496569,1.5545087,0.0,0.15182269,2.5612137,0.03032522,1.1014688,3.321424,0.0,3.4109206,0.5459044,1.089419,0.0,0.0,0.86782956,1.7938935,0.0,0.40980503,0.0,4.207013,0.88003874,1.7911956,0.06541796,3.752575,0.0,2.668339,0.0,2.9632344,0.0,0.0,1.877645,0.0,0.26523703,2.6233995,2.632724,1.9065363,0.0,1.9825083,0.0,0.26797143,0.0,0.0,2.9832954,0.0,1.8352427,0.0,0.0,2.4838803,2.9909935,0.0,2.0234277,0.0,0.0,1.9844146,0.5350789,0.0,0.0,2.5652816,0.0,2.1419911,0.74863386,0.63440794,1.3349698,2.19019,1.6113786,2.0124228,2.5597372,1.136924,1.0743182,0.0,1.4277737,0.0,1.606783,0.76845837,0.667156,4.889163,1.9474971,0.0,0.651259,1.0742109,2.0261111,1.3254377,0.0,1.7028209,4.0
0.0,0.0,0.0,0.0,0.5508692,0.22309025,0.17159508,0.0,0.0,0.0,0.0,0.685261,0.0,0.6201501,1.4007378,0.28682932,0.0,0.50847536,0.0,0.010251436,0.015548093,0.764718,0.0,0.0,0.46776146,0.0,0.0,1.1746787,0.0,0.14536141,0.0,0.0,0.0,0.22361563,0.0,0.0,0.0,1.4331967,0.0,0.12899192,0.44230217,0.0,0.5393471,0.8962633,0.266535,0.0,1.0454983,0.0,0.0,0.32425782,0.0,0.0,0.0,0.0,0.0,0.0,0.18885213,0.0,0.6886528,0.0,0.0,1.1511539,0.0,0.0,0.0,1.1870418,0.44544512,0.0,0.0,0.0,0.0,0.0,0.0,0.0,0.0,0.0,0.0,0.21079198,0.0,0.0,0.0,0.2664892,0.0,0.0,0.23209812,0.0,0.0,0.6019649,0.0,0.0,0.14794539,0.0,0.0,0.0,0.0,0.0,0.0,0.033622958,0.1418669,0.834823,0.0,0.24237788,0.61128503,0.0,0.0,0.0,0.2528621,0.0,0.0,0.040336486,0.0,0.0,0.3482638,0.0,0.0,0.0,1.6652075,1.269035,1.3631086,0.0,0.10642334,0.0,0.0,0.49966863,0.2987276,0.0,0.0,0.0,4.0
0.0,0.0,0.0,0.0,0.0,0.54755723,0.3961513,1.1598594,0.0,0.0,3.0881388,0.0,0.0,0.0,0.26890412,0.0,0.046778735,0.0,0.0,0.0,0.4393562,0.0,4.1640463,0.0,0.0,0.0,1.1015062,0.5979999,0.0,0.76460606,1.086819,2.8922095,2.2219539,0.7490058,0.14299543,0.0,0.0,0.40235358,0.0,0.03141719,0.0,0.0,2.3968365,1.3882984,3.0767791,1.098568,0.0,0.8473597,0.0,0.0,0.88893193,2.0740821,1.4421295,3.4038172,1.3817279,0.0,0.0,0.0,0.0,0.0,0.0,0.6665232,0.0,3.3760731,0.6060986,1.060003,0.0,2.4327772,0.0,4.1172547,0.0,1.8281628,0.0,0.0,0.20917,0.0,0.0,0.7581575,0.72249615,0.0,0.0,0.18513402,0.0,0.0,0.0,0.0,0.34546572,0.0,0.0,0.0,0.0,0.0,3.5754826,0.0,2.2885742,0.0,0.0,0.0,1.0652124,0.0,0.0,0.17855737,0.0,2.037,2.174119,1.4241333,0.64340615,1.7522569,1.5726601,0.0,1.9591517,1.5376079,2.5729423,0.0,0.0,0.0,0.0,0.10434215,0.25312373,4.5015855,0.022274237,0.0,0.42600566,2.3202233,0.0,0.0,0.0,0.0783043,4.0
0.025104232,0.0,0.0,0.0,0.0,0.7395101,0.66289186,2.3002143,0.0,0.0,1.7304379,0.0,0.0,0.15513478,0.440549,0.0,0.0,0.0,0.0,0.0,1.0782163,0.27869433,2.303901,0.0,0.26133096,0.0,0.0,0.36033678,0.0,0.8391624,0.0,1.4443635,2.6463985,0.0,1.0949824,0.0,0.10437768,1.2438203,0.0,0.06831587,0.0,0.0,0.25244272,1.3172572,1.4930001,1.5270195,1.0354482,0.0,0.11456907,0.0,1.0609002,1.9776102,0.0,2.2535465,0.0,0.13464694,0.0,0.0,0.16361636,0.0,0.0,0.3649506,0.0,2.985274,0.0,1.2553899,0.14819211,2.2412643,0.0,1.9761816,0.0,1.8790436,0.0,0.0,1.0509015,0.0,0.0,1.3422338,0.016593914,0.0,0.0,0.5864202,0.0,0.0,0.0,0.0,0.0,0.0,0.92160666,0.0,0.0,0.0,2.1887572,0.0,1.9572496,0.0,0.0,0.0,1.4744412,0.0,0.0,1.0040921,0.0,1.0437187,0.0,0.0,0.4891535,1.1074094,0.41659036,0.7840224,1.392829,1.7175733,1.4978629,0.0,0.0,0.0,1.1262145,0.40019184,1.2199483,2.9957163,0.72028625,0.0,0.0,1.5793102,1.0929096,0.0,0.0,0.36509487,4.0
0.0,0.0,0.0,0.1839786,0.0,1.1835175,1.1588216,0.0,0.6401937,0.0,0.0,0.0,0.0,0.0,0.0,0.0,0.0,0.0,0.16470477,0.0,1.4188024,0.0,0.0,0.0,0.0,0.42015812,0.69756025,0.0,0.36951214,1.0706264,0.5845863,0.70276356,0.0,0.0,0.0,0.1492186,0.54908985,0.0,0.22773351,0.0,0.0,0.6418605,0.0,0.0,0.12886198,0.0,1.0750313,0.0,0.40327656,0.0,0.33387992,0.43179363,0.3387797,0.0,0.7099934,0.13520737,0.0,0.0,0.9976617,0.5236081,0.3303611,0.0,0.0,0.25724205,0.34725294,0.0,0.0,0.4371495,0.0,0.0,0.0,0.2013437,0.0,0.0,1.3484967,0.0,0.0,1.2195824,0.1156306,0.3471943,0.0,0.91692334,0.0,0.077028714,0.0,0.27603158,1.0755206,0.0,0.2714714,0.44099566,0.0,0.5753798,0.0,0.0,0.0,0.15825449,0.0,0.629009,0.5707842,0.0,0.45960143,1.4552242,0.0,1.0133909,0.6114638,0.848563,0.8364068,0.08197366,0.65257645,1.291251,0.020683875,0.0,0.07979483,0.33514306,0.34859848,0.707143,0.0,0.69646406,0.0,0.25882804,1.2337275,0.09826309,0.0,0.077091694,0.93927413,0.39750946,0.042170957,0.844312,4.0
0.74745387,0.7174157,1.5140331,0.60549015,0.0,0.0,0.0,0.0,0.64447266,1.1003683,0.0,0.62181157,0.62090015,0.0,0.0,0.013748736,0.0,0.0,0.07715022,0.13519293,0.0,0.0,0.0,0.32364357,0.0,1.0699358,0.637639,0.0,1.2676489,0.0,1.1139467,0.08067541,0.0,0.0,0.76062626,1.0590532,0.93652177,0.0,0.8447599,0.0,0.9863849,0.3421185,0.0,0.09350987,0.0,0.47624594,0.0,0.0,0.88419837,0.0,0.037239973,0.98011506,0.0,0.0,0.6200222,0.0,0.1799728,0.25087467,0.0,0.8969237,0.9155339,0.0,0.2901165,0.0,1.4967576,0.105086125,0.0,0.5531046,0.21538232,0.0,0.0,0.82607895,0.73969495,0.063531525,0.0,0.10951596,1.3572279,0.0,0.0,0.8422063,0.52130824,0.0,0.2366901,0.04784137,0.0,0.4875282,0.7999905,0.0,0.4661164,0.14212361,0.6702661,0.4504097,0.0,0.6565075,0.0,0.8032384,0.37908727,0.68853766,0.300276,0.006913453,1.2174765,0.0,0.0,0.32479164,0.05011294,0.26801446,0.0,1.0868455,1.2561383,0.0,0.9504423,0.0,0.0,0.234284,1.0388532,1.0018622,0.0,0.0,0.0,0.0,0.0,0.91127163,0.0,0.0,0.0,0.752995,0.8081489,0.30673033,4.0
0.0,0.0,0.43399137,0.0,0.500455,0.0,0.0,0.93547016,0.0,0.02221206,0.0,0.8172115,0.0,0.45736444,0.22554015,1.0731491,0.0,0.0,0.0,0.0,0.0,0.012793148,0.0,0.0,0.0,0.0,0.0,0.0,0.0,0.0,0.0,0.0,0.0,1.4107591,0.6667529,1.3753918,0.5610564,1.2396405,1.0536251,0.0,0.0,0.0,0.0,0.100883335,0.0,0.6821991,2.1492832,0.0,0.9186298,0.0,0.0,1.2662603,0.0,0.0,0.0,0.071650006,0.111473076,0.0,0.12330542,0.9936968,0.0,0.0,0.0,1.2165146,0.0,0.0,0.24853678,1.106117,0.27924588,0.0,0.0,0.8737724,0.0,0.03644162,0.0,0.9096261,0.0,0.4302197,0.9311645,1.6274271,0.31758994,0.90462476,0.0,1.3601398,0.0,0.0,0.7103066,0.0,1.3428324,0.0,0.42372748,0.0,0.0,0.0,0.0,0.0,0.0,0.5952622,1.3736752,0.0,0.0,0.052759714,0.0,0.0,0.0,0.0,0.0,0.8142638,0.0,0.7205964,0.707053,0.0,0.0,0.0,0.35700324,0.47582024,1.4802095,0.26529685,1.235761,0.0,0.0,0.0,0.0,0.2805539,0.64286846,0.67669415,0.0,0.0,4.0
0.0,0.0,0.0,0.0,0.57457733,0.35694847,0.41627812,0.271519,0.0,0.39881274,0.0,0.6486402,0.0,0.44251624,0.81345314,0.7807238,0.0,0.0,0.0,0.0,0.33039606,0.36221993,0.0,0.0,0.0,0.30593094,0.0,0.47345373,0.06378247,0.019711643,0.0,0.0,0.0,0.067953005,0.29080066,0.58887774,0.6693262,1.4232441,0.5981811,0.0,0.0,0.0,0.0,0.32523972,0.0,0.4019405,2.0621226,0.0,0.59436744,0.033680838,0.0,0.6439949,0.0,0.0,0.0,0.0,0.3909629,0.0,0.85904217,0.7121811,0.0,0.5710052,0.0,0.077258445,0.0,0.61454266,0.35699204,0.38434133,0.0,0.0,0.0,0.2165,0.0,0.0,0.6692259,0.0077762315,0.19255883,0.82889265,0.0,0.5292651,0.8243757,0.9526464,0.0,0.779368,0.0,0.0,0.0,0.0,0.5071236,0.0,0.21611297,0.0,0.0,0.0,0.0,0.0,0.0,0.75780696,0.9563842,0.35289422,0.0,0.7871845,0.0,0.0,0.0,0.0,0.008445351,0.0,0.0,1.1471003,0.05954484,0.0,0.0,0.0897552,0.7411006,0.0,1.8101071,1.0466951,1.2944456,0.0,0.33596215,0.0,0.0,0.0,0.93228614,0.1708072,0.22532846,0.0,4.0
0.0,0.3727439,0.0,0.0,0.0,0.8126668,0.52191037,0.0,0.7539255,0.3077516,0.0,0.0,0.0,0.0,0.22741577,1.37467,0.0,1.2386664,0.0,0.14324614,0.6032088,0.0,0.0,0.0,0.69425213,0.60788226,0.0,0.71352905,0.653417,0.6306231,0.0,0.0,0.0,0.0,0.0,0.18204942,0.6929966,0.0,0.31039456,0.0,0.0,1.0735972,0.0,0.0,0.0,0.0,0.0,0.7793805,0.65649235,0.12259011,0.0141546875,0.0,0.036551535,0.0,0.0,0.0,1.4353168,0.0,0.82608116,0.8462076,0.0,0.5400603,0.0,0.0,0.0,0.0,0.0,0.0,0.0,0.0,0.53363556,0.0,0.5188665,0.0,0.0,0.0,0.5873679,0.4930606,0.8796397,0.17126359,0.6098229,1.1583438,0.0,1.1515813,0.8932679,0.0,0.23693664,1.2579191,0.0,0.037326157,0.0,0.7718107,0.0,0.4862006,0.0,0.0,0.0,1.0383458,0.0,0.9685944,0.0,0.719616,1.1124964,0.0,0.0,0.0,0.8165614,0.0,0.0,0.8109676,0.0,0.0,0.0,0.0,0.5202118,0.0,0.0,0.7395617,0.04681922,0.0,0.88113636,0.082941554,1.0311294,0.0,0.76007795,0.2250219,0.7487592,0.0,4.0
0.0,0.055808008,0.0,0.09303332,0.7172925,0.73678887,0.9803145,0.0,0.0,1.229825,0.0,0.6296487,0.1133462,0.2633663,1.9159167,0.7958146,0.0,0.0,1.1032451,0.0,0.6298359,0.0,0.0,0.0,0.17672786,1.267884,0.0,1.6418589,1.4724555,0.20713155,0.0,0.0,0.0,0.0,1.0683627,0.39566723,0.5029098,2.575731,0.41590247,0.0,0.0,0.0,0.0,1.5551256,0.0,0.42400277,2.8026276,0.0,0.09520693,0.0,1.42533,0.0,0.0,0.0,0.0,0.0,0.8395706,0.0,1.5032139,0.6193808,0.0,1.2041341,0.0,0.0,0.0,1.7336664,0.0,0.0,0.0,0.0,0.9245461,0.0,0.760142,0.0,1.5347302,0.0,0.8265203,0.5294485,0.0,0.14287157,1.7337143,0.7018802,0.0,0.65385866,0.083255045,0.7842978,0.0,0.0,0.43920198,0.0,0.0,0.0,0.0,0.440174,0.0,0.0,0.0,0.78011537,1.6555616,1.5041049,0.0,0.9049061,0.65883625,0.0,0.0,0.0,0.57731014,0.0,0.0,1.2847695,0.0,0.7911963,0.0,1.4507353,1.2389014,0.0,1.9182167,1.7463241,2.4819872,0.0,0.95152295,1.4540771,0.0,0.0,0.54569346,0.0,1.2640852,0.0,4.0
0.0,0.0,0.0,0.0,0.0,0.47587508,0.22317545,0.026280474,0.0,0.0,0.0,0.0,0.0,0.0,0.0,0.48429862,0.0,0.0618398,0.0,0.0,0.4273002,0.0,0.0,0.0,0.19320807,0.0,0.0,0.0155209685,0.0,0.3773752,0.0,0.0,0.0,0.04163127,0.0,0.0,0.21360078,0.012261811,0.055274885,0.0,0.0,0.31340435,0.17687517,0.0,0.4683085,0.0,0.28606063,0.0,0.13450506,0.0,0.0,0.0,0.0,0.0,0.0,0.0,0.27121875,0.0,0.45857838,0.22870988,0.0,0.2714291,0.0,0.019407408,0.0,0.0,0.0,0.0,0.0,0.0,0.0,0.0,0.0,0.0,0.18040249,0.0,0.0,0.7947692,0.4224383,0.0,0.0,0.8417392,0.0,0.4916028,0.0,0.0,0.059446175,0.056787614,0.0,0.041219894,0.0,0.0,0.0,0.0,0.0,0.0,0.0,0.31099027,0.0,0.12960485,0.0,0.57807267,0.07044293,0.0,0.19381548,0.060582153,0.39884865,0.0,0.0,0.753043,0.0,0.0,0.37550458,0.0,0.0,0.035288114,0.2526125,0.57424676,0.0,0.0,0.38700116,0.0,0.0,0.40710512,0.86582047,0.025409022,0.0,0.0,4.0
0.0,0.24950352,0.0,1.8111025,0.051078357,0.0,0.0,0.0,0.19509207,0.46214104,0.0,0.0,1.3048178,0.0,0.0,0.0,0.7883807,0.0,0.29063475,0.0,0.0,0.0,0.0,0.32264468,0.0,0.07698462,1.4279,0.0,0.03243495,0.0,1.5509626,1.2598108,0.0,0.65098304,0.40569827,0.49699962,0.08814721,0.0,0.5709168,0.0,0.0,0.0,0.0,0.0,0.0,0.6237464,0.26050642,0.0,0.0,0.0,0.0,0.6671091,1.176873,0.0,1.3989856,0.57423455,0.0,1.2937157,0.0,0.109341405,1.6733637,0.0,1.1682017,0.34770817,1.3265922,0.0,0.0,0.70590013,1.1497238,0.0,0.59785897,0.75695777,0.5405982,1.0154347,0.0,0.98261493,0.18286796,0.0,0.0,0.6008295,0.0,0.0,1.1375737,0.0,0.0,1.6445036,0.91490376,0.0,0.6060175,1.7054985,0.1250742,0.35353306,0.0,0.48684692,0.0,1.7323906,1.2591108,0.062939055,1.0263073,0.0,1.8233807,0.0,0.0,1.3998584,1.1418605,1.3040226,0.0,1.1695311,1.2182586,0.0,0.8520026,0.0,0.0,1.4352983,0.10194171,1.3619403,0.0,0.0,0.0,0.16719167,0.0,1.0241014,0.0,0.0,0.0,0.7123648,0.0,0.6951775,4.0
0.0,0.0,0.0,0.0,1.5389332,0.5324295,1.7447488,0.0,0.0,0.60656154,0.0,1.3645862,0.18062301,1.5242164,0.45223203,0.0,0.0,0.0,0.0,0.0,0.23347029,1.5286331,0.0,0.0,0.0,0.0,0.0,0.14133148,0.0,0.11215772,0.0,0.0,0.0,0.50941014,0.0,0.5780806,0.0534078,0.86476034,0.65107423,0.0,0.0,0.0,0.17637354,0.4270602,0.0,0.45310578,0.69660485,0.0,0.055443037,0.0,0.0,0.0,0.0,0.0,0.0,0.0,0.09747721,0.0,0.0,0.03559255,0.097307496,0.08252076,0.0,0.0,0.0,0.0,1.1773977,0.2999377,0.30575028,0.0,0.0,0.08052193,0.0,0.011354695,0.90612257,0.056426242,0.0,0.0,0.13329868,0.49781144,0.0,0.0,0.0,0.0,0.0,0.0,0.24337782,0.33697033,0.79399,0.0,0.41601908,0.0,0.0,0.0,0.096696906,0.0,0.0,0.26048782,0.0,0.3082503,0.0,0.40589195,0.0,0.0,0.0,0.0,0.058560323,0.3920599,0.0,0.0,0.46159378,0.23045383,0.0,0.0,0.0,0.0056263246,1.3739512,0.24288733,0.83526444,0.0,0.012461657,0.0,0.0,0.0,0.0,0.23512569,0.0,0.0,4.0
0.0,0.0,0.0,0.0,0.0,0.23407395,0.18960056,0.0,0.0,0.0,1.2784219,0.0,0.0,0.0,1.0833747,0.0,0.0,1.2779773,0.35386246,0.38911942,0.1312862,0.0,0.52228755,0.0,0.8875811,0.0,0.0,1.3638403,0.0,0.26489398,0.0,0.0,0.0,0.18209422,0.0,0.0,0.0,1.1108695,0.0,0.7984603,0.024745533,0.0,1.3392558,1.4612193,0.93393695,0.0,0.2633109,0.68380475,0.0,0.0,0.44597995,0.0,0.1713053,0.3179483,0.0,0.0,0.0,0.0,0.29409015,0.0,0.0,1.1078473,0.0,0.0,0.0,1.26451,0.0,0.0,0.0,1.0541232,0.0,0.0,0.0,0.0,0.0,0.0,0.0,0.32699797,0.0,0.0,0.0,0.0,0.0,0.0,0.72049594,0.0,0.0,1.2080549,0.0,0.0,0.0,0.0,1.1455104,0.0,0.70128477,0.0,0.0,0.0,0.2246426,0.7184591,0.0,0.093360655,1.1760966,0.0,0.0023886708,0.0,0.44684106,0.0,0.0,0.0,0.0,0.60683644,1.10252,0.0,0.0,0.0,0.350635,0.7215363,1.1326385,0.53285176,0.12098002,0.0,0.5068557,1.1831911,0.16679755,0.0,0.0,0.0,4.0
0.0,0.0,0.0,1.17002,0.0,0.0,0.0,0.0,0.4058593,0.024259575,0.0,0.0,0.23102492,0.0,0.0,0.15410827,0.3373674,0.0,0.0,0.0,0.016371429,0.0,0.0,0.0,0.0,0.0,1.8567617,0.0,0.0,0.0,1.6784848,1.4971956,0.0,0.6743127,0.0,0.9394332,0.3778426,0.0,1.0484738,0.0,0.0,0.45069858,0.0,0.0,0.0,0.45469877,0.81177497,0.0,0.50730073,0.0,0.0,0.9905812,0.97973806,0.0,1.9662545,0.34324795,0.069605425,0.24739054,0.0,0.7222119,1.243639,0.0,0.15899155,0.12616847,1.6619581,0.0,0.0,0.82792234,0.3129121,0.0,0.0,1.2514486,0.0,0.13458334,0.3883018,0.2967293,0.0,0.0,0.8466519,1.269587,0.0,0.0,0.18652265,0.2546872,0.0,0.78839666,1.7737324,0.0,0.96146524,1.0642112,0.0,0.7234623,0.0,0.0,0.0,1.3399311,0.07789134,0.59526896,1.0406137,0.0,1.51705,0.01711231,0.0,1.7748674,1.6713043,1.857092,0.0,1.3298237,1.1849716,0.0,1.1180205,0.0,0.0,0.46885803,0.0,1.9481889,0.0,0.0,0.0,0.422468,0.0,0.5063129,0.0,0.0,0.0,1.1956202,0.0,0.6119862,0.0
0.0,0.0,0.0,0.0,0.0,0.56045616,0.25225952,0.0,0.6530558,0.0,0.0,0.0,0.0,0.0,0.11252803,0.7175953,0.0,1.3299977,0.0,0.27497417,0.31804428,0.0,0.0,0.0,0.56673217,0.0,0.0,0.67508036,0.07005227,0.4927558,0.0,0.0,0.0,0.0,0.0,0.0,0.0,0.0,0.0,0.0,0.0,0.6990285,0.0923452,0.0,0.0,0.0,0.0,1.0300164,0.0,0.0,0.018081713,0.0,0.47299224,0.0,0.0,0.0,0.75800544,0.0,0.45684895,0.109790854,0.0,0.5648736,0.0,0.0,0.0,0.0,0.0,0.0,0.0,0.02149059,0.15522376,0.0,0.17480862,0.0,0.0,0.0,0.07061944,0.2943483,0.57277584,0.0,0.0,0.68833375,0.0,0.5228098,0.9956472,0.0,0.0041151172,1.3094318,0.0,0.18647127,0.0,0.54743886,0.044840906,0.25609815,0.0,0.0,0.0,0.24759738,0.0,0.8027965,0.0,0.35213453,1.0516541,0.0,0.20463909,0.25489676,0.75796795,0.0,0.0,0.22349939,0.0,0.0,0.0,0.0,0.0,0.0,0.0,0.5517312,0.0,0.0,0.5411179,0.0,1.0968299,0.004971854,0.38554332,0.0,0.123179235,0.0,0.0
0.0,0.0,0.0,0.0,0.0,0.879248,0.7918209,0.1771299,0.3375652,0.045780852,0.0,0.0,0.0,0.0,0.0,0.62211496,0.0,0.0,0.0,0.0,1.0472016,0.0,0.0,0.0,0.026885899,0.40542755,0.0,0.0,0.28722057,0.74167216,0.0,0.0,0.0,0.0,0.0,0.34138396,0.7922526,0.18178914,0.36274713,0.0,0.0,0.688883,0.0,0.0,0.0062293927,0.0,0.7499818,0.0,0.7277081,0.0,0.04579582,0.26895246,0.0,0.0,0.0,0.0,0.5201683,0.0,0.9042101,0.78237844,0.0,0.20628084,0.0,0.24861848,0.0,0.0,0.0,0.23206723,0.0,0.0,0.0,0.04069087,0.0,0.0,0.75677603,0.0,0.15990336,1.2394309,0.46346888,0.42757598,0.39029455,1.2117753,0.0,0.67552054,0.0,0.0,0.5068561,0.0,0.37562352,0.0,0.0,0.3124638,0.0,0.0,0.0,0.0,0.0,0.851959,0.05872576,0.0,0.0,1.2225978,0.0,0.09917579,0.0,0.0,0.6049244,0.0,0.0,1.3906682,0.0,0.0,0.04049437,0.0,0.54910916,0.0,0.48814997,0.7046148,0.13529848,0.0,0.9338059,0.0,0.0,0.1612651,1.2359161,0.34533083,0.27943587,0.056321003,0.0
0.0,0.0,0.0,0.6038443,0.0,0.07954068,0.0,0.0,0.6250333,0.0,0.23994757,0.0,0.64914984,0.0,0.0,0.0,1.154165,1.0620483,1.2492049,1.7196137,0.0,0.0,0.5929058,0.092409335,0.0,0.0,0.52130985,0.0,0.0,0.0,0.33472955,0.1907476,0.0,0.3531303,0.0,0.0,0.0,0.0,0.0,0.0,0.0,0.0,1.1671067,0.0,1.0466206,0.0,0.0,1.0115266,0.0,0.0,0.3985582,0.0,1.6374968,0.28850603,0.66096526,0.17031382,0.0,0.80064565,0.0,0.0,0.3145349,0.017975321,0.9551465,0.0,0.0,0.0,0.0,0.0,0.42685145,1.00744,0.0,0.0,0.0,0.37942415,0.0,0.32349166,0.0,0.0,0.0,0.0,0.0,0.0,0.5466542,0.0,0.66469175,0.95429856,0.0,0.9026871,0.0,1.8647646,0.0,0.0,0.30265233,0.0,0.0,0.5296389,1.0578313,0.0,0.48748562,0.08267038,0.3651725,0.0,0.11794621,0.312135,0.9533658,0.92670596,0.31560105,0.0,0.22368893,0.0,0.0,0.0,0.7822533,1.3602391,0.0,0.41973695,0.0,0.039441854,0.0,0.0,0.0,0.0,0.6704327,0.66959816,0.0,0.0,0.0,1.102212,0.0
0.20267217,0.0,0.13829854,0.0,0.0,1.6240349,1.5870402,0.0,0.35063824,0.0,0.0,0.0,0.0,0.0,1.6286626,0.0,0.0,0.72690535,0.0,0.0,1.5434561,0.0,0.0,0.0,0.6577685,0.0,0.0,1.2062587,0.63855124,1.9360126,0.0,0.0,0.0,0.0,0.0,0.0,0.0,1.6806872,0.0,0.11936765,0.41200298,0.51894,0.0,0.46895763,0.0,0.0,0.0,0.014924014,0.0,0.0,0.9983238,0.0,0.0,0.0,0.0,0.0,0.12333023,0.0,1.0645822,0.0,0.0,1.9806129,0.0,0.0,0.0,0.2468687,0.0,0.0,0.0,0.0,0.0,0.0,0.0,0.0,0.95184267,0.0,0.04537484,0.7905143,0.0,0.0,0.0,0.027564809,0.0,0.0,1.8316106,0.0,0.0,0.5581344,0.0,0.0,0.0,0.0,0.0,0.0,0.0,0.0,0.0,0.0,0.0,1.412724,0.0,1.2779307,1.3891962,0.0,0.0,0.22561288,2.2664626,0.0,0.0,0.40059218,0.0,0.0,0.0,0.0,0.0,0.0,0.0,1.8016355,1.6969994,0.0,1.7120464,0.0,0.1359683,0.2280879,1.2310522,0.0,0.075595036,0.0,2.0
0.23495358,0.0,0.2934134,0.0,0.0,0.0,0.0,0.16247684,0.0,0.0,0.15233953,0.0,0.0,0.0,0.41819787,0.41684216,0.0,0.56720644,0.0,0.0,0.0,0.15881468,0.0,0.38576353,1.3275244,0.0,0.0,1.2596729,0.0,0.085912436,0.0,0.0,0.0,0.2595307,0.0,0.0,0.0,0.78283733,0.0,1.1621965,0.290767,0.06869833,0.35484996,0.9352045,0.2066246,0.0,0.0,0.0,0.0,0.0,0.0,0.0,0.0,0.0,0.0,0.0,0.25335827,0.0,0.0,0.0,0.0,0.78778523,0.0,0.0,0.13669267,0.0,0.0,0.0,0.0,0.0,0.0,0.0,0.0,0.0,0.0,0.0,0.0,0.362502,0.0,0.0,0.0,0.0,0.0,0.11473328,0.6066406,0.0,0.0,0.18760373,0.0,0.0,0.0,0.0,0.015944554,0.0,0.36643025,0.0,0.0,0.0,0.0,1.2804742,0.0,0.0,1.1377765,0.0,0.0,0.0,0.39883584,0.0,0.0,0.0,0.0,0.4015623,0.5906991,0.0,0.0,0.0,0.0,0.22211917,0.7161677,0.0,0.0,0.0,0.0,0.70269704,0.7738595,0.0,0.0,0.0,0.0
0.0,0.0019031119,0.0,0.0,0.0,0.3741259,0.09564265,0.0,0.48800054,0.0,0.0,0.0,0.0,0.0,0.048231848,1.2559367,0.0,1.1978105,0.0,0.09218406,0.19171594,0.0,0.0,0.0,0.7639595,0.0,0.0,0.78715134,0.0,0.3004444,0.0,0.0,0.0,0.0,0.0,0.0,0.36097217,0.0,0.10467836,0.0,0.07101457,0.8234344,0.06697096,0.0,0.0,0.0,0.0,0.7236777,0.31402192,0.026585745,0.0,0.0,0.14137866,0.0,0.0,0.0,1.137215,0.0,0.41695398,0.5111435,0.0,0.4858841,0.0,0.0,0.0,0.0,0.0,0.0,0.0,0.0,0.09645967,0.0,0.04658648,0.0,0.0,0.0,0.17032892,0.45809197,1.1657739,0.0,0.03868639,1.0473732,0.0,1.0629447,0.7032482,0.0,0.116558805,1.2225587,0.0,0.0,0.0,0.52979225,0.0,0.10157649,0.0,0.0,0.0,0.664548,0.0,0.8204918,0.0,0.32388416,1.0374496,0.0,0.12035425,0.05611755,0.5116968,0.0,0.0,0.43851206,0.0,0.0,0.0,0.0,0.009472695,0.0,0.0,0.4483953,0.0,0.0,0.36400437,0.0,0.87718093,0.060608387,0.6325036,0.039243773,0.12161672,0.0,0.0
1.1627482,0.739014,1.8880988,0.0,0.0,2.6143026,2.191803,0.0,0.2982596,1.2591941,0.0,0.312907,0.0,0.0,2.4607859,0.0,0.0,0.0,1.4348813,0.0,2.3192525,0.0,0.0,0.0,0.0026654373,2.269331,0.0,1.1198652,3.170001,2.6566865,0.002615409,0.0,0.14088488,0.0,0.070503004,0.11959501,1.0912205,1.7845548,0.0,0.0,2.1054282,0.2520424,0.0,0.8577991,0.0,0.0,0.0,0.7760042,0.8240766,0.0,2.7919607,0.6577319,0.0,0.0,0.0,0.0,0.0,0.0,1.6128325,0.5591551,0.0,2.2477136,0.0,0.0,0.0,2.4584587,0.0,0.48815644,0.0,0.0,0.0,0.0,1.0324454,0.0,1.5935953,0.0,2.2601352,0.6560626,0.0,0.02189682,1.6948644,0.0,0.0,0.0,2.1137152,0.0,0.0,0.0,0.0,0.0,0.0,0.0,0.0,0.6352372,0.0,0.0,0.0,0.748278,0.0,0.72393423,0.0,2.1690912,0.5360989,0.0,0.0,0.0,2.5289946,0.0,0.8806119,1.2316284,0.0,0.0,0.0,0.0,1.869323,0.0,0.8490771,2.4692369,1.8507539,0.0,2.524565,0.93388236,1.2647908,0.0,1.1940346,0.0,2.0911274,0.0,0.0
0.2537146,0.45290855,0.27925432,0.0,0.3902943,0.4603273,0.12441602,0.18643162,0.0,0.36974362,0.0,0.34221864,0.0,0.47108713,0.0,0.61398,0.0,0.0,0.0,0.0,0.35962796,0.6794887,0.0,0.0,0.0,0.4176579,0.27121967,0.0,0.4763572,0.36185488,0.3248807,0.3858166,0.0,0.0,0.0,0.768531,0.90586895,0.0,0.72926444,0.0,0.0,0.30523562,0.0,0.0,0.0776618,0.22457452,0.07670961,0.0,1.0188562,0.5491917,0.0,1.0729706,0.0,0.0,0.30821058,0.0,0.5380505,0.0,0.2076628,0.8058658,0.0,0.07355503,0.0,0.61307174,0.6163729,0.0,0.61186653,0.87850684,0.0,0.0,0.0,0.8867149,0.0,0.0,0.30003428,0.0,0.7133229,0.25615767,0.70911896,0.8328702,0.6840682,0.5766949,0.0,0.5622254,0.0,0.0,0.67286676,0.0,0.7664202,0.0,0.34602857,0.0,0.0,0.0,0.0,0.17932063,0.0,0.8582736,0.048130386,0.0,0.107873455,0.45550427,0.0,0.40887097,0.2202189,0.17517604,0.36612144,0.76533383,0.33520076,0.6946258,0.9586385,0.0,0.0,0.0,0.7377573,0.40875497,0.75284076,0.59828454,0.0,0.27342737,0.31290826,0.0,0.0,0.0,0.45023242,0.8484692,0.34769362,0.0,2.0
0.11030316,0.010352267,0.37395507,0.0,0.0,0.0,0.0,0.0,0.10086535,0.0,0.0,0.12861827,0.0,0.0,0.0,2.01192,0.0,1.2992208,0.0,1.3685604,0.0,0.0,0.52674174,0.0051012407,0.98303425,0.0,0.0,0.50771874,0.0,0.0,0.0,0.0,0.0,1.7657549,0.0,0.0,0.046777997,0.0,0.34835678,0.045591902,0.34359956,0.5113984,1.3243685,0.0,0.509596,0.0,0.0,0.7195206,0.18741977,0.1922293,0.0,0.0,0.6690648,0.0,0.054500945,0.0,1.175239,0.39130682,0.0,0.4054214,0.0,0.0,0.29556406,0.118579604,0.0,0.0,0.1154738,0.0,0.7526501,0.0,0.0,0.0,0.0,1.2922506,0.0,1.1158403,0.0,0.0,2.789405,0.0,0.0,0.96241236,0.9159876,2.0519512,0.0,0.0,0.0,1.5122454,0.0,0.84295636,0.44245392,0.38516346,0.46285424,0.06830214,0.22776157,0.5575974,1.3043048,0.40987638,0.0,0.48874506,0.0,0.0,0.5775087,0.0,0.90656763,0.26703355,0.0,0.0,0.0,0.0,0.0,0.0,0.5481119,0.0,0.0,0.0,0.0,0.0,0.0,0.15889902,0.0,0.0,0.67100996,0.6727238,0.0,0.11098351,0.0,0.0,0.0
0.32402965,0.0,0.30824515,0.0,0.0,0.0,0.0,0.5878099,0.0,0.0,0.6731163,0.31515738,0.0,0.0,0.0,0.3009673,0.0,0.7112616,0.0,0.24421988,0.0,0.9830236,0.20505148,0.9595972,1.7779413,0.0,0.0,1.1588242,0.0,0.0,0.0,0.0,0.019489903,1.360284,0.0,0.0,0.0,0.16531639,0.0,2.0861511,0.20320112,0.0,1.059465,1.2515062,0.78083247,0.0,0.0,0.0,0.0,0.9405196,0.0,0.0,0.0,0.0,0.0,0.0,0.19061677,0.24202369,0.0,0.0,0.0,0.033484817,0.04456961,0.0,0.47450373,0.0,0.7888459,0.0,0.3256818,0.0,0.0,0.11032968,0.0,0.86198384,0.0,0.7653175,0.0,0.0,0.26845878,0.0,0.0,0.0,0.30742753,0.0,0.0,0.0,0.0,0.3276546,0.0,0.0,0.73975426,0.0,0.29381445,0.0,0.92539585,0.0,0.33943984,0.0,0.0,1.2383059,0.0,0.0,1.1471109,0.0,0.0,0.0,0.0,0.006929699,0.0,0.0,0.059694737,0.9271571,1.232229,0.0,0.0,0.0,0.0,0.0,0.039643813,0.33457804,0.0,0.0,0.0,1.1293126,0.15093558,0.0,0.0,0.0,0.0
0.69022846,0.0,0.7157207,0.0,1.0649489,0.0,0.0,0.37177688,0.0,0.0,0.0014634421,1.4683468,0.0,1.1554939,1.2319301,0.0,0.0,0.0,0.0,0.0,0.0,1.3286498,0.0,0.7278875,0.0,0.0,0.0,0.3768155,0.0,0.0,0.0,0.0,0.0,1.0360801,0.3837834,0.0,0.0,1.1612709,0.0,0.4200589,1.3096194,0.0,0.86827564,0.74934834,0.9665856,0.25136077,1.2328893,0.0,0.0,1.1880484,0.0,0.21026887,0.0,0.0,0.0,0.0,0.0,0.0,0.20786606,0.0,0.0,0.67451775,0.0,0.0,0.0,1.1525528,1.0771953,0.0,0.2414648,0.0,0.0,0.19962631,0.0,0.0,0.0,0.7782721,0.0,0.0,0.0,0.0,0.0,0.0,0.0,0.0,0.0,0.0,0.0,0.0,0.0,0.0,0.9974473,0.0,0.0,0.0,0.0,0.0,0.0,0.0,0.43473676,0.14270237,0.0,0.0,0.0,0.0,0.0,0.0,0.0,0.0,0.0,0.0,0.16419254,0.0,0.8710828,0.0,0.0,0.3373909,1.9569494,0.81995964,1.090084,0.094260655,0.0,0.0,0.0,0.8883582,0.0,0.0,0.0,0.0,0.0
0.0,0.54549813,0.105213076,0.0,0.0,0.0,0.0,0.0,0.9127038,0.5074334,0.0,0.0,0.0,0.0,0.0,2.313982,0.09083913,3.00567,0.21331418,2.118602,0.0,0.0,0.0,0.0,1.6395022,0.0,0.0,1.9584662,0.0,0.0,0.0,0.0,0.0,0.0,0.0,0.0,0.0,0.0,0.31449938,0.6049325,0.17350233,0.65891284,0.0,0.0,0.0,0.0,0.0,2.5052168,0.0,0.26793334,0.0,0.0,0.5104509,0.0,0.0,0.0,2.347789,0.027347207,0.0,0.46594453,0.0,0.0,0.30933893,0.0,0.0,0.0,0.0,0.0,0.4308059,0.0,1.8543636,0.0,1.7097515,0.94693613,0.0,0.34586,0.5850919,0.0,1.089824,0.0,0.30255952,0.45085794,0.74374473,1.8558685,1.767946,0.0,0.0,2.7488103,0.0,1.23527,0.046174508,0.60749257,0.0,1.7562494,0.0,0.17772257,1.0841848,0.59970963,0.0,2.3601048,0.0,0.0,2.3425088,0.0,0.0,0.0,0.0,0.0,0.0,0.0,0.0,0.17803653,0.0,0.15874723,0.0,0.0,0.0,0.0,0.0,0.0,0.0,0.0,2.3813918,0.0,0.0,0.0,0.55351657,0.0,1.0
0.70661676,0.7534245,1.4849237,0.57762724,0.0,0.0,0.0,0.0,0.6546214,1.1201667,0.0,0.5851592,0.5129009,0.0,0.0,0.1041067,0.0,0.0,0.0,0.0,0.0,0.0,0.0,0.3157986,0.0,1.0891536,0.5892186,0.0,1.3122399,0.0,1.0839171,0.0,0.0,0.0,0.6649314,1.115742,0.96948236,0.030533114,0.9263298,0.0,0.86059874,0.40891907,0.0,0.0897942,0.0,0.44606692,0.0,0.0,0.9384724,0.0,0.023412183,0.9918906,0.0,0.0,0.5650707,0.0,0.30016845,0.15418679,0.0,0.9614281,0.8851791,0.0,0.21049424,0.0,1.5257008,0.0007843741,0.0,0.5072442,0.13393776,0.0,0.0,0.85514325,0.7458096,0.0,0.0,0.032351464,1.3723578,0.0,0.0,0.91119266,0.5890885,0.0,0.15466361,0.1106051,0.0,0.44533187,0.7794804,0.0,0.58381295,0.08823032,0.6731348,0.4509568,0.0,0.6294094,0.0,0.7495401,0.25321496,0.73013157,0.29414815,0.12826867,1.2406591,0.0,0.0,0.307436,0.0,0.19284698,0.0,1.1010569,1.2073865,0.0,0.9670132,0.0,0.0,0.17799973,1.0578673,1.0247126,0.0,0.0,0.0,0.0,0.0,0.976186,0.0,0.0,0.0,0.7990672,0.8389189,0.27549118,0.0
0.0,0.0,0.0,0.15466273,0.0,0.98699546,1.0053136,0.0,0.34259146,0.0,0.27260923,0.0,0.13595165,0.0,0.0,0.0,0.51525134,0.17277995,0.81351864,0.33861282,1.184162,0.0,0.59469247,0.0,0.0,0.0,0.21196708,0.0,0.0,0.85450876,0.07655806,0.54992986,0.0,0.0,0.0,0.0,0.0,0.048741437,0.0,0.0,0.0,0.0,0.6261353,0.0,0.9866085,0.0,1.4896216,0.10487735,0.0,0.0,0.8031646,0.0,0.5417102,0.43786156,0.30964,0.0768106,0.0,0.0,0.8171862,0.0,0.17685795,0.1569953,0.004877884,0.04338122,0.0,0.0,0.0,0.0,0.0,0.8931833,0.0,0.0,0.0,0.0,1.3631314,0.0,0.0,1.4108522,0.0,0.0,0.0,0.66990584,0.0,0.0,0.0,0.6282299,0.0,0.0739913,0.0,0.82184416,0.0,0.0,0.35827753,0.0,0.0,0.0,0.0,0.0,1.0537741,0.0,0.2198864,1.2244987,0.0,0.7155155,0.45364872,0.50230867,0.7405165,0.0,0.29233932,0.93824965,0.0,0.0,0.8577815,0.98159903,0.0,0.057493106,0.0,0.6135253,0.0,0.14941688,0.99751735,0.0,0.13961054,0.9667807,0.9616501,0.0,0.0,1.2731233,0.0
0.0,0.0,0.0,1.8662091,0.0,0.0,0.0,1.2848041,0.9529509,0.0,0.39048058,0.0,1.595498,0.0,0.0,0.0,0.77698714,0.0,0.6815438,0.925554,0.0,0.0,2.016391,0.17556748,0.0,0.0,0.7501365,0.0,0.0,0.0,1.5225786,2.1744287,1.7119573,0.48567197,1.9636093,0.3362587,0.0,0.0,0.0,0.0,0.0,0.08898543,0.0,0.0,1.3611512,1.5401686,1.0830866,0.0,0.00933229,0.0,0.39894214,1.7408236,1.0012561,1.9169605,0.47575504,1.9372611,0.0,1.8867602,0.0,0.0,1.9353806,0.0,1.6974398,2.8367267,1.4567083,0.0,0.0,2.149543,1.361464,1.2370138,0.030468209,1.6342124,0.0,0.8474678,0.275935,1.2428348,0.0,0.2589756,0.40022236,0.6026365,0.0,0.0,1.3873923,0.0,0.0,1.9296175,0.9753982,0.0,1.6567738,1.7604825,0.0,1.0839436,1.0088778,0.23098917,0.10277134,1.8104235,1.6096243,0.0,1.8943896,0.0,2.0359225,0.0,0.0,2.2733788,0.49295557,0.37098864,0.0,1.5402416,1.8057536,0.07183156,1.373513,0.106213614,0.9249795,1.9359822,0.0,0.25131997,0.0,0.0,0.0,2.050874,0.0,0.0,0.0,0.5147931,0.0,0.65846616,0.0,2.3454967,0.0
1.3517755,0.0,1.250972,0.0,1.0351269,0.0,0.0,1.9513823,0.0,0.0,3.2474325,1.0126729,0.0,1.0572923,0.53555655,0.0,1.6791407,0.43786713,0.0,0.0,0.0,1.107337,2.2913215,1.4214985,1.2128521,0.0,0.0,0.81832737,0.0,0.0,0.0,0.35694405,1.9250934,0.95115054,0.42942724,0.0,0.0,0.8249776,0.0,2.4289145,1.3089658,0.0,2.1985855,2.6530242,2.1624892,0.28537703,0.0,0.34795836,0.0,1.0047879,0.0,0.023878135,0.09193999,2.4927945,0.0,0.99605364,0.0,0.0,0.0,0.0,0.0,0.31500277,0.0,0.5684585,0.0,1.7801076,1.0182608,0.0047076875,0.0633043,2.2396162,0.0,0.32909003,0.0,0.08764129,0.0,0.66577625,0.0,0.0,0.0,0.0,0.0,0.0,0.0,0.0,0.0,0.0,0.0,0.0,0.0,0.0,0.84772664,0.0,2.8199444,0.0,3.0470982,0.0,0.14809817,0.0,0.57134044,0.0,0.0,0.0,0.85111076,0.0,0.0,0.0,0.0,0.36194825,0.0,0.0,0.58795506,2.4409425,2.4344592,0.0,0.0,0.0,0.06705481,0.0,0.9306925,2.026618,0.0,0.0,0.511001,2.2092297,0.0,0.0,0.0,0.110754155,0.0
0.0,0.0,0.0,0.0,0.0,1.6143236,1.5803627,0.0,0.0,0.0,1.0333186,0.0,0.0684319,0.0,1.5765634,0.0,0.057103656,1.5735452,1.6843964,0.0,1.1332455,0.0,0.7323152,0.0,0.16494372,0.0,0.5860838,0.6885759,0.0,1.3607875,0.0,0.38027424,0.0,0.0,0.0,0.0,0.0,1.2455539,0.0,0.14708222,0.0,0.0,1.0985146,0.43427268,0.9681157,0.0,1.6664188,1.3113886,0.0,0.0,2.0921726,0.0,0.8877566,0.4866365,0.7359026,0.0,0.0,0.0,0.88539517,0.0,0.0,1.4921048,0.0,0.0,0.0,0.86395013,0.0,0.0,0.0,1.0833684,0.0,0.0,0.0,0.0,2.05123,0.0,0.0,0.9166524,0.0,0.0,0.0,0.5849854,0.0,0.0,1.4819925,0.0,0.0,2.1665294,0.0,0.0,0.0,0.0,0.8452675,0.0,0.0,0.0,0.0,0.0,0.32248744,0.25043437,0.0,1.0392925,1.1898392,0.36548606,1.1158812,1.1041918,1.7761303,0.0,0.0,0.07331367,0.0,0.0,0.738269,0.5796113,0.0,0.0,0.060337372,1.8820164,1.5845971,0.342598,1.457042,0.0,0.4004911,0.7276926,0.70987785,0.0,0.0,0.0,0.0
0.0,0.0,0.25388494,2.1344733,1.1686081,0.0,0.0,0.0,0.0,0.44434014,0.90478235,1.3102344,3.7371514,1.334878,0.3203413,0.0,0.0,0.0,4.2977614,2.0446107,0.0,0.18759502,1.8617432,0.53203964,0.0,0.0,2.153735,0.0,0.13157865,0.0,2.897136,3.2116895,2.2887068,0.19556184,3.9838557,0.0,0.0,0.0,0.0,0.0,0.24449883,0.0,1.111445,1.1629488,1.0534486,3.2620234,0.0,0.43399206,0.0,0.0,3.1848562,2.9365315,2.933309,1.1739836,1.9361703,0.0,0.0,2.8256915,0.0,0.0,2.436532,0.0,3.038992,2.5474553,1.992995,2.2106009,0.015316876,3.3432174,2.3898556,2.3423955,0.0,1.9255586,1.3346213,2.0091615,0.0,1.6043767,0.04124813,0.0,0.0,0.0,0.0,0.0,2.664196,0.0,0.16246542,2.6698904,0.0,0.0,0.0,1.6963707,0.0,0.0,0.68581355,1.0733484,0.0,2.1763186,2.5185666,0.0,2.5117552,0.0,3.0965486,0.0,0.0,2.852308,1.6926293,1.2533094,0.0,2.3932204,3.8459477,0.0,2.7135642,2.0295124,0.0,2.9376605,0.0,0.9465279,0.0,0.0,0.0,2.2459888,0.0,0.0,0.0,0.0,0.0,0.0,0.0,0.0,0.0
0.0,0.0,0.0,1.5668827,0.0,0.0,0.0,0.0,0.18403393,0.0,1.2324572,0.0,1.6320642,0.0,0.0,0.0,1.0948951,0.0,1.1706743,0.0,0.0,0.0,2.2447507,0.0,0.0,0.0,2.3953166,0.0,0.0,0.0,2.3876414,2.9307587,0.7964268,0.8669955,1.2651209,0.0,0.0,0.0,0.0,0.0,0.0,0.0,0.9831133,0.0,1.0099491,1.5978553,0.4980166,0.0,0.0,0.0,0.39522952,1.7086647,2.1416688,2.006025,2.359577,0.749958,0.0,1.2036011,0.0,0.0,1.9129521,0.0,1.2084306,1.7782105,1.776126,0.0,0.0,1.8800433,0.86439276,2.05458,0.0,1.4227281,0.0,0.464957,0.21117413,0.727655,0.0,0.0,0.0,0.0,0.0,0.0,0.7754487,0.0,0.0,1.6236672,1.5384222,0.0,0.0,1.3674448,0.0,0.10938266,1.4185932,0.0,0.08091198,1.6717451,1.1479,0.0,2.105835,0.0,2.075246,0.0,0.0,2.6401515,2.2858496,2.398014,0.0,1.6027379,2.5477545,0.0,1.6253475,0.0,0.9852133,1.2600055,0.0,1.5188551,0.0,0.0,0.0,2.324566,0.0,0.0,0.0,0.3568631,0.0,0.12941813,0.0,0.99325585,1.0
0.0,0.0,0.0,0.0,0.0,0.68964994,0.74818426,0.17793284,0.0,0.0,0.6924793,0.0,0.0,0.0,0.11833886,0.0,0.34034762,0.21309473,0.7055733,0.34104857,0.8588637,0.0,0.6886825,0.0,0.1254765,0.0,0.0,0.0,0.0,0.5817317,0.0,0.34716085,0.08531246,0.03258229,0.0,0.0,0.0,0.4728547,0.0,0.0,0.0,0.0,0.90788007,0.22146678,1.0252311,0.0,1.3178585,0.22586675,0.0,0.0,0.80686617,0.0,0.3066782,0.52354217,0.0,0.0,0.0,0.0,0.57700247,0.0,0.0,0.3381074,0.0,0.18193921,0.0,0.21920146,0.0,0.0,0.0,1.1570654,0.0,0.0,0.0,0.0,0.98265857,0.0,0.0,1.1746248,0.0,0.0,0.0,0.50164044,0.0,0.0,0.0,0.34228602,0.0,0.0,0.0,0.42434192,0.0,0.0,0.74700886,0.0,0.31429172,0.0,0.0,0.0,1.1431276,0.0,0.0,0.9322716,0.021925429,0.31271693,0.11378233,0.0,0.5421149,0.0,0.0,0.6604203,0.0,0.0,0.9954244,0.69717574,0.0,0.0,0.0,0.52984715,0.3541424,0.33601812,0.6734091,0.0,0.25301638,1.1724933,0.7461162,0.0,0.0,0.74876803,2.0
0.3258373,0.0,0.09775967,0.0,0.0,0.35196653,0.23843567,1.0145239,1.6656171,0.0,1.2787485,0.0,0.0,0.0,0.0,0.0,1.7426908,0.641323,0.0,0.6497898,0.6654533,0.0,1.5524925,1.0508276,0.8741588,0.0,0.0,0.0,0.0,0.56084687,0.0,0.0,0.0,0.0,0.0,0.0,0.0,0.0,0.0,1.023982,0.0,1.4145995,0.37320048,0.0,1.2833023,0.0,0.0,0.34827998,0.0,0.0,0.048382565,0.0,0.0,1.385026,0.0,1.7516565,0.0,0.0,0.29990143,0.0,0.0,0.04548652,0.0,0.0,0.0,0.0,0.0,0.0,0.0,1.3114918,0.0,0.0,0.0,0.0,0.45104045,0.0,0.0,1.6195383,0.0,0.0,0.0,0.2167199,0.0,0.0,0.35709158,0.083243094,0.0,0.19916324,0.0,0.1893807,0.0,1.3563585,1.4395484,0.0,0.5450662,0.0,0.0,0.0,0.0,0.043102015,0.26266503,0.4573035,0.7936628,0.117563635,0.0,0.0,0.4850851,0.0,0.0,0.48897257,0.0,0.0,1.4507306,0.0,0.0,0.0,0.0,0.0,0.0,0.0,0.65060574,0.0,0.47146696,1.464229,1.7460734,0.0,0.13152283,2.9883215,1.0
1.563554,1.7502971,2.1019661,0.0,1.8660823,0.0,0.0,0.67940974,0.0,0.48635483,0.024921766,1.9088793,0.0,1.791645,0.842198,0.0,0.0,0.0,0.26462936,1.1947472,0.0,2.0559633,0.0,1.1999472,0.0,0.0,0.44828594,0.19445352,0.0,0.0,0.0,0.0,0.0,0.434194,0.0,0.0,0.42648238,0.0,0.16241789,0.47769737,2.0526016,0.0,1.6102866,1.084887,2.0268116,0.0,0.0,0.0,0.0,2.0014098,0.66605973,0.6892326,0.0,0.0,0.0,0.4764966,0.0,0.76451504,0.0,0.0,0.0,0.0,0.635771,0.07033488,0.0,2.2439792,2.154613,0.43854254,0.363465,0.00731608,0.0,0.10282129,0.0,0.8463638,0.0,1.0833515,0.9459637,0.030615024,0.0,0.0,0.5678386,0.0,0.4510594,0.0,0.9363508,0.0,0.0,0.2614706,0.0,0.0,2.4409978,0.0,0.0,0.012094951,0.5841337,0.0,1.3598089,0.0,0.0,0.0,0.0,0.0,0.0,0.0,0.13662681,0.0,0.0,0.0,0.0,0.0,0.006373779,0.0,1.7311629,0.0,0.41904083,0.4709213,2.0350847,0.0,0.0,0.82612,0.0,0.0,0.0,1.2728739,0.0,0.35813996,0.0,0.0,1.0
0.0,0.0,0.0,0.0,0.0,0.0,0.0,0.0,0.0,0.0,1.6214162,0.0,0.0,0.0,0.41330478,0.0,1.1140993,1.6240625,0.7564106,0.9565745,0.0,0.0,0.3887633,0.16693476,0.85352844,0.0,0.0,1.4738672,0.0,0.0,0.0,0.0,0.13009381,0.2441597,0.0,0.0,0.0,0.4828298,0.0,1.3372173,0.0,0.0,1.7053273,1.8391776,0.94093204,0.0,0.0,1.4918215,0.0,0.0,0.92691165,0.0,0.5878113,0.30579245,0.0,0.0,0.0,0.08208895,0.0,0.0,0.0,0.68944657,0.24067616,0.0,0.0,1.2511123,0.0,0.0,0.01463678,1.5954665,0.0,0.0,0.0,0.2464574,0.0,0.12537998,0.0,0.0,0.0,0.0,0.0,0.0,0.05529528,0.0,1.1513156,0.0,0.0,1.0449222,0.0,0.1602842,0.0,0.0,1.267759,0.0,1.0540534,0.0,0.66171217,0.0,0.0,1.0485852,0.0,0.0,1.398301,0.0,0.0,0.0,0.16853064,0.0,0.0,0.0,0.0,0.9843449,1.1885545,0.107563324,0.0,0.0,0.0,0.03385776,0.8111294,0.0,0.0,0.0,1.2521094,1.183677,0.0,0.0,0.0,0.2290509,2.0
0.31072763,1.0704434,0.4816407,0.849538,1.6488366,0.32918632,1.1078501,0.0,0.0,1.6831863,0.0,2.1168816,3.5861268,1.6549261,0.0,0.0,0.0,0.0,0.8693475,3.1081994,0.0,1.2105454,0.0,0.0,0.45377824,1.6640227,0.0,0.0,0.69283944,0.0,0.0,0.0,0.0,0.6955208,2.0748684,0.006893181,0.87634575,0.0,0.12058974,0.0,0.6710628,0.0,0.0,0.0,0.0,0.656625,0.46271917,0.13004127,0.37956023,0.0,0.06392441,0.0,0.0,0.0,0.0,0.0,0.0,2.4414332,0.0,0.0,1.9616666,0.0,1.942219,0.029305628,0.0,0.0,1.2849329,0.0,2.613932,0.0,0.64004934,0.0,1.0432484,2.1305466,0.0,1.7235167,1.1649138,0.827399,0.0,0.0,1.7426586,0.6519691,2.0728936,0.0,0.7255214,1.6196696,0.0,1.20677,0.0,1.4351486,1.7417177,0.0,0.0,0.6585332,0.0,0.8319869,1.8339205,0.20156367,0.0,0.19960685,0.7323487,0.62641996,0.0,0.0,0.0,0.0,0.0,0.0,0.0,0.096117236,0.0,0.0,0.0,2.2045846,1.2980077,0.0,2.2003047,0.0,0.0,0.0,0.16213872,0.0,0.29051796,0.0,0.8278532,0.3480372,1.9374388,0.0,1.0
0.0,0.0,0.0,1.0665122,0.0,0.0,0.0,0.0,1.1628625,0.0,0.5263807,0.0,0.9310444,0.0,0.0,0.0,1.5879415,1.2161292,1.1402538,1.8051116,0.0,0.0,0.5202579,0.29004622,0.0,0.0,0.4935878,0.0,0.0,0.0,0.42319605,0.1059315,0.0,0.21098498,0.0,0.0,0.0,0.0,0.0,0.0,0.0,0.1607426,0.74515307,0.0,0.33147082,0.0,0.0,1.3953946,0.0,0.0,0.18426177,0.0,1.5369505,0.28369004,0.66340077,0.69227636,0.0,0.99368787,0.0,0.0,0.6358886,0.0,1.0944285,0.0,0.0,0.0,0.0,0.0,0.70418406,0.9500836,0.31341243,0.0,0.23523867,0.6306846,0.0,0.5312368,0.0,0.0,0.0,0.0,0.0,0.0,0.8608754,0.0,0.5970344,1.3082386,0.0,1.0910531,0.0,2.025771,0.0,0.64115304,0.5893729,0.5692873,0.0,0.9101514,1.371815,0.0,0.28176397,0.0,0.59557384,0.0,0.03407911,0.31733316,0.75090754,0.9400138,0.0,0.0,0.25400475,0.0,0.0,0.0,0.29460022,1.5356132,0.0,0.46212083,0.0,0.0,0.0,0.0,0.0,0.0,1.1303612,0.21579938,0.0,0.0,0.0,1.6156313,0.0
0.51543474,0.0,0.3292354,0.0,0.439431,0.0,0.0,1.336615,0.0,0.0,2.6952171,0.47813356,0.0,0.33418196,1.0753572,0.0,0.9198592,0.25254586,0.077592514,0.0,0.0,0.07857752,1.9386868,0.5060954,0.84212095,0.0,0.0,0.980182,0.0,0.0,0.0,0.28778183,1.6799616,0.31805438,1.021615,0.0,0.0,1.6120505,0.0,1.4320575,0.8737708,0.0,1.2905984,2.3961992,1.1573584,0.62591773,0.07228387,0.6640923,0.0,0.014312714,0.10530053,0.0,0.0,1.7942972,0.0,0.29725853,0.0,0.0,0.0,0.0,0.0,0.7632006,0.0,0.6662176,0.0,1.817832,0.0028885899,0.074051596,0.0,2.114369,0.0,0.034282126,0.0,0.0,0.055464562,0.34004685,0.0,0.0,0.0,0.0,0.0,0.0,0.0,0.0,0.0,0.0,0.0,0.0,0.0,0.0,0.0,0.0,2.3866508,0.0,2.0262995,0.0,0.0,0.0,1.5912634,0.0,0.0,0.0,0.6824079,0.0,0.0,0.0,0.0,0.088844806,0.0,0.0,0.025516385,2.1293664,1.2926475,0.0,0.0,0.0,0.33601102,0.14898427,1.5392323,1.2086356,0.0,0.0,0.5836315,1.4276398,0.0,0.0,0.0,0.15817653,0.0
1.077116,0.0,1.3128952,0.0,2.280621,0.0,1.3093181,0.7339133,0.0,0.49346706,0.5402907,2.002647,0.0,2.1744914,0.05838867,0.0,0.67011434,0.16633694,0.0,0.0,0.0,2.135344,0.0,0.3723592,1.0626128,0.0,0.0,0.97140616,0.0,0.0,0.0,0.0,1.2601123,0.8364756,0.0,0.15677641,0.0,0.8675082,0.20408143,1.2185354,0.0,0.0,0.5233444,1.6843362,0.0,0.0,0.0,0.04542711,0.0,0.20863543,0.0,0.0,0.0,0.0,0.0,0.18029913,0.39007568,0.0,0.0,0.0,0.0,0.0,0.0,0.0,0.0,0.0,1.9675533,0.0,0.5478664,0.0,0.0,0.0,0.0,0.4217109,0.0,0.5439405,0.78678954,0.0,0.0,0.0,0.0,0.0,0.43708274,0.0,0.0,0.0,0.0,0.44190413,1.0613649,0.0,1.6345538,0.0,0.0,0.0,1.8476942,0.0,0.0,0.0,0.0,1.1514703,0.0,0.0,0.72787523,0.0,0.0,0.0,0.0,0.0,0.0,0.0,0.029609231,1.802199,0.0,0.0,0.0,0.0,0.8810218,0.0,0.8314126,0.0,0.0,0.0,0.6985643,0.37213784,0.0,0.0,0.0,0.0,0.0
1.5916823,0.59501326,1.2602661,0.7511834,0.0,0.0,0.0,2.2776093,1.4223827,0.0,2.2114577,0.0,1.0320474,0.0,0.0,0.0,2.6125765,0.0,0.4413683,1.7103944,0.0,0.0,3.064481,3.1454597,0.8030418,0.0,0.0,0.0,0.0,0.0,0.0,0.74232805,1.0128181,0.20575999,0.74505985,0.0,0.0,0.0,0.0,1.9670851,0.9224636,0.8946759,0.72262406,0.21706206,2.7041037,0.0,0.0,0.041067075,0.0,0.0,0.22432281,0.0,0.052566025,3.022364,0.0,3.2725377,0.0,1.4611758,0.0,0.0,0.8236306,0.0,1.3991959,0.96318054,0.4638569,0.1481232,0.0,0.0,0.56829023,2.1676702,0.51585966,0.1876973,0.4199971,0.8961553,0.0,1.0768758,0.0,0.6050568,0.0,0.0,0.0,0.0,0.99820244,0.0,0.0,0.9380907,0.0,0.0,0.0,0.78095376,0.0,1.2715809,2.5352821,0.56709874,1.5234989,0.72497785,1.1935401,0.0,0.5432957,0.0,1.2970532,0.0,0.032725133,0.51409143,0.0,0.0,0.0,0.05360128,0.6205237,0.0,0.0,0.25435176,2.2916605,0.62113714,0.0,0.0,0.0,0.0,0.0,0.28901958,0.0,0.0,0.1718043,1.7828819,1.0291187,0.0,0.7497428,3.680986,0.0
0.49504313,0.0,0.36556646,0.0,0.21465234,0.0,0.0,0.72517234,0.0,0.0,3.1052425,0.4920732,0.0,0.2845357,0.5258773,0.0,0.03294543,1.2707795,0.0,0.92684394,0.0,0.062578715,2.8175397,0.3624559,1.2405,0.0,0.0,0.97250223,0.0,0.0,0.0,0.59452647,1.2349544,0.9895795,0.59986323,0.0,0.0,0.37575364,0.0,1.4904999,1.4554182,0.0,1.729656,1.6230569,1.4583863,0.23407912,0.0,1.3799456,0.0,0.079299115,0.0,0.0,0.96921283,2.316746,0.0,0.0,0.0,0.1651438,0.0,0.0,0.0,0.3432132,0.02490098,0.83782136,0.0,1.0554341,0.0,0.0,0.23489961,2.371277,0.0,0.2761123,0.0,0.22163755,0.0,0.67666006,0.0,0.0,0.82418823,0.0,0.0,0.0,0.069012016,0.0,0.0,0.0,0.0,1.7297914,0.0,0.0,0.15059112,0.0,3.2492883,0.0,1.8795606,0.0,0.45194462,0.0,0.7739908,0.0,0.0,0.0,0.847777,0.0,0.907651,0.1880375,0.0,0.0,0.0,0.0,0.0,1.6775274,1.5257218,0.0,0.0,0.0,0.095192455,0.0,0.24950375,2.5833504,0.0,0.0,1.0929439,1.470673,0.0,0.0,0.0,0.0,2.0
0.0,0.0,0.0,0.013510849,0.0,0.8034101,0.7012276,0.0,0.9710503,0.0,0.48985204,0.0,0.0,0.0,0.0,0.0,0.9496485,0.7599234,0.61202425,0.88480663,0.9886605,0.0,0.9523503,0.0,0.0,0.0,0.18400943,0.0,0.0,0.6878954,0.0,0.27097303,0.0,0.0,0.0,0.0,0.0,0.0,0.0,0.0,0.0,0.41539606,0.8429237,0.0,1.2593569,0.0,0.87231725,0.5914152,0.0,0.0,0.5771116,0.0,0.83195686,0.689483,0.28458968,0.53332347,0.0,0.046734624,0.7375805,0.0,0.0,0.13501532,0.06260702,0.0,0.0,0.0,0.0,0.0,0.0,1.1405354,0.0,0.0,0.0,0.0,0.8167147,0.0,0.0,1.5673822,0.0,0.0,0.0,0.7104537,0.0,0.0,0.350461,0.37123692,0.0,0.6812855,0.0,0.97251236,0.0,0.44712958,0.6255143,0.0,0.0,0.0,0.23831724,0.0,0.34472594,0.0,0.0,1.026888,0.14479789,0.37866056,0.615015,0.6631275,0.6252399,0.0,0.0,0.7743552,0.0,0.0,1.1514319,0.7699416,0.0,0.005159743,0.0,0.30600202,0.0,0.15921243,0.8420826,0.0,0.61756325,1.2435142,1.1186081,0.0,0.0,1.7981431,0.0
0.0,0.0,0.0,0.27717805,0.88759816,0.44538444,1.0755308,0.0,0.0,1.1975443,0.0,0.9383188,0.70607567,0.97409505,0.060524154,0.0,0.0,0.0,0.36052713,0.0,0.33842316,0.42795873,0.0,0.0,0.0,0.7789881,0.76742566,0.0,0.6635472,0.20918284,0.61486334,0.4104068,0.012511452,0.20673561,0.63443035,1.0132393,0.8736605,0.08369581,0.7626266,0.0,0.0,0.0,0.0,0.0,0.0,0.8941694,0.50330406,0.0,0.69886434,0.0,0.35771787,0.7467425,0.057954997,0.0,0.87613446,0.0,0.016297845,0.0025237675,0.0,0.6779559,0.7708425,0.0,0.0,0.4854192,0.12777634,0.16883501,0.25122142,1.0583038,0.44876945,0.0,0.0,0.56160665,0.0,0.010187341,0.51475567,0.0,0.45639208,0.0,0.057329096,0.88791823,0.0,0.0,0.13414833,0.0,0.0,0.4227939,0.87533903,0.038930096,0.75957286,0.15174197,0.123197846,0.0,0.0,0.0,0.0,0.18761913,0.0,1.0534859,0.55995387,0.0,0.26384163,0.5647312,0.0,0.39523095,0.50117207,0.5830506,0.0,0.7465854,0.6250238,0.0,0.80591345,0.1043965,0.0,0.34052622,0.95674884,0.57864374,0.7470118,0.049177606,0.0,0.23660526,0.2440298,0.51978797,0.0,0.0,0.0,0.7740821,0.0,0.0,0.0
0.0,0.77772075,0.47573063,1.1243987,1.2036788,0.0,0.0,0.0,0.0,1.9187666,0.0,1.2642308,1.5159011,1.2378111,0.0,0.56806374,0.0,0.08737786,1.4466736,0.74601465,0.0,0.23132797,0.0,0.24358355,0.0,1.1868229,0.87945884,0.0,1.2174162,0.0,0.76604813,0.0015705624,0.0,0.0,1.1048108,1.3419178,0.8271431,0.0,1.081405,0.0,0.82868606,0.0,0.0,0.0,0.0,0.36953223,0.0,1.0552038,0.7222821,0.49251786,0.5456801,0.0,0.83132356,0.0,1.1186599,0.0,0.4938332,1.1191331,0.0,0.7147563,1.0357587,0.0,0.93200547,0.0,0.14606148,0.75351334,0.43903574,0.13204484,1.2910835,0.0,1.5073558,0.0,1.9348102,1.2885623,0.0,0.91932976,1.1647744,0.0,0.75626385,1.2456806,0.6413931,0.0,1.43233,0.39174038,0.8267313,1.125374,0.8193296,0.84884703,0.24859387,0.86013114,0.6627976,0.22484331,0.0,1.7022111,0.0,1.2696683,1.149764,0.9671316,0.0,0.0,0.3757407,0.0,0.0,0.04203032,0.5421462,0.7735332,0.0,0.20473698,0.7010832,0.0,0.10491365,0.0,0.0,1.1267745,1.1849077,0.7465903,0.0,0.0,0.0,0.0,0.0,1.6798999,0.6022479,0.0,0.0,1.0991927,0.8372308,0.0,0.0
0.0,0.0,0.0,0.0,0.1804939,0.0,0.0,0.0,0.0,0.0,2.5798416,0.1613805,0.0,0.27252066,1.4307829,0.0,0.0,1.750209,0.68016976,0.4986017,0.0,0.2594524,1.3845612,0.0,1.2704415,0.0,0.0,1.7926615,0.0,0.011531985,0.0,0.0,0.59163195,0.18569468,0.0,0.0,0.0,1.2445962,0.0,1.5662271,0.6680934,0.0,1.7235359,2.2729998,1.1973743,0.0,0.0,1.3240715,0.0,0.0,0.48107445,0.0,0.6110624,1.1664888,0.0,0.0,0.0,0.0,0.0,0.0,0.0,1.2598926,0.0,0.0,0.0,1.8875684,0.0,0.0,0.0,1.9229902,0.0,0.0,0.0,0.0,0.0,0.0,0.0,0.0,0.0,0.0,0.0,0.0,0.0,0.0,0.8742143,0.0,0.0,1.8165919,0.0,0.0,0.0,0.0,2.3054879,0.0,1.518687,0.0,0.0,0.0,0.37749594,0.6396936,0.0,0.0,1.5968721,0.0,0.16676821,0.0,0.266508,0.0,0.0,0.0,0.0,1.6194285,1.3722203,0.0,0.0,0.0,0.34868306,0.4448974,1.2676837,1.3693525,0.0,0.0,1.0411489,1.3114042,0.0,0.0,0.0,0.0,0.0
0.0,0.0,0.0,0.07057504,0.0,0.5467799,0.31281495,0.0,0.5326778,0.0,0.5444536,0.0,0.10149903,0.0,0.0,0.0,0.6868967,0.62783015,0.66180724,0.96787757,0.5756999,0.0,1.064668,0.0,0.029503886,0.0,0.14457864,0.0,0.0,0.38716802,0.009675362,0.4296939,0.0,0.30126187,0.0,0.0,0.0,0.0,0.0,0.0,0.0,0.0,1.0785472,0.0,1.3404986,0.0,0.71680593,0.46695137,0.0,0.0,0.33194813,0.0,0.9628669,0.7321685,0.34602493,0.21016844,0.0,0.28922108,0.38946262,0.0,0.008191312,0.08375805,0.2745967,0.0,0.0,0.0,0.0,0.0,0.0,1.1990144,0.0,0.0,0.0,0.0,0.4938426,0.0,0.0,1.1653146,0.0,0.0,0.0,0.51566654,0.0,0.0,0.12942135,0.4448278,0.0,0.5400353,0.0,1.0795096,0.0,0.028956285,0.7275563,0.0,0.0,0.0,0.39303422,0.0,0.7968268,0.0,0.0,0.6045807,0.035537414,0.43096322,0.76525915,0.65762866,0.45208433,0.0,0.10196883,0.3714924,0.0,0.0,1.1778872,0.82994604,0.0,0.0,0.0,0.2081477,0.0,0.29091388,0.48806697,0.0,0.38825452,1.2379417,0.78870696,0.0,0.0,1.3151451,0.0
0.0,0.0,0.0,0.0,0.0,0.15373097,0.050234035,0.0,0.0,0.0,2.8078463,0.0,0.0,0.002680117,1.5236001,0.0,0.0,2.0611918,0.96232015,0.5649769,0.0,0.0,1.5021363,0.0,1.3323983,0.0,0.0,1.9994904,0.0,0.2089943,0.0,0.0,0.69914055,0.030082256,0.0,0.0,0.0,1.3168168,0.0,1.6287593,0.30875438,0.0,1.9248393,2.5481086,1.3104658,0.0,0.0,1.7236756,0.0,0.0,0.9496599,0.0,0.8178642,1.2735287,0.0,0.0,0.0,0.0,0.0,0.0,0.0,1.3829597,0.0,0.0,0.0,2.086949,0.0,0.0,0.0,2.3458676,0.0,0.0,0.0,0.0,0.0,0.0,0.0,0.0,0.0,0.0,0.0,0.0,0.0,0.0,1.1748655,0.0,0.0,1.9970415,0.0,0.0,0.0,0.0,2.5247765,0.0,1.6772661,0.0,0.0,0.0,0.41900352,0.75679594,0.0,0.0,1.8611196,0.0,0.17449683,0.0,0.52057016,0.0,0.0,0.0,0.0,1.7474163,1.5151616,0.0,0.0,0.0,0.03705121,0.54091,1.4491419,1.3545735,0.0,0.0,1.430145,1.4607095,0.0,0.0,0.0,0.0,0.0
0.9289947,0.20462222,0.6631984,0.0,0.0,0.66545796,0.33123675,1.3715072,2.0324597,0.0,1.5156894,0.0,0.0,0.0,0.0,0.0,1.8262521,0.5214359,0.0,0.8153364,0.8699355,0.0,1.8958384,1.455567,1.014813,0.0,0.0,0.0,0.28496808,0.86766756,0.0,0.0,0.29002187,0.0,0.0,0.0,0.0,0.0,0.0,1.0854306,0.6786862,1.8260478,0.0,0.0,1.3784583,0.0,0.0,0.5956189,0.0,0.0,0.5512582,0.0,0.0,1.8446257,0.0,2.1495116,0.0,0.0,0.5125492,0.0,0.0,0.3240421,0.0,0.0,0.0,0.012871542,0.0,0.0,0.0,1.4439944,0.0,0.0,0.03563523,0.0,0.6155413,0.0,0.0,1.6366775,0.0,0.0,0.0,0.17721273,0.0,0.0,0.7381185,0.0,0.0,0.002746172,0.0,0.0,0.0,1.7959052,1.8663206,0.16908896,0.8183065,0.0,0.0,0.0,0.0,0.084883764,0.0,0.64964074,0.97013485,0.0,0.0,0.0,0.8729366,0.0,0.0,0.6523123,0.0,0.0,1.3803236,0.0,0.0,0.0,0.0,0.096571416,0.23897383,0.0,1.0223389,0.0,1.0158796,1.3970339,1.9963279,0.0,0.81579494,3.2159543,0.0
0.0,0.620341,0.5653936,2.0007997,0.9173039,0.0,0.0,1.1163602,0.0,0.33893722,1.0476117,0.43740794,2.2581882,0.34513402,0.0,0.0,1.5675179,0.0,1.3846087,0.3001729,0.0,0.3419565,0.03624562,1.2356431,0.50788236,0.4482194,0.0,0.0,0.93106383,0.0,0.0,0.0,1.8682104,0.0,1.4294373,0.0,0.0,0.0,0.0,1.3971659,0.0,0.0,0.0,0.7186151,0.28491777,1.0948886,1.2101517,0.0,0.0,0.39822468,0.9043034,0.16163321,0.0,0.43387136,0.0,1.1504785,0.0,1.6578645,0.0,0.0,1.5865134,0.0,1.5964977,0.5067222,0.0,0.0,0.56418175,0.19644606,1.5819415,0.6057404,1.6094791,0.0,1.1772505,1.5547458,0.8799369,1.2228523,0.6040573,0.0,0.0,0.0,0.63619226,0.0,1.5162907,0.0,0.0,2.5585058,0.0,0.0,1.0249377,1.2923381,0.8640718,0.0,0.54077125,0.9986534,1.3256327,0.60822326,1.095442,0.0,1.6406754,0.0,1.2905959,0.0,0.0,0.3070142,0.0,0.0,0.0,0.7541272,0.34782746,0.0,0.3915658,1.9536611,0.0074618394,2.2503657,0.0,0.0,0.0,0.0,0.0,0.0,0.0,1.7235767,0.20826977,0.0,0.0,0.0,0.7937176,1.3341094,2.0
0.0,0.0,0.0,0.6839699,0.0,0.0,0.0,0.0,0.15521309,0.0,0.47972643,0.0,0.7976037,0.0,0.0,0.0,0.99414915,0.79739755,0.6632407,1.9527878,0.0,0.0,0.95952034,0.79708385,0.015239357,0.0,0.37081936,0.0,0.0,0.0,0.41075578,0.2914001,0.0,1.0537834,0.0,0.0,0.0,0.0,0.0,0.18151489,0.0,0.0,1.5935483,0.0,1.3719589,0.0,0.0,0.82968664,0.0,0.0,0.0,0.0,1.6774102,0.5090959,0.6151111,0.28016302,0.0,1.2756044,0.0,0.0,0.2911375,0.0,1.3896986,0.0,0.0,0.0,0.0,0.0,1.0631078,1.0638251,0.019533113,0.0,0.0,1.2891943,0.0,1.1080595,0.0,0.0,0.0,0.0,0.0,0.0,1.2682445,0.0,0.33645087,0.78477186,0.0,0.60259104,0.0,1.8384154,0.0,0.0,0.6176663,0.29517952,0.0,0.9756261,1.6369158,0.0,0.29829752,0.0,0.4051627,0.0,0.0,0.11695093,1.1001225,0.73228586,0.0,0.0,0.19819629,0.0,0.0,0.0,1.0396408,0.9790097,0.0,0.25118688,0.0,0.0,0.0,0.0,0.0,0.0,0.40918484,0.7749023,0.0,0.0,0.0,0.44281667,0.0
0.0,0.0,0.0,2.0797174,0.027185017,0.0,0.0,0.72349745,0.0,0.0,1.2899091,0.0,2.1119878,0.0,0.0,0.0,1.1025243,0.0,0.90293163,0.0,0.0,0.0,1.6953286,0.22142948,0.0,0.0,1.0828183,0.0,0.0,0.0,1.7082133,2.275109,1.7062309,0.9582628,1.5456995,0.0,0.0,0.0,0.0,0.09894843,0.0,0.0,0.7553592,0.0,1.0462652,1.6639061,0.7411539,0.0,0.0,0.0,0.16015042,1.5688843,1.1046433,1.6126611,0.99677646,1.0143253,0.0,1.7408179,0.0,0.0,2.0917046,0.0,1.624808,2.0662603,1.425968,0.0,0.0,1.7463964,1.5523083,1.6776823,0.0,1.360291,0.0,1.1913701,0.32668918,1.22263,0.0,0.0,0.0,0.0,0.0,0.0,1.3341322,0.0,0.0,2.2585676,0.12944947,0.0,0.6548114,1.6561172,0.0,0.0,1.4072914,0.0,0.8972886,1.5902056,1.5371177,0.0,2.3295555,0.0,2.1684084,0.0,0.0,2.184112,0.94451106,0.95536983,0.0,1.8824283,1.8768097,0.0,1.6386582,0.90771884,0.7872737,1.7590703,0.0,0.5134227,0.0,0.0,0.0,1.5165758,0.0,0.4246625,0.0,0.31991157,0.0,0.0,0.0,1.3208965,0.0
0.0,0.0,0.0,0.44987056,0.0,0.782866,0.53355026,0.0,0.0,0.0,0.2621749,0.0,1.6886487,0.0,0.7293011,0.0,0.5884227,0.8579743,1.9690387,0.0,0.0,0.0,0.49084312,0.25628027,0.0,0.0,2.2303672,0.0,0.0,0.44737354,1.0426842,1.5630808,0.0,0.0,0.34980857,0.0,0.0,0.0,0.0,0.0,0.0,0.0,1.0782974,0.0,0.8639633,0.14100304,1.3526794,0.9143986,0.0,0.0,1.729552,0.0,1.8125205,0.29852545,2.5426683,0.0,0.0,0.6793556,0.0,0.0,0.7998461,0.5567125,0.35435325,0.0,0.115430154,0.0,0.0,0.0,0.5150205,0.20209701,0.4316924,0.0,0.0,0.4223363,1.7603325,0.38139942,0.0,0.0,0.20216645,0.0,0.0,0.0,0.50407827,0.0,1.3030455,0.94816154,0.5083102,2.0801685,0.0,0.87735564,0.0,0.0,0.0,0.122340426,0.0,0.56770813,0.0,0.0,0.016702913,0.0,0.21129613,0.0,0.0,1.6250975,2.6574626,2.6738486,1.1087642,0.0,1.1183233,0.0,0.0,0.0,0.3053708,1.482533,0.0,1.7905291,0.0,1.2651963,0.37039042,0.23299316,0.46966016,0.0,0.0,0.0,0.0,0.0,0.0,0.0,0.0
1.1925526,3.6966128,2.1156244,3.234929,1.4533911,0.0,0.0,0.0,0.33656296,2.525941,0.0,1.6822739,3.567621,1.0093697,0.0,0.17867275,0.068840176,0.0,2.2800038,3.0668108,0.0,0.1591904,0.0,1.8311254,0.0,2.0639832,1.0135175,0.0,1.9199209,0.0,1.5997173,0.27378973,0.0,0.0,2.3613234,0.86304057,1.2468884,0.0,1.3043269,0.0,2.0209682,0.1818624,0.0,0.0,0.0,1.1190588,0.0,0.7613861,0.79998744,1.5200994,0.8936231,0.64485914,1.2789727,0.0,1.0680699,0.6714742,0.0,3.39302,0.0,0.0,2.7222552,0.0,3.0020301,0.0,1.4308726,0.38537773,0.9725804,0.19154476,2.1462142,0.0,3.0747159,0.4533204,3.2015574,2.5388334,0.0,2.1666248,2.7840507,0.0,0.0,0.23672044,3.0172575,0.0,2.7534628,0.0,1.1338688,3.3543983,0.0,0.3672374,0.0,2.568677,2.333101,0.30128726,0.0,3.159714,0.0,3.0604713,3.444924,0.061326284,0.0,0.0,2.4776847,0.0,0.0,0.7571817,0.03963605,0.47892445,0.0,0.8326621,1.7799234,0.0,0.22346789,0.023468874,0.0,3.5216634,2.0579588,1.2776697,0.35783213,0.0,0.0,0.0,0.0,2.6127374,0.34252915,0.0,0.0,1.5632763,3.0939894,0.18146916,1.0
0.0,0.0,0.0,0.0,0.0,0.07831167,0.22212937,0.091353245,0.0,0.0,1.3808749,0.0,0.0,0.0,0.6087611,0.0,0.6041637,0.7273112,0.7221187,0.29112864,0.15271431,0.0,0.33587614,0.0,0.5763574,0.0,0.0,1.2494007,0.0,0.20830555,0.0,0.0,0.5983163,0.0,0.0,0.0,0.0,0.9766435,0.0,0.91760355,0.0,0.0,1.2010821,1.7968857,0.7875216,0.0,0.38818324,0.8175427,0.0,0.0,1.1902612,0.0,0.066161826,0.35116893,0.0,0.0,0.0,0.0,0.014169301,0.0,0.0,0.7424277,0.0,0.0,0.0,1.348187,0.0,0.0,0.0,1.4163127,0.0,0.0,0.0,0.0,0.15334721,0.0,0.0,0.12297527,0.0,0.0,0.0,0.0,0.0,0.0,0.5225991,0.0,0.0,0.04928606,0.0,0.0,0.0,0.0,1.0930718,0.0,1.1057646,0.0,0.13532802,0.0,0.4834642,0.58917636,0.0,0.04105668,0.794014,0.0,0.0,0.0,0.4286978,0.0,0.0,0.0,0.0,1.1554741,1.0085957,0.12732512,0.0,0.0,0.0,0.43138152,1.1581006,0.021474458,0.015316408,0.0,0.7516583,1.0571641,0.0,0.0,0.0,0.03467503,0.0
0.06067316,0.30428547,0.50646985,0.6415524,0.0,0.2094134,0.12578562,0.0,0.5605587,1.3857844,0.0,0.330572,0.39416373,0.12397321,0.0,0.0,0.0,0.0,1.1801314,0.0,0.35696322,0.0,0.28220063,0.0,0.0,1.3315723,1.5351409,0.0,1.1898317,0.33528233,1.5627977,1.1676612,0.3122272,0.0,0.66584975,1.1979321,1.3018073,0.0,0.58511066,0.0,0.43604726,0.0,0.0,0.0,0.0,0.82266974,0.0,0.3108689,1.1714982,0.0,0.9458192,1.3239012,1.114998,0.13199113,1.3912275,0.0,0.0,0.0,0.033597663,0.9596165,0.7991376,0.0,0.07105683,0.81193423,0.93532425,0.7760171,0.0,1.6290025,0.0,0.5396015,0.0,0.95912457,0.6018772,0.0,0.0,0.0,1.060398,0.0,0.0,1.1130639,0.0,0.0,0.0,0.0,0.009099379,0.5584811,1.6168596,0.0,0.55465364,0.30060467,0.013625952,0.56334394,0.0,0.37586856,0.0,0.8180445,0.25387993,1.2643574,0.8150041,0.0,0.84956807,0.36887792,0.0,1.1814175,1.0166997,1.2760934,0.08963014,0.92989093,1.6570842,0.0,1.017023,0.0,0.0,0.34505942,1.5784191,0.98897,0.0,0.0,0.0,0.69774544,0.25571164,1.1136982,0.50334716,0.0,0.0,0.97270525,0.039759073,0.11668103,0.0
0.0,0.0,0.0,0.29092336,0.8440075,0.18457085,0.47810033,0.0,0.0,1.3672975,0.0,0.9538216,0.32347077,1.0086238,0.0,0.13140692,0.0,0.0,0.11202839,0.0,0.088709906,0.3901858,0.0,0.0,0.0,0.7790863,1.454752,0.0,0.6435802,0.015999272,1.083152,0.7928299,0.0,0.19320798,0.35269994,1.6141022,1.2349901,0.0,1.2995741,0.0,0.0,0.0,0.0,0.0,0.0,0.75960946,0.06162283,0.0,1.2228591,0.0,0.0,1.1182597,0.5076201,0.0,1.5917315,0.0,0.30058107,0.0,0.0,1.1294549,0.69568866,0.0,0.0,0.46846172,0.69545895,0.0,0.32087046,1.3256958,0.27833387,0.0,0.0,0.93392,0.08268521,0.0,0.015755668,0.0,0.645317,0.0,0.8045429,1.5649552,0.0,0.0,0.08883231,0.13082296,0.0,0.13542846,1.6547109,0.056454938,0.8111063,0.10249713,0.21773528,0.0,0.0,0.0,0.0,0.58471125,0.0,1.4210347,0.20619313,0.0,0.3469133,0.32738107,0.0,0.693214,1.1693823,1.261608,0.0,1.0323374,0.9261991,0.0,1.1264395,0.0,0.0,0.0,1.1648403,1.2603122,0.6159143,0.0,0.0,0.4413691,0.0,0.549835,0.0,0.0,0.0,1.3873688,0.0,0.0,0.0
0.0,0.0,0.0,1.7839298,0.0,0.0,0.0,0.0,1.0180566,0.0,0.7951507,0.0,1.4304469,0.0,0.0,0.0,1.3023489,0.0,1.2694771,0.6024769,0.0,0.0,1.2788073,0.0,0.0,0.0,1.8282415,0.0,0.0,0.0,1.9841268,2.0411227,0.42404994,0.6414897,0.77486867,0.0,0.0,0.0,0.0,0.0,0.0,0.0,0.62015045,0.0,0.37921637,0.6933894,0.5715162,0.2045365,0.0,0.0,0.39042532,0.63542277,1.9088248,1.063346,1.8071191,0.8329507,0.0,1.4219671,0.0,0.0,1.7625519,0.0,1.3088621,0.85817814,1.2377094,0.0,0.0,0.9252939,0.94090164,1.626452,0.0,0.5783878,0.0,0.6614768,0.05521657,0.74916667,0.0,0.0,0.0,0.0,0.0,0.0,0.92079186,0.0,0.0,1.8789233,1.0122883,0.0,0.0,1.8638272,0.0,0.7014555,0.92557216,0.13044108,0.0,1.5967063,1.5035161,0.0,1.908414,0.0,1.9723622,0.0,0.0,2.150112,1.710492,1.8909677,0.0,0.8352798,1.8764477,0.0,0.53634524,0.0,0.35471076,1.728244,0.0,1.2572191,0.0,0.0,0.0,0.97249186,0.0,0.5918643,0.100243695,0.0,0.0,0.01075317,0.0,1.9463323,0.0
0.0,0.0,0.0,0.0,0.0,0.0,0.0,0.29934472,0.0,0.0,0.6499263,0.15953274,0.0,0.0,0.14722048,0.28488708,0.0,0.8280598,0.0,0.0,0.0,0.9238307,0.07606079,0.65416515,1.668159,0.0,0.0,1.3965034,0.0,0.0,0.0,0.0,0.0,1.0851151,0.0,0.0,0.0,0.57885134,0.0,1.960538,0.0,0.0,1.0241637,1.3932686,0.61786515,0.0,0.0,0.0,0.0,0.6706016,0.0,0.0,0.0,0.0,0.0,0.0,0.16453975,0.0,0.0,0.0,0.0,0.40595433,0.0,0.0,0.3689633,0.0,0.59692603,0.0,0.08226662,0.0,0.0,0.03483826,0.0,0.6136893,0.0,0.46384105,0.0,0.0,0.055714983,0.0,0.0,0.0,0.046508886,0.0,0.1312906,0.0,0.0,0.4837653,0.0,0.0,0.2982211,0.0,0.22508088,0.0,0.71595484,0.0,0.0,0.0,0.0,1.3516158,0.0,0.0,1.2503862,0.0,0.0,0.0,0.0,0.0,0.0,0.0,0.0072942786,0.8798137,1.0662752,0.0,0.0,0.0,0.0,0.0,0.5219263,0.27925563,0.0,0.0,0.0,0.9927684,0.14728267,0.0,0.0,0.0,0.0
0.08020993,0.0,0.10686222,0.0,0.0,0.29241115,0.33007056,0.0,0.0,0.0,0.0,0.0,0.0,0.0,0.8021937,0.26433015,0.0,0.5925126,0.0,0.0,0.25661737,0.065934226,0.0,0.18754925,1.162169,0.0,0.0,1.3087949,0.0,0.58319384,0.0,0.0,0.0,0.0,0.0,0.0,0.0,1.1405107,0.0,0.93074375,0.17690554,0.04931012,0.13687254,0.9177369,0.0,0.0,0.0,0.0,0.0,0.0,0.0,0.0,0.0,0.0,0.0,0.0,0.23374225,0.0,0.13303246,0.0,0.0,1.139562,0.0,0.0,0.05434388,0.0,0.0,0.0,0.0,0.0,0.0,0.0,0.0,0.0,0.0,0.0,0.0,0.4403417,0.0,0.0,0.0,0.0,0.0,0.0,0.91645676,0.0,0.0,0.24156037,0.0,0.0,0.0,0.0,0.0,0.0,0.06619861,0.0,0.0,0.0,0.0,1.3942845,0.0,0.11833262,1.2100832,0.0,0.0,0.0,0.9207296,0.0,0.0,0.0,0.0,0.20703807,0.38459936,0.0,0.0,0.0,0.0,0.7177798,1.0794314,0.0,0.37739062,0.0,0.0,0.52765405,0.8545409,0.0,0.0,0.0,0.0
0.23889957,1.7884874,0.36708704,0.0,1.2046088,0.24279648,0.0,0.0,0.52546096,1.2038035,0.54826164,0.62908614,0.32885453,0.6230432,0.7768802,1.5746255,0.0,1.5557222,0.9037263,2.0342097,0.0,1.0092055,0.7024065,0.0,0.93231285,1.5296559,0.0,0.48238105,1.0252091,0.0,0.0,0.0,0.0,0.0,0.0,0.0,1.6372501,0.0,0.0,0.16183957,1.4541574,1.3483423,0.0,0.0,0.62335753,0.0,0.0,1.8628662,1.243137,1.6675727,0.3961726,0.0,0.72580624,0.28745958,0.0,0.0,0.645555,0.653316,0.43027443,0.27212146,0.0,0.35931778,0.24952744,0.215311,0.0,0.55506766,0.8738658,0.0,0.0,0.4454716,1.1949135,0.0,0.8781926,0.0,0.0,0.056676,0.97303796,1.2434126,1.5642768,0.0,2.3521695,2.2087722,0.09770165,1.5928558,1.6242803,0.0,0.0,3.4553132,0.0,0.62326914,1.1204954,0.7399996,0.060590986,0.8314537,0.0,0.19219807,0.6211745,1.1644357,0.0,0.15258086,0.0,0.16415593,1.044141,0.0,0.5036274,0.3434238,0.0,0.0,0.0,0.791285,0.0,0.0,0.0,0.50614357,1.5006071,0.0,1.7512226,0.0,0.0,0.93692225,0.46474388,0.37832487,1.8691292,0.0,1.4424132,0.91258067,1.7470835,0.0,1.0
0.0,0.36841306,0.0,0.0,0.0,1.156967,0.9338762,0.0,0.9573143,0.3154035,0.0,0.0,0.0,0.0,0.11648476,1.1542509,0.0,0.6879609,0.0,0.0,1.1665968,0.0,0.0,0.0,0.41402644,0.8543033,0.0,0.17603883,0.78023404,0.9097373,0.0,0.0,0.0,0.0,0.0,0.3879044,0.9637952,0.0,0.36671373,0.0,0.0,1.2983879,0.0,0.0,0.0,0.0,0.17543215,0.22600238,0.9353192,0.14511266,0.2082725,0.0,0.0,0.0,0.0,0.0,1.2039256,0.0,1.1963136,1.0561723,0.0,0.33605698,0.0,0.0,0.0,0.0,0.0,0.0,0.0,0.0,0.3262321,0.0,0.24493508,0.0,0.6623871,0.0,0.4707907,1.1302634,0.7547966,0.47967625,0.8054212,1.457307,0.0,1.0759552,0.3759238,0.0,0.5748483,0.60681814,0.2750929,0.085329905,0.0,1.0183898,0.0,0.22712249,0.0,0.0,0.0,1.1918285,0.0,0.50526446,0.0,1.3136101,0.59800804,0.0,0.0,0.0,0.9027167,0.0,0.0,1.4777147,0.0,0.0,0.0,0.0,0.7835115,0.0,0.08155688,0.8493563,0.06678275,0.0,1.2794567,0.30457568,0.6761965,0.0,1.2929664,0.38553157,0.84954655,0.1700731,0.0
0.0,0.0,0.0,0.0,0.0,0.65080565,0.22721143,0.0,0.25305778,0.0,0.0,0.0,0.0,0.0,0.1566415,0.446068,0.0,0.62845564,0.0,0.19641085,0.42314172,0.0,0.116128474,0.0,0.40152356,0.0,0.0,0.28233922,0.0,0.5214104,0.0,0.0,0.0,0.0,0.0,0.0,0.0,0.0,0.0,0.0,0.0,0.4703108,0.21126118,0.0,0.5337685,0.0,0.0,0.14348716,0.0,0.0,0.0,0.0,0.21511285,0.0,0.0,0.0,0.31463593,0.0,0.5077712,0.0,0.0,0.50572366,0.0,0.0,0.0,0.0,0.0,0.0,0.0,0.0,0.0,0.0,0.0,0.0,0.09781073,0.0,0.0,0.64848465,0.4399613,0.0,0.0,0.724401,0.0,0.35736838,0.456213,0.0,0.0,0.63758916,0.0,0.14091769,0.0,0.18760593,0.0,0.0,0.0,0.0,0.0,0.06346946,0.0,0.40819398,0.0,0.49684653,0.54186887,0.0,0.23923059,0.13053598,0.7029526,0.0,0.0,0.52720535,0.0,0.0,0.40060925,0.0,0.0,0.0,0.0,0.7493323,0.0,0.0,0.5387925,0.0,0.27911723,0.38365796,0.7779589,0.0,0.0,0.0,0.0
0.0,0.0,0.0,1.1520052,0.64438385,0.0,0.36290267,0.0,0.0,0.10484061,0.0,0.40653,0.66264826,0.53239685,0.0,0.1728306,0.0,0.0,0.0,0.0,0.0,0.5271145,0.0,0.0,0.0,0.0,1.2687135,0.0,0.0,0.0,1.3354673,1.3554016,0.0,1.4605327,0.0,0.9734871,0.2831152,0.0,1.330304,0.0,0.0,0.0,0.0,0.0,0.0,0.9547277,0.7535793,0.0,0.56289387,0.0,0.0,1.5110593,0.26175123,0.0,1.4034353,0.0,0.0,0.42458466,0.0,0.48071015,1.5096551,0.0,0.32496276,0.7218683,1.7761265,0.0,0.558301,1.2108045,0.8285455,0.0,0.0,1.7494566,0.0,0.5422847,0.3441548,0.6803432,0.0,0.0,0.93029356,1.1878768,0.0,0.0,0.52756685,0.31300718,0.0,0.6640121,1.15008,0.0,1.5072478,0.96221334,0.3005771,0.0,0.0,0.0,0.0,1.2906214,0.0,0.38088596,0.78570485,0.0,1.6781099,0.0,0.0,1.3235149,1.328686,1.2933859,0.0,2.2040267,0.85181385,0.0,1.9152255,0.0,0.0,0.27657315,0.0,1.6673836,0.47206745,0.0,0.0,0.6627944,0.0,0.0,0.0,0.0,0.0,1.2384515,0.0,0.0,0.0
0.0,0.0,0.0,0.3213651,1.3606226,0.8681239,1.5106145,0.0,0.0,0.6880311,0.841721,0.9094849,2.204734,0.99786824,1.4086406,0.0,1.1288061,0.28052795,2.3768008,0.0,0.10166686,1.1995306,0.0,0.7247651,0.0,0.57958543,0.0,0.0,1.1257375,0.32664755,0.0,0.0,0.0,0.0,1.4369857,0.0,0.0,0.84835047,0.0,0.7799369,0.0,0.0,0.026955163,0.85455,0.0,0.6774468,2.009956,1.002395,0.0,0.47999763,2.296999,0.0,0.0,0.0,0.0026120376,0.10776886,0.0,0.6226381,0.0,0.0,0.86630696,0.006231792,0.49070743,0.0,0.0,1.4458021,0.73638535,0.0,0.9388255,0.0,1.5257754,0.0,0.79639643,0.91857624,2.3862805,0.48828283,0.0,0.0,0.0,0.0,0.0,0.0,0.64067197,0.0,1.2325978,1.2538413,0.0,1.0311048,0.0,0.0,0.0,0.0,0.0,0.7306117,0.029639293,0.0,0.0,0.0,0.0,0.06659619,0.0,0.26756102,0.41998383,0.0,0.0,0.0,0.5804721,0.0,0.0,0.0,0.0,0.7271409,0.0,1.7154454,0.0,0.0,1.0400354,0.81847787,1.3856254,0.0,0.43050846,1.5767604,0.41212168,0.0,0.0,0.0,0.07666524,0.4839889,0.0
0.02230334,0.0,0.06978058,0.0,0.80714214,0.051504534,0.05848447,0.0,0.0,0.0,0.16797985,1.0114145,0.0,0.85731035,1.6463974,0.0,0.0,0.4629544,0.048154358,0.0,0.0,1.0443249,0.0,0.007036062,0.39667022,0.0,0.0,1.1606942,0.0,0.028112914,0.0,0.0,0.0,0.26265225,0.0,0.0,0.0,1.600087,0.0,0.4449341,0.8146235,0.0,0.64585906,1.2048275,0.4256742,0.0,1.1075662,0.0,0.0,0.6271002,0.0,0.0,0.0,0.0,0.0,0.0,0.0,0.0,0.6003679,0.0,0.0,1.2196237,0.0,0.0,0.0,1.5286201,0.6783416,0.0,0.0,0.0,0.0,0.0,0.0,0.0,0.0,0.08116709,0.0,0.0,0.0,0.0,0.0,0.0,0.0,0.0,0.13677971,0.0,0.0,0.5000966,0.0,0.0,0.39606127,0.0,0.0,0.0,0.0,0.0,0.0,0.0,0.30982137,0.7987102,0.0,0.0,0.6200201,0.0,0.0,0.0,0.12977092,0.0,0.0,0.0,0.0,0.16982344,0.47314754,0.0,0.0,0.0,1.8239399,1.2970129,1.4934286,0.0,0.0,0.0,0.0,0.5566463,0.0,0.0,0.0,0.0,0.0
0.0,0.0,0.0,0.0,0.0,0.81648076,0.7841981,0.0,0.0,0.0,0.0,0.0,0.0,0.0,1.0379871,0.29027426,0.0,1.184378,0.11271157,0.0863375,0.7546833,0.0,0.0,0.0,0.7208854,0.0,0.0,1.295696,0.0,0.78419757,0.0,0.0,0.0,0.0,0.0,0.0,0.0,1.0657101,0.0,0.05787081,0.0,0.0,0.42303914,0.66917,0.12093326,0.0,0.48926508,0.41214278,0.0,0.0,0.59404016,0.0,0.0,0.0,0.0,0.0,0.3958486,0.0,0.95533425,0.0,0.0,1.1725074,0.0,0.0,0.0,0.78028595,0.0,0.0,0.0,0.0,0.0,0.0,0.0,0.0,0.30518985,0.0,0.0,0.81887877,0.0,0.0,0.0,0.6065216,0.0,0.055226665,0.9455959,0.0,0.0,1.060529,0.0,0.0,0.0,0.0,0.0,0.0,0.0,0.0,0.0,0.11013666,0.0,1.1344005,0.0,0.84223694,1.1758003,0.0,0.0,0.0,0.9703838,0.0,0.0,0.5146727,0.0,0.0,0.32513535,0.0,0.0,0.0,0.4173023,1.2201614,1.163814,0.0,0.8097115,0.0,0.4540553,0.502828,0.7640158,0.0,0.0,0.0,0.0
0.032454684,0.0,0.12797591,0.934577,0.9862281,0.0,0.11591554,0.0,0.0,0.53239477,1.5837197,0.8650461,1.608328,0.9606444,0.0,0.0,0.6005212,0.0,1.1325947,0.0,0.0,0.17608768,1.4216105,0.0,0.0,0.14931375,1.0378096,0.0,0.33582768,0.0,1.103003,1.4642984,1.4865681,0.45896947,1.3678769,0.0,0.0,0.0,0.0,0.0,0.006929162,0.0,0.898528,0.6204814,0.29961616,1.280316,0.0,0.77756083,0.0,0.0,0.8412922,0.8920865,1.0879414,1.1045427,1.012626,0.0,0.0,0.9585413,0.0,0.0,1.1716948,0.0,0.93659014,1.3863401,0.3737615,0.7517847,0.11042604,1.3497773,1.0852886,1.4821814,0.0,0.5323469,0.06981316,0.72108763,0.20646684,0.6190129,0.23553681,0.0,0.0,0.0,0.0,0.0,0.9441764,0.0,0.0,1.2533973,0.22670971,0.0,0.0,0.7034402,0.18949717,0.0,1.4144262,0.0,0.98530954,0.70225286,0.99343175,0.0,0.9740277,0.0,0.91107595,0.0,0.0,1.0354967,1.0041862,0.8808811,0.0,1.1522548,1.2097937,0.0,1.0861658,1.4207414,0.0,1.0597502,0.011001463,0.15719406,0.0,0.0,0.0,1.4403229,0.0,0.44317284,0.8496231,0.0,0.0,0.0,0.0,0.0,0.0
0.0,0.0,0.0,0.0,0.0,1.4872187,1.4004457,0.0,0.17593265,0.0,0.0,0.0,0.0,0.0,0.8596446,0.559422,0.0,0.44386044,0.0,0.0,1.5233496,0.0,0.0,0.0,0.3359928,0.32168815,0.0,0.4732689,0.23275365,1.3186533,0.0,0.0,0.0,0.0,0.0,0.0,0.4784633,0.9025585,0.0,0.0,0.0,0.508796,0.0,0.0,0.0,0.0,1.0813888,0.0,0.2776573,0.0,0.5983542,0.0,0.0,0.0,0.0,0.0,0.5740333,0.0,1.4568067,0.47854674,0.0,0.9936886,0.0,0.0,0.0,0.16075367,0.0,0.0,0.0,0.0,0.0,0.0,0.0,0.0,1.2231519,0.0,0.0,1.4455042,0.0,0.0,0.15008494,1.2265984,0.0,0.424377,0.5007763,0.0,0.061110925,0.4533584,0.0,0.0,0.0,0.0,0.0,0.0,0.0,0.0,0.0,0.70300436,0.0,0.63527256,0.0,1.6404274,0.56708515,0.0,0.0,0.0,1.3196697,0.0,0.0,1.4745414,0.0,0.0,0.021094529,0.0,0.29433694,0.0,0.7295811,1.5488296,0.9083035,0.0,1.5082947,0.0,0.0,0.23209107,1.4898427,0.0,0.06848264,0.0,0.0
0.051218137,0.0,0.08222387,0.0,0.0,0.1686223,0.22834457,0.0,0.0,0.0,0.0,0.0,0.0,0.0,0.722603,0.27992827,0.0,0.56234753,0.0,0.0,0.14075407,0.15133598,0.0,0.22764637,1.203365,0.0,0.0,1.3013086,0.0,0.45129868,0.0,0.0,0.0,0.0,0.0,0.0,0.0,1.0954772,0.0,1.0142019,0.12468589,0.0,0.18774244,0.9585957,0.025933132,0.0,0.0,0.0,0.0,0.0,0.0,0.0,0.0,0.0,0.0,0.0,0.24115694,0.0,0.048840947,0.0,0.0,1.0497792,0.0,0.0,0.095944054,0.0,0.0,0.0,0.0,0.0,0.0,0.0,0.0,0.0,0.0,0.0,0.0,0.39898002,0.0,0.0,0.0,0.0,0.0,0.0,0.803225,0.0,0.0,0.19250664,0.0,0.0,0.0,0.0,0.0,0.0,0.10583536,0.0,0.0,0.0,0.0,1.3951083,0.0,0.0077284975,1.1794076,0.0,0.0,0.0,0.7863558,0.0,0.0,0.0,0.0,0.2729497,0.4202417,0.0,0.0,0.0,0.0,0.62333983,1.0206465,0.0,0.24775952,0.0,0.0,0.5510339,0.8078322,0.0,0.0,0.0,0.0
0.0,0.0,0.0,2.1820445,0.0,0.0,0.0,0.13880435,0.35021174,0.0,1.0314533,0.0,2.1122959,0.0,0.0,0.0,1.2240534,0.0,1.3886131,0.5945996,0.0,0.0,1.6279331,0.008218413,0.0,0.0,1.4441442,0.0,0.0,0.0,1.9227836,2.3212466,1.1476958,0.78185356,1.4299839,0.0,0.0,0.0,0.0,0.0,0.0,0.0,0.67640966,0.0,0.86164486,1.3142993,0.9484845,0.0,0.0,0.0,0.43192992,1.1828004,1.5880085,1.4681032,1.3886484,1.0443085,0.0,1.8757981,0.0,0.0,2.20579,0.0,1.7340821,1.6805371,1.3439848,0.0,0.0,1.4648211,1.4307264,1.729582,0.0,0.9766336,0.0,1.0468516,0.38466847,1.1101328,0.0,0.0,0.0,0.0,0.0,0.0,1.265371,0.0,0.0,2.4235525,0.5044801,0.0,0.30202788,2.096161,0.0,0.0,1.1911992,0.020884382,0.24347939,1.7753102,1.7618457,0.0,2.383851,0.0,2.3340945,0.0,0.0,2.3856602,1.3171448,1.402117,0.0,1.354635,2.0506983,0.0,1.0760132,0.24378678,0.6135729,2.194771,0.0,0.8904817,0.0,0.0,0.0,1.272373,0.0,0.5333453,0.0,0.16675866,0.0,0.0,0.0,1.8319982,0.0
0.0,0.70515907,0.0,1.1882617,0.0,0.0,0.0,0.0,0.42916834,0.0,0.0,0.0,1.2416518,0.0,0.0,0.104931705,0.43289235,0.43072963,1.2551059,2.0796738,0.0,0.0,0.0,1.0726233,0.29137945,0.0,0.0,0.0,0.04918453,0.0,0.0,0.0,0.0,0.0,0.39298257,0.0,0.0,0.0,0.0,0.37616676,0.0,0.0,0.0,0.0,0.0,0.0,0.0,0.5947354,0.0,0.43827558,0.25007197,0.0,0.65757257,0.0,0.0,0.22371636,0.0,1.4509499,0.0,0.0,0.7011035,0.0,1.5162443,0.0,0.0,0.0,0.0,0.0,1.2473983,0.0,1.8734032,0.0,1.8036361,1.4613919,0.0,1.0883902,0.18866244,0.0,0.0,0.0,0.76575714,0.0,1.5034286,0.0,0.48198238,1.3126332,0.0,0.023188768,0.022985367,1.7033079,0.039329935,0.20635226,0.0,1.8437501,0.0,1.1588061,1.4855151,0.0,0.20542574,0.29547223,0.7336838,0.0,0.058361087,0.0,0.0,0.0,0.0,0.0,0.0,0.0,0.0,0.21716696,0.0,1.6439078,0.0,0.0,0.0,0.0,0.0,0.0,0.0,0.38141605,0.5935243,0.0,0.0,0.0,0.8119129,0.22393516,0.0
0.0,0.0,0.0,0.0,0.0,1.0043097,0.97387743,0.0,0.0,0.0,0.0,0.0,0.0,0.0,1.0753261,0.21105975,0.0,0.33198586,0.23701352,0.0,0.9731256,0.02234352,0.0,0.0,0.39302945,0.0,0.0,0.79770386,0.0,0.8600726,0.0,0.0,0.0,0.0,0.0,0.0,0.035145167,1.2650305,0.0,0.0,0.0,0.0,0.0,0.39947733,0.009363443,0.0,1.3562684,0.0,0.0,0.0,0.6586167,0.0,0.0,0.0,0.0,0.0,0.17327768,0.0,1.1262552,0.010014217,0.0,1.0471257,0.0,0.0,0.0,0.69951123,0.0,0.0,0.0,0.0,0.0,0.0,0.0,0.0,0.9116148,0.0,0.0,1.0242074,0.0,0.0,0.0,0.7773463,0.0,0.10861649,0.37955412,0.0,0.0,0.28615183,0.0,0.0,0.0,0.0,0.0,0.0,0.0,0.0,0.0,0.27119642,0.26250657,0.67460686,0.0,1.1233213,0.5182624,0.0,0.0,0.0,0.918685,0.0,0.0,0.9372855,0.0,0.0,0.11266215,0.0,0.01990678,0.0,1.0336341,1.41401,1.2193266,0.0,0.9968607,0.0,0.0,0.3390999,1.0194745,0.0,0.0,0.0,0.0
0.0,0.0,0.0,0.0,0.0,0.0,0.0,0.0,0.43159646,0.0,0.30411446,0.0,0.0,0.0,0.0,0.881138,0.0,1.1048464,0.0,1.008895,0.0,0.0,0.7741117,0.0,0.56624305,0.0,0.0,0.21834302,0.0,0.0,0.0,0.0,0.0,0.93675447,0.0,0.0,0.0,0.0,0.0,0.0,0.0,0.3709433,1.0754514,0.0,0.620722,0.0,0.0,0.8035982,0.0,0.0,0.0,0.0,0.6998789,0.24936594,0.13984884,0.0,0.34355798,0.0739559,0.0,0.0,0.0,0.0,0.02929283,0.03900451,0.0,0.0,0.0,0.0,0.14500168,0.55879885,0.0,0.0,0.0,0.34827247,0.0,0.29824203,0.0,0.5864953,1.4208099,0.0,0.0,1.0398728,0.2029736,1.0578892,0.0,0.0,0.0,1.1992794,0.0,0.7747796,0.0,0.3010761,0.68577224,0.0,0.09729795,0.08860763,0.6799274,0.07684688,0.0,0.1764166,0.0,0.0,0.3895689,0.0,0.7765027,0.45202112,0.0,0.0,0.0,0.0,0.0,0.0,0.6906864,0.0,0.0,0.0,0.0,0.0,0.0,0.28517863,0.0,0.0,0.7869808,0.8894233,0.43744838,0.0,0.0,0.0,0.0
0.0,0.0,0.0,0.0,0.0,1.2084674,1.1314546,0.0,0.0,0.0,0.0,0.0,0.0,0.0,1.1518855,0.66790664,0.0,0.6737869,0.12712446,0.0,1.1355541,0.0,0.0,0.0,0.6167314,0.20807813,0.0,1.0422853,0.041225567,1.0542572,0.0,0.0,0.0,0.0,0.0,0.0,0.31895104,1.2470405,0.0,0.0,0.0,0.09979487,0.0,0.29378176,0.0,0.0,0.9893857,0.0,0.07227053,0.0,0.63768935,0.0,0.0,0.0,0.0,0.0,0.63542694,0.0,1.3021784,0.3142371,0.0,1.1845436,0.0,0.0,0.0,0.59379417,0.0,0.0,0.0,0.0,0.0,0.0,0.0,0.0,0.82856804,0.0,0.0,1.1686603,0.0,0.0,0.11851481,1.0966032,0.0,0.47741795,0.6157887,0.0,0.0,0.67094827,0.0,0.0,0.0,0.0,0.0,0.0,0.0,0.0,0.0,0.6415949,0.0,0.9330475,0.0,1.2952037,0.83893615,0.0,0.0,0.0,1.1389639,0.0,0.0,1.091434,0.0,0.0,0.0,0.0,0.22214034,0.0,0.9586266,1.5312786,1.230453,0.0,1.2431415,0.0,0.0717651,0.15333764,1.2424136,0.0,0.0,0.0,0.0
0.08685964,0.0,0.0027865837,0.0,0.3850194,0.0,0.087804094,0.85696536,0.0,0.0,1.9790579,0.4217666,0.0,0.2575589,1.2874496,0.0,0.42598408,0.28884903,0.330293,0.0,0.0,0.08310669,1.0212777,0.19837588,0.7051893,0.0,0.0,1.136052,0.0,0.0,0.0,0.0,1.0636015,0.10595059,0.75005656,0.0,0.0,1.794548,0.0,1.1369058,0.5455263,0.0,0.99279666,2.191918,0.7687914,0.43370354,0.6692851,0.44822964,0.0,0.0,0.4099087,0.0,0.0,0.9561367,0.0,0.0,0.0,0.0,0.048049614,0.0,0.0,0.9671113,0.0,0.0,0.0,1.8047196,0.0,0.0,0.0,1.4599454,0.0,0.0,0.0,0.0,0.3015257,0.17601956,0.0,0.0,0.0,0.0,0.0,0.0,0.0,0.0,0.0,0.0,0.0,0.0,0.0,0.0,0.0,0.0,1.6027111,0.0,1.4145463,0.0,0.0,0.0,1.4350709,0.06878112,0.0,0.0,0.7306078,0.0,0.0,0.0,0.02368268,0.0,0.0,0.0,0.0,1.6592404,0.9026672,0.0,0.0,0.0,0.65016854,0.58892334,1.7208303,0.47814322,0.0,0.0,0.3001034,1.1053206,0.0,0.0,0.0,0.0,2.0
1.3635191,0.94453156,2.08711,0.0,0.0,2.9833536,2.5160506,0.0,0.37230113,1.5002768,0.0,0.3123543,0.0,0.0,2.67796,0.0,0.0,0.0,1.3803393,0.0,2.671567,0.0,0.0,0.0,0.0,2.5971465,0.0,0.97230303,3.612823,3.0283997,0.21338914,0.0,0.0,0.0,0.0,0.41751623,1.3788931,1.8998536,0.0,0.0,2.2685094,0.45248812,0.0,0.6176323,0.0,0.0,0.0,0.64788306,1.1552213,0.0,2.969631,0.9318295,0.0,0.0,0.0,0.0,0.04284782,0.0,1.8514875,0.8327326,0.0,2.4401383,0.0,0.0,0.01722345,2.464776,0.0,0.7135195,0.0,0.0,0.0,0.0060773604,1.1341342,0.0,1.9281608,0.0,2.6415417,0.64312965,0.0,0.37446037,1.9598614,0.0,0.0,0.0,2.2741766,0.0,0.33901632,0.0,0.0,0.0,0.0,0.0,0.0,0.66287917,0.0,0.0,0.0,0.9712677,0.0,0.6839949,0.009390952,2.4943032,0.4290909,0.0,0.0,0.0,2.8899798,0.0,1.0843585,1.4548117,0.15035246,0.0,0.0,0.0,2.189878,0.0,1.0336045,2.8152087,1.9751779,0.0,2.8650625,1.1368399,1.2032679,0.0,1.2297788,0.0019069011,2.352277,0.0,0.0
0.0,0.0,0.18498665,0.54311943,0.6478884,0.11927609,0.4437326,0.0,0.0,1.3752908,0.0,0.81456465,0.33288574,0.75482255,0.0,0.0,0.0,0.0,0.037434954,0.0,0.25249246,0.15375431,0.0,0.0,0.0,0.92565405,1.2194036,0.0,0.77743363,0.03788528,1.1608852,0.7880322,0.0,0.23448904,0.35871202,1.5200351,1.3403715,0.0,1.1774707,0.0,0.0,0.0,0.0,0.0,0.0,0.8313725,0.08080299,0.0,1.2992283,0.0,0.0,1.2668828,0.45950055,0.0,1.2560737,0.0,0.27315423,0.0,0.0,1.1688992,0.8431868,0.0,0.0,0.6613636,0.85211426,0.0,0.16900736,1.4480329,0.25944823,0.0,0.0,1.0543998,0.15503472,0.0,0.0,0.0,0.91327256,0.0,0.39397603,1.4180037,0.0,0.0,0.084158055,0.042388614,0.0,0.38537213,1.4710582,0.0,1.0271418,0.33495986,0.35856888,0.0,0.0,0.0,0.0,0.6972749,0.012848174,1.4334046,0.6132944,0.0,0.69480133,0.38532513,0.0,0.79406494,0.86091137,0.980177,0.0,1.1739103,1.0363548,0.0,1.224373,0.0,0.0,0.17060575,1.3246562,1.0904596,0.42543903,0.0,0.0,0.40152502,0.037190992,0.70704365,0.0,0.0,0.0,1.2699672,0.0,0.0,0.0
0.21015115,0.92769593,0.5953763,0.0,0.10920882,0.0,0.0,0.0,0.71771604,0.76649064,0.0,0.18536502,0.0,0.24727014,0.0,1.6305574,0.0,1.4261883,0.0,0.55459565,0.0,0.0,0.0,0.0,0.9311276,0.57925874,0.0,1.1328839,0.71521896,0.0,0.0,0.0,0.0,0.0,0.0,0.41109267,0.6238645,0.0,0.47450095,0.17031774,0.5168152,0.91849416,0.0,0.0,0.0,0.0,0.0,1.20418,0.5744591,0.6270726,0.0,0.0,0.0,0.0,0.0,0.0,1.7204599,0.0,0.13216053,0.8450617,0.0,0.1390648,0.0,0.0,0.0,0.099347204,0.2321257,0.0,0.0,0.0,1.2359124,0.0,1.254356,0.032518677,0.0,0.0,1.0587416,0.0,0.9360424,0.33682528,0.9390841,0.604933,0.05001779,1.3009998,1.0481796,0.0,0.0,1.190268,0.0,0.15133736,0.3596416,0.8228544,0.0,1.2344664,0.0023086395,0.028391365,0.021768412,0.9158873,0.0,1.2301673,0.0,0.0,1.2950385,0.0,0.0,0.0,0.09435924,0.0,0.0,0.04137926,0.0,0.11622006,0.0,0.0,0.5880729,0.0,0.0,0.0146231055,0.0,0.0,0.0,0.4126338,1.386908,0.0,0.0,0.24178407,0.93196404,0.0,0.0
0.27981386,2.0571425,1.3761392,1.1283069,2.0443208,0.0,0.0,0.0,0.0,2.9807484,0.0,2.0504568,1.5617622,1.9225954,0.7026183,1.1405452,0.2591557,0.37351754,2.0573056,1.0828842,0.0,1.074069,0.0,1.0164787,0.0,2.1004539,0.0,0.36187154,2.5080936,0.0,0.0,0.0,0.0,0.0,1.2409964,1.772894,1.169574,0.0,1.5290972,0.060684532,1.4311589,0.22332264,0.0,0.58914906,0.0,0.0017475559,0.0,1.3801739,0.99010026,1.7772669,1.2786452,0.0,0.0,0.0,0.0,0.0,1.277596,1.1520123,0.0,1.0013865,0.77970797,0.0,0.9674791,0.0,0.0,1.7417816,1.3088347,0.0,1.2963473,0.0,3.159595,0.0,3.302521,1.5648342,0.0,0.88596034,2.2978134,0.0,0.33551434,1.6244025,2.1687405,0.0,1.5715214,0.74008954,1.6806836,1.276938,0.14648002,0.93115515,0.6912763,0.5427169,1.5437078,0.4445162,0.0,2.899702,0.0,0.89759463,1.031227,1.1730134,0.0,0.6252442,0.0,0.0,0.37739173,0.0,0.0,0.0,0.0,0.0,0.0,0.0,0.0,0.56824213,0.0,1.4067054,1.9028921,0.0,0.54379797,0.0,0.0,0.0,0.0,3.0882664,1.0158875,0.0,0.0,1.1332518,2.1610167,0.0,0.0
1.8684344,1.334118,2.5311866,0.0,0.0,2.433872,1.6019275,0.0,0.06740726,1.2815096,0.0,0.72807276,0.0,0.07050862,2.626102,0.0,0.0,0.0,1.7432954,0.0,1.8062872,0.0,0.0,0.4669279,0.0,2.3742244,0.0,1.0106534,3.5118632,2.4229946,0.10688316,0.0,0.4650835,0.0,0.5007605,0.003772419,0.76432925,1.6517437,0.0,0.0,2.7223096,0.053550415,0.0,0.9564242,0.0,0.30680355,0.0,0.6506377,0.56974936,0.0,2.96241,0.9678604,0.0,0.0,0.0,0.0,0.0,0.0,1.1728376,0.11771427,0.0,2.2058623,0.0,0.066053085,0.09573236,2.7811267,0.0,0.78562456,0.0,0.0,0.18728353,0.19747461,1.7211734,0.0,1.4176495,0.0,2.7793307,0.0015548853,0.0,0.0,2.2547503,0.0,0.0,0.0,2.194979,0.0,0.0,0.0,0.0,0.0,0.24667425,0.0,0.0,1.259871,0.0,0.0,0.0,0.12836911,0.0,0.50702065,0.30034032,1.6136111,0.35762027,0.0,0.0,0.0,2.4613163,0.17556177,1.1887964,0.7960226,0.39398694,0.18779895,0.0,0.0,1.8008101,0.0,1.1036807,2.4511905,1.7566367,0.0,2.2129326,1.0736991,1.1785074,0.0,0.8049939,0.0,2.6462193,0.0,0.0
0.0,0.3711878,0.0,0.6137334,0.0,0.0,0.0,0.0,0.88202494,0.7965098,0.0,0.0,0.0,0.0,0.0,0.37438345,0.0,0.0,0.0,0.0,0.20492838,0.0,0.0,0.0,0.0,0.60526764,1.5379779,0.0,0.3947746,0.06435301,1.4614571,0.9669216,0.0,0.038174227,0.0,1.5183868,1.2300773,0.0,1.1796674,0.0,0.0,0.84824836,0.0,0.0,0.0,0.26547173,0.0,0.0,1.3958808,0.0,0.0,1.0796012,0.8549858,0.0,1.4900204,0.0,0.65854144,0.0,0.05728716,1.3920496,0.5693507,0.0,0.0,0.20268182,1.3522962,0.0,0.0,1.064672,0.0,0.0,0.0,1.1675357,0.19766583,0.0,0.0,0.0,0.5060208,0.0,0.718346,1.6555029,0.0,0.0,0.0,0.42433923,0.0,0.1433415,1.9557958,0.0,1.054759,0.32260844,0.0,1.2181083,0.0,0.049275775,0.0,0.9267924,0.0,1.3963987,0.6374372,0.0,0.87169665,0.20037927,0.0,1.1658711,1.1218237,1.4182858,0.012122372,1.0529649,1.0924321,0.013768579,1.0555736,0.0,0.0,0.0,0.95453066,1.4358516,0.0,0.0,0.0,0.35847324,0.036179073,0.90556717,0.0,0.0,0.0,1.3577874,0.0,0.31399634,0.0
0.0,0.14774653,0.0,1.7869369,0.0,0.0,0.0,0.0,0.0,0.45040396,0.0,0.0,1.4091814,0.0,0.0,0.0,0.38183382,0.059516486,0.97430223,0.4416374,0.0,0.0,0.0,0.48668045,0.0,0.0,3.141023,0.0,0.0,0.0,2.5129843,1.7548445,0.0,0.0,0.21892561,0.17533152,0.122046344,0.0,0.8916786,0.0,0.2216563,0.0004495902,0.4128613,0.0,0.0,0.5659916,0.0,1.0190282,0.0,0.0,0.4925451,0.5636238,2.777303,0.0,3.2494771,0.0,0.0,1.4982474,0.0,0.0,1.494254,0.0,1.3613467,0.0,1.8302165,0.0,0.0,0.42951846,0.6122114,0.11510951,0.33670515,0.551119,0.41416103,0.67459476,0.0,0.7849122,0.055886697,0.0,0.0,0.2692583,0.0,0.0,1.2137378,0.0,1.1218301,1.5917785,1.4344915,1.9850503,0.0,1.5468557,0.0,0.16947724,0.0,0.47755742,0.0,2.1280365,1.6462771,0.0,0.0,0.0,1.6699743,0.0,0.0,1.8814545,2.994156,3.3396335,0.0,0.8937345,1.8751471,0.0,0.32613298,0.0,0.0,1.4940748,0.030889364,2.948351,0.0,0.0,0.0,0.8812528,0.0,0.6678047,0.0,0.0,0.0,1.5073258,0.0,0.14284343,1.0
0.0,0.0,0.0,0.017853351,1.2011946,0.46812844,0.99694157,0.0,0.0,1.2527851,0.0,1.031065,0.118459575,1.2098317,0.39851543,0.3023623,0.0,0.0,0.0,0.0,0.30452797,1.1106045,0.0,0.0,0.0,0.52886,1.1807004,0.0,0.6713972,0.1130894,0.4895491,0.19636033,0.0,0.0,0.0,1.5324805,0.8053481,0.30743554,1.4805639,0.0,0.0,0.0,0.0,0.0,0.0,0.5152996,0.8895341,0.0,0.7859417,0.35078886,0.060955513,0.6163025,0.0,0.0,1.3164896,0.0,0.54318327,0.0,0.08572961,0.8984096,0.41356945,0.0,0.0,0.0,0.24109583,0.0,0.8349454,0.68303883,0.11137793,0.0,0.148498,0.51602846,0.0,0.0,0.9160639,0.0,0.21841902,0.0,0.7296578,1.6649133,0.0,0.0,0.0,0.14835408,0.012166766,0.0,1.3828768,0.22586253,1.0063844,0.0,0.16435546,0.0,0.0,0.0,0.0,0.007616649,0.0,1.0953587,0.0,0.0,0.0,0.41422796,0.0,0.28583196,0.66708124,0.8352159,0.22117727,0.71586335,0.21772604,0.006203396,0.78098965,0.0,0.0,0.0,0.6643047,1.1971519,1.0926064,0.509255,0.43967402,0.0,0.08242095,0.8479888,0.0,0.0,0.0,1.2459015,0.0,0.0,0.0
0.15414783,0.0,0.5363619,0.0,1.3378292,0.063015595,1.2205963,0.0,0.0,1.1414642,0.12977965,1.4362115,0.2036891,1.5055368,0.0,0.0,0.0,0.0,0.0,0.0,0.1012387,0.60484326,0.0,0.0,0.0,0.49921826,0.0,0.5090416,0.28829032,0.0,0.0,0.0,1.1923683,0.6866758,0.49952966,0.9002746,0.8408364,0.42971092,0.5292877,0.0,0.0,0.0,0.019591374,0.9542645,0.0,0.8224073,0.0,0.12318637,0.7017658,0.0,0.0,0.5441834,0.0,0.0,0.0,0.0,0.22071669,0.0,0.0,0.6765974,0.25182563,0.0,0.0,1.0579863,0.0,0.20213814,0.49512538,1.1116775,0.58882636,0.0,0.0,0.46494403,0.0,0.04986277,0.0,0.041995484,0.92364895,0.0,0.014300249,0.4683895,0.0,0.0,0.2781677,0.0,0.0,0.0,0.20157811,0.0,0.8545011,0.0,0.6786363,0.0,0.017927105,0.0,0.56712157,0.0,0.0,1.1238047,0.43237576,0.0,0.0,0.22957326,0.0,0.0,0.0,0.0,0.0,0.8452545,0.0015583759,0.0,0.9108545,1.338531,0.0,0.0,0.8920722,0.0,0.7306323,0.0,0.03265404,0.6294005,0.0,0.0,0.5040089,0.0,0.0,0.31410605,0.0,0.0,0.0
0.45169613,0.3197033,0.8123667,1.2278314,1.5966431,0.0,0.0,0.0,0.0,0.68545824,0.0,1.2075943,0.7757525,1.2557237,0.0,0.0,0.402585,0.0,0.0,0.0,0.0,1.3577946,0.0,0.90996814,0.0,0.0,0.040046513,0.0,0.15730631,0.0,0.23074187,0.0,0.0,1.0834967,0.0,0.634043,0.0,0.0,1.1117848,0.09540539,0.0,0.0,0.0,0.0,0.0,0.39394146,0.33952022,0.0,0.06501941,0.7871522,0.0,0.38413346,0.0,0.0,0.0,0.310563,0.23568116,0.7436224,0.0,0.0047929883,1.1714425,0.0,0.67152214,0.0,0.80199754,0.0,1.4393265,0.20658813,1.1337022,0.0,0.9659485,0.64898396,0.2074664,1.0615782,0.09371807,1.0357516,1.0149996,0.0,0.17928,0.82243365,0.5700327,0.0,1.0273156,0.0,0.0,0.8325694,0.14849718,0.0,1.5321883,0.9231038,1.3867399,0.0,0.0,0.0,0.0,0.8361908,0.32155114,0.0,0.08589838,0.012747418,1.1263996,0.0,0.0,0.0,0.0,0.0,0.0,1.4639118,0.0,0.0,1.1025138,0.0,0.0,0.5674478,0.0,0.5510943,0.5676629,0.0,0.0,0.0,0.0,0.8553293,0.0,0.0,0.0,0.53542334,0.0,0.0,0.0
0.0,0.0,0.0,0.0,0.0,0.9560429,0.86087084,0.0,0.011650524,0.097504936,0.0,0.0,0.0,0.0,0.34131163,0.9190647,0.0,0.023934536,0.0,0.0,1.0042151,0.0046684816,0.0,0.0,0.17051212,0.36444652,0.0,0.15589422,0.17940536,0.73958254,0.0,0.0,0.0,0.0,0.0,0.2781143,0.7797829,0.5312309,0.46249422,0.0,0.0,0.5037224,0.0,0.0,0.0,0.0,1.0422457,0.0,0.68581504,0.0,0.0022315762,0.0,0.0,0.0,0.0,0.0,0.75003695,0.0,1.1046585,0.8063264,0.0,0.5101774,0.0,0.0,0.0,0.0,0.0,0.0,0.0,0.0,0.0,0.0,0.0,0.0,0.7460271,0.0,0.07349476,1.2421898,0.32690805,0.31569096,0.44257173,1.3235766,0.0,0.85877275,0.0,0.0,0.23801155,0.063055046,0.109941676,0.0,0.0,0.0,0.0,0.0,0.0,0.0,0.0,0.9656209,0.0,0.39845732,0.0,1.2747909,0.115794934,0.0,0.0,0.0,0.6864216,0.0,0.0,1.4320291,0.0,0.0,0.0,0.0,0.5614089,0.029785343,0.8467326,1.0511535,0.47060144,0.0,0.97633827,0.0,0.0,0.06811719,1.3201938,0.2644844,0.22752285,0.0,0.0
0.0,0.0,0.0,0.0,0.0,1.3687872,1.2999805,0.0,0.7818027,0.0,0.046322584,0.0,0.0,0.0,0.20043679,0.0,0.523853,0.8634636,0.80215657,0.518786,1.4869822,0.0,0.29178062,0.0,0.0,0.0,0.15245946,0.0,0.0,1.1899352,0.0,0.0062402645,0.0,0.0,0.0,0.0,0.0,0.1305027,0.0,0.0,0.0,0.2638852,0.5002949,0.0,0.7958654,0.0,1.2416137,0.49244857,0.0,0.0,0.93999565,0.0,0.59239876,0.14025624,0.19931711,0.0,0.0,0.0,1.22182,0.0,0.0,0.5840751,0.0,0.0,0.0,0.0,0.0,0.0,0.0,0.6751197,0.0,0.0,0.0,0.0,1.3685853,0.0,0.0,1.5809323,0.0,0.0,0.0,0.77492285,0.0,0.0,0.59732056,0.18417661,0.0,0.7498582,0.0,0.719406,0.0,0.14263049,0.123126276,0.0,0.0,0.0,0.0,0.0,0.42775598,0.12678649,0.0,1.486891,0.3767109,0.25523895,0.39204916,0.54372096,1.1938083,0.0,0.0,1.0202519,0.0,0.0,0.75477856,0.7080011,0.0,0.06968957,0.0,1.00077,0.14459118,0.0,1.3756961,0.0,0.53228146,0.912549,1.1860166,0.0,0.0,1.2999411,0.0
0.06886212,0.19416969,0.16901308,0.0,0.0,0.49276388,0.27712917,0.0,0.3613179,0.17176299,0.0,0.0,0.0,0.0,0.41855645,0.5571208,0.0,0.706991,0.12920009,0.0,0.36656508,0.0,0.0,0.0,0.51573646,0.32037517,0.0,0.88199013,0.5566017,0.49614486,0.0,0.0,0.0,0.0,0.0,0.0,0.25658384,0.23340127,0.0,0.009872436,0.19649719,0.40414244,0.0,0.15920466,0.0,0.0,0.0,0.6643451,0.08695806,0.05588579,0.47297415,0.0,0.0,0.0,0.0,0.0,0.72568196,0.0,0.398897,0.28661492,0.0,0.54558045,0.0,0.0,0.0,0.40599847,0.0,0.0,0.0,0.0,0.360818,0.0,0.43591484,0.0,0.0,0.0,0.5280923,0.10937077,0.10188077,0.0,0.36821845,0.43524668,0.0,0.35283485,0.7770902,0.0,0.0,0.46485505,0.0,0.0,0.0,0.23986359,0.0069257147,0.44204795,0.05382726,0.0,0.0,0.4035892,0.0,0.7038022,0.0,0.350808,0.7851331,0.0,0.0,0.0,0.7061738,0.0,0.0,0.28391042,0.0,0.05201512,0.0,0.0,0.25040752,0.0,0.0,0.6364572,0.36666322,0.0,0.5283402,0.0,0.82518584,0.0,0.2697732,0.0,0.398109,0.0,0.0
0.0,0.0,0.0,0.0,0.0,0.8408265,0.694932,0.0,0.3597769,0.49210808,0.0,0.0,0.0,0.16991575,0.32495,1.4329144,0.0,0.8487194,0.052222703,0.0,0.5503683,0.08971406,0.0,0.0,0.0,0.6010399,0.38927615,0.18229361,0.67093194,0.6128492,0.0,0.0,0.0,0.0,0.0,0.6131599,0.75087714,0.03273,0.7215265,0.0,0.0,0.86010486,0.0,0.0,0.0,0.0,0.0,0.4468977,0.7547629,0.44426823,0.17162518,0.0,0.2658342,0.0,0.6561329,0.0,1.2187067,0.0,0.6333984,0.9386915,0.0,0.41043878,0.0,0.0,0.0,0.0,0.0,0.0,0.0,0.0,0.50751007,0.0,0.30705675,0.0,0.5215566,0.0,0.0552629,0.32189927,1.519122,0.81130433,0.46010926,1.1663111,0.0,1.2196931,0.7047863,0.0,1.0062327,1.3066946,0.014724994,0.0,0.0,0.628505,0.0,0.28287283,0.0,0.0,0.0,1.1415193,0.0,0.39882264,0.0,0.6824417,0.58142644,0.04642375,0.58095896,0.7872094,0.7941785,0.0,0.0,0.6109384,0.0,0.0,0.0,0.0,0.5002697,0.4155483,0.24449003,0.8820672,0.24235898,0.0,0.87870973,0.30413535,0.17265122,0.0,0.59685117,0.77298814,0.48326474,0.0,0.0
1.3761595,0.8565313,0.97511125,0.0,0.0,0.46435136,0.08551389,2.7161665,0.96765065,0.0,0.6484989,0.0,0.0,0.0,0.11457353,0.11156635,0.0,0.0,0.0,0.0,0.75991535,0.7395221,1.3765471,0.91703093,1.4314722,0.12528735,0.0,0.23021689,0.32408154,0.6265996,0.0,0.0,1.5437734,0.0,0.45739558,0.0,0.21139903,0.61254483,0.0,1.1360338,0.7347797,1.5328312,0.0,0.5635696,1.1500082,0.40116337,0.18120083,0.0,0.6740159,1.3181937,0.0,0.9973093,0.0,1.3676715,0.0,1.5314614,0.0,0.0,0.24070778,0.0403042,0.0,0.13850997,0.0,1.2677954,0.67361945,0.14706753,0.6070968,0.7543523,0.0,0.26163274,0.0,1.357649,0.0,0.0,0.67953825,0.0,0.060149785,1.861127,0.37096727,0.2102036,1.3366567,0.65858305,0.0,0.21888092,0.0,0.0,0.0,0.0,1.4192837,0.0,0.73016137,1.2338151,0.9103128,0.0,1.4199092,0.0,0.0,0.0,0.0,0.0,0.0,0.741084,0.032923438,0.0,0.0,0.0,0.43494347,0.6554248,0.0,1.2541213,0.914687,0.8149961,1.2193226,0.0,0.0,0.0,0.5414452,0.23756206,0.64949304,1.034064,0.6360873,0.0,0.0,1.2352995,2.4209485,0.0,0.94080555,1.6962119,1.0
1.4293029,0.0,1.2828261,0.0,0.34322587,0.0,0.0,1.8850095,0.0,0.0,0.0,1.0790045,0.0,0.5207775,0.3048764,0.0,1.7593336,0.0,0.0,0.0,0.0,0.3702333,0.8439509,1.5077842,0.0,0.0,0.094901,0.0,0.0,0.0,0.0,0.4562459,0.0,2.2001395,1.2934629,0.95045626,0.0,0.7462263,0.10286505,0.0,1.4649338,0.012795171,0.8242279,0.12418893,1.4244815,0.5981205,1.4724379,0.0,0.39437526,0.9695085,0.0,1.1878911,0.0,0.91822046,0.0,2.4945421,0.0,0.0,0.0,0.0,0.0,0.0,0.0,1.3130231,0.16691041,0.0010877176,0.5804147,1.0324805,0.26991946,0.0,0.0,1.0913754,0.0,0.0,0.0,1.5458322,0.0,0.0,1.6360543,1.675682,0.0,0.0,0.0,0.0,0.0,0.0,1.8182557,0.0,1.2948209,0.0,0.88284296,0.96373826,0.0,0.0,0.0,0.0,0.0,0.0,1.1902281,0.0,0.0,0.0,0.0,0.0,0.0,0.0,0.0,0.96620697,0.0,0.0,0.9321315,0.0,1.1736184,0.0,0.0,1.0403991,0.787761,0.0,0.91027504,0.3100161,0.0,0.0,0.0,1.3105052,0.0,0.54617476,0.0,1.4797376,0.0
0.03814123,0.0,0.24995738,0.0,0.6896223,0.0,0.02146213,0.78478795,0.0,0.0,0.0,0.81350756,0.0,0.5404277,0.90442663,0.10129365,0.0,0.0,0.0,0.0,0.0,0.28051418,0.0,0.0,0.0,0.0,0.0,0.29729837,0.0,0.0,0.0,0.0,0.0,0.5450679,0.7396373,0.3615869,0.0,1.6789305,0.20120385,0.0,0.14110571,0.0,0.0,0.75442654,0.0,0.66493905,2.040169,0.0,0.049147695,0.07306555,0.0,0.7725496,0.0,0.0,0.0,0.0,0.0,0.0,0.46577385,0.14930177,0.0,0.5292386,0.0,0.537437,0.0,0.8991041,0.33156046,0.57575953,0.0,0.0,0.0,0.34113893,0.0,0.0,0.5781917,0.46396607,0.0,0.19030173,0.0,0.47819242,0.3724791,0.26338926,0.0,0.27025163,0.0,0.0,0.0,0.0,0.560265,0.0,0.2305421,0.0,0.0,0.0,0.0,0.0,0.0,0.0,1.3700271,0.0,0.0,0.18237531,0.0,0.0,0.0,0.0,0.0,0.29955032,0.0,0.5386818,0.23884328,0.048230294,0.0,0.0,0.0956203,0.0,1.6369457,0.77576023,1.5359964,0.0,0.0,0.0,0.0,0.3562965,0.28135875,0.0,0.0,0.0,0.0
1.5443096,1.6065886,1.6339927,0.22012511,0.0,0.4670029,0.0,0.9264732,1.3720049,0.45390794,0.0,0.14824696,0.0,0.0,0.06377723,0.0,0.0,0.0,0.0,0.0,0.6203705,0.0,0.0,0.9945706,0.0,1.2467769,0.0021058756,0.0,1.7073576,0.47832954,0.6755789,0.492936,0.45944348,0.0,0.6248006,0.98284996,0.93338376,0.22585793,0.3251702,0.0,1.2276287,1.5824045,0.0,0.0,0.0,0.57031095,0.0,0.0,1.200247,0.6677586,0.18999055,1.4699379,0.0,0.06628339,0.0,1.1303148,0.0,0.0,0.272745,0.8036803,0.57784593,0.0,0.0,0.6461262,1.6936243,0.0,0.0,1.0668815,0.0,0.0,0.44532198,1.5417533,0.8574648,0.0,0.597033,0.0,1.4001447,0.54044956,0.0,1.0983081,1.7647209,0.0,0.0,0.032395188,0.0,0.013835919,0.81536597,0.0,1.3047384,0.0,0.8537415,1.6064253,0.0,0.7511815,0.0,0.57598686,0.0,0.097208045,0.0,0.0,1.2189524,0.52576184,0.0,0.70066524,0.0,0.0,0.47955325,1.3248591,1.0475012,0.87809825,1.3024198,0.0,0.0,0.0,0.93261117,0.20509191,0.35250092,0.23807792,0.138069,0.061467726,0.5991697,1.044146,0.0,0.0,0.9171393,0.7403111,1.7451308,1.5546877,0.0
0.0,0.0,0.0,0.0,0.5860602,0.12903686,0.12911807,0.0,0.0,0.0,0.79588324,0.72746164,0.0,0.6375381,1.6488131,0.0,0.0,0.7931274,0.314408,0.08611156,0.0,0.7768726,0.0,0.0,0.6169206,0.0,0.0,1.3860804,0.0,0.14442506,0.0,0.0,0.0,0.13891481,0.0,0.0,0.0,1.6107097,0.0,0.71844214,0.69485456,0.0,0.881947,1.5406142,0.58349437,0.0,0.7796274,0.0,0.0,0.33084083,0.23132534,0.0,0.0,0.0,0.0,0.0,0.0,0.0,0.4742237,0.0,0.0,1.3007734,0.0,0.0,0.0,1.6748995,0.40872613,0.0,0.0,0.17461392,0.0,0.0,0.0,0.0,0.0,0.0,0.0,0.0,0.0,0.0,0.0,0.0,0.0,0.0,0.3758142,0.0,0.0,0.79011345,0.0,0.0,0.10368097,0.0,0.48938414,0.0,0.292437,0.0,0.0,0.0,0.36955696,0.8102848,0.0,0.0,0.9002614,0.0,0.0,0.0,0.28108135,0.0,0.0,0.0,0.0,0.57938945,0.6778504,0.0,0.0,0.0,1.4419333,1.1775918,1.535214,0.12764145,0.0,0.0,0.0,0.7285911,0.0,0.0,0.0,0.0,0.0
0.0,0.20641884,0.35589197,0.65810007,0.013999478,0.23861514,0.17043182,0.0,0.48372135,1.3983386,0.0,0.3263105,0.40690053,0.2133745,0.0,0.0,0.0,0.0,1.2559621,0.0,0.3717848,0.0,0.3449636,0.0,0.0,1.3119949,1.5795217,0.0,1.1206625,0.34998593,1.58113,1.2306283,0.37440878,0.0,0.6897223,1.2088283,1.307945,0.0,0.5698422,0.0,0.31837764,0.0,0.0,0.0,0.0,0.87561613,0.0,0.31883898,1.1726302,0.0,0.9895086,1.3516995,1.1933117,0.20514108,1.4299453,0.0,0.0,0.0021657215,0.030018767,0.955689,0.8025265,0.0,0.08515488,0.8993042,0.8647215,0.7999382,0.0,1.7138283,0.0,0.60270166,0.0,0.9692742,0.56300193,0.0,0.0,0.0,0.98541206,0.0,0.0,1.1273308,0.0,0.0,0.009813012,0.0,0.0,0.59100217,1.633423,0.0,0.59631574,0.33172062,0.0,0.49635273,0.0,0.3186059,0.0,0.81524533,0.27352804,1.3145026,0.92751515,0.0,0.8269741,0.40116748,0.0,1.2380491,1.076646,1.3273226,0.09470231,0.9271137,1.6633189,0.0,1.0372013,0.0,0.0,0.3831307,1.5848397,0.9714613,0.0,0.0,0.0,0.80944264,0.2657387,1.0946084,0.5262866,0.0,0.0,0.9852556,0.0,0.04362782,0.0
0.62616384,0.0,0.59190667,0.0,1.1175628,0.0,0.0,0.14562638,0.0,0.0,1.5602736,1.3036593,0.0,1.2425835,1.5221957,0.0,0.0,1.0537297,0.14183527,0.10752443,0.0,1.6003494,0.37245736,0.88080627,0.81051904,0.0,0.0,1.1878033,0.0,0.0,0.0,0.0,0.0,0.5607292,0.0,0.0,0.0,1.1447198,0.0,1.5389895,1.4066353,0.0,1.45709,1.6955048,1.3694297,0.0,0.12191817,0.0,0.0,1.3388283,0.0,0.0,0.0,0.5653208,0.0,0.0,0.0,0.0,0.0,0.0,0.0,1.0315062,0.0,0.0,0.0,1.741221,1.1737932,0.0,0.050387315,0.34074473,0.0,0.0,0.0,0.037339266,0.0,0.4376989,0.0,0.0,0.0,0.0,0.0,0.0,0.0,0.0,0.22918957,0.0,0.0,1.1704365,0.0,0.0,0.87090224,0.0,1.0643171,0.0,0.84141546,0.0,0.0,0.0,0.0,0.66100496,0.0,0.0,1.083847,0.0,0.0,0.0,0.0,0.0,0.0,0.0,0.0,0.8348966,1.3835222,0.0,0.0,0.0,1.4181192,0.6957406,1.1199305,0.8231307,0.0,0.0,0.0,1.1163105,0.0,0.0,0.0,0.0,0.0
0.8088757,0.80656075,1.5489665,0.61801857,0.0,0.0,0.0,0.0,0.94027174,0.9838397,0.0,0.34808898,0.5731252,0.0,0.039330862,0.0,0.0,0.0,0.31424537,0.14292867,0.0,0.0,0.0,0.43028763,0.0,1.1290848,0.77490723,0.0,1.4045538,0.0,1.2168827,0.29834002,0.0,0.0,0.6889404,0.8516624,0.82362145,0.0,0.61471486,0.0,1.1229805,0.4935796,0.0,0.049281206,0.0,0.42419603,0.0,0.0,0.7068285,0.0,0.35475913,0.95915234,0.05433919,0.0,0.71688056,0.0,0.0,0.16354969,0.0,0.7388153,0.89126295,0.0,0.23050466,0.0,1.4887658,0.28603187,0.0,0.54205537,0.0,0.0,0.0,0.7687402,0.82415,0.0,0.0,0.0,1.3695713,0.0,0.0,0.6793446,0.53109944,0.0,0.10599479,0.0,0.12971477,0.52390826,0.85666114,0.0,0.25814015,0.1491632,0.4956339,0.67262024,0.0,0.7806139,0.0,0.8103229,0.30101195,0.49598035,0.26809534,0.0,1.288076,0.0,0.0,0.5054274,0.14895017,0.4391785,0.0,1.0095291,1.4283316,0.0,0.83667284,0.0,0.0,0.24625899,1.0009053,0.9826126,0.0,0.0,0.0,0.0,0.0,1.0412483,0.0,0.0,0.0,0.59639424,0.9154252,0.6743476,0.0
1.3659924,1.8188982,0.97667855,0.0,0.8126855,0.0,0.0,1.9971879,1.501577,0.96167725,0.7074348,0.77468765,0.0,1.1945952,0.0,2.4350255,0.0,0.0,0.0,0.0,0.0968155,1.3737127,1.4342368,0.0,1.2715337,1.3895475,0.0,0.44676286,1.1948293,0.0,0.0,0.0,2.3165853,0.0,0.6768594,1.8622255,2.1544743,0.0,0.6167437,0.18831824,1.0127913,2.1737354,0.0,0.0,0.0,0.5615,0.0,0.17352684,2.6482117,2.6532946,0.0,0.83283085,0.0,1.3886703,0.0,1.0506804,1.9297149,0.0,0.0,2.1644163,0.0,0.0,0.0,2.380081,0.0,0.34817573,1.5569032,1.090263,0.0,0.21743532,1.4008172,1.0192754,1.22475,0.0,0.0,0.0045936164,1.3244798,0.59413797,3.220678,2.0598938,2.8358707,1.7808665,0.21791324,2.3906643,0.0,0.0,0.9710521,0.0,2.3822837,0.0,1.4215182,2.5930057,1.4255906,1.2904571,1.4545743,0.26342353,0.0,1.8581443,0.0,0.0,0.0,0.2056122,0.056581702,0.0,0.0,0.0,0.0,0.5753965,0.0,1.1867868,0.87304837,1.4205389,0.0,0.0,1.8172638,0.0,0.9355397,0.0,0.0,1.5161613,0.17429347,0.67261887,1.071333,0.0,1.2820765,1.4883473,1.6481326,0.51789135,2.0
1.1923395,3.10869,1.8224251,1.7836753,1.56296,0.0,0.0,0.5417046,0.3190127,1.7249311,0.0,1.6543595,1.3517891,1.6695727,0.0,1.3383297,0.0,0.0,0.56360567,1.6555903,0.0,1.4222763,0.0,1.5242176,0.2122616,1.2904674,0.0,0.0,1.262802,0.0,0.27221838,0.0,1.2515945,0.0,1.5645745,1.6114646,0.93435174,0.0,0.7807974,0.36345443,1.0425013,0.54306203,0.0,0.0,0.0,0.9188293,0.0,0.0,1.3807,2.8325222,0.0,0.5200542,0.0,0.0,0.0,0.7566779,0.9966985,1.9756966,0.0,0.99303114,1.1799319,0.0,1.7982092,0.8246869,0.7766597,0.0,1.7415055,0.46185538,1.7498385,0.0,3.2871187,0.8663221,3.2426033,2.1726198,0.0,1.7900206,2.111399,0.0,0.7097279,1.5385002,3.1801422,0.0,2.2566803,1.1461695,0.0,1.4776127,0.0,0.0,2.2575412,1.3146574,2.070548,1.0635675,0.0,3.031255,0.0,1.9097158,1.8806894,0.45384333,0.27546716,0.0,1.2578048,0.0,0.0,0.0,0.0,0.0,0.0,0.8123318,0.18858966,0.0,0.94286144,1.031798,0.0,1.4075602,1.5765146,0.0,0.15604256,0.0,0.0,0.0,0.0,2.017188,0.0,0.0,0.0,1.2600359,2.3189204,0.0,0.0
0.0,0.0,0.0,0.0,0.5601162,0.24919428,0.39653403,0.34620872,0.0,0.6147978,0.0,0.560508,0.0,0.3768989,0.39057547,1.2338558,0.0,0.0,0.0,0.0,0.20174362,0.011726827,0.0,0.0,0.0,0.43085515,0.0,0.18113796,0.14385001,0.0,0.0,0.0,0.0,0.2992815,0.49609837,1.1223664,1.006505,1.3192364,1.0539954,0.0,0.0,0.0,0.0,0.0,0.0,0.6807219,2.3230836,0.0,0.9965122,0.0,0.0,0.96343666,0.0,0.0,0.0,0.0,0.54717994,0.0,0.7133521,1.190323,0.15053678,0.21486166,0.0,0.6637051,0.0,0.037178062,0.15517554,0.8191889,0.07928596,0.0,0.0,0.5138176,0.0,0.0,0.66770756,0.20499933,0.34148988,1.0060449,0.055364102,1.0947055,1.0000045,1.4248563,0.0,1.393964,0.0,0.16600516,0.07176604,0.0,1.1136378,0.0,0.14352188,0.0,0.0,0.0,0.0,0.0,0.0,1.1706648,1.396905,0.09515361,0.0,0.84645534,0.0,0.0,0.0,0.0,0.0,0.42886084,0.0,1.4035561,0.35577282,0.0,0.0,0.30638838,1.0346018,0.018422661,1.7126796,0.7317512,1.1454558,0.0,0.25476918,0.08065208,0.0,0.0,1.0762112,0.5751412,0.37238598,0.0,0.0
0.0,1.2247864,0.016933395,1.5804327,0.018025406,0.0,0.0,0.0,1.0346786,0.95129704,0.0,0.0,0.6507542,0.0,0.0,0.8791134,0.7873627,0.12156247,0.023561705,0.19162896,0.0,0.0,0.0,0.38361156,0.0,0.4491566,0.9821339,0.0,0.2818152,0.0,1.0588435,0.26415515,0.0,0.19279818,0.0,1.1928318,0.6882581,0.0,1.2183832,0.0,0.0,1.0064594,0.0,0.0,0.0,0.0,0.0,0.0,0.7675527,0.83539873,0.0,0.0,0.9156413,0.0,1.0343529,0.7833334,0.83958256,0.9920948,0.0,0.94325984,1.1248019,0.0,0.84468377,0.0,0.9606641,0.0,0.0,0.0,0.86895543,0.0,1.5030872,0.3427017,1.2890217,1.0651095,0.0,0.9000529,0.57091826,0.0,0.8863904,1.3141026,0.415609,0.0,1.0994523,0.81321317,0.0,1.2549587,1.1106006,0.0,0.7780167,1.4929063,0.41894063,1.3869138,0.0,1.2900401,0.0,1.6654867,1.060511,0.8025405,0.30303845,0.0,1.1659886,0.0,0.0,0.65187705,0.58787227,0.96514213,0.0,0.52129096,0.522187,0.0,0.2236033,0.0,0.0,1.0097467,0.564416,1.1989566,0.0,0.0,0.0,0.0,0.0,1.6530744,0.0,0.0,0.0,1.1674242,0.46276867,0.72202885,0.0
0.21561049,0.5925235,0.14357139,0.0,0.0,0.6750898,0.45044306,0.0,1.056139,0.32373512,0.0,0.0,0.0,0.0,0.20877999,1.4170134,0.0,1.0448478,0.0,0.060466327,0.64899653,0.0,0.0,0.0,0.909893,0.7119392,0.0,0.8289421,0.8012889,0.56040466,0.0,0.0,0.0,0.0,0.0,0.36006913,0.8523364,0.0,0.21123114,0.0,0.31310683,1.3974196,0.0,0.0,0.0,0.0,0.0,0.80032676,0.84583527,0.5166283,0.1418507,0.0,0.0,0.0,0.0,0.0,1.4561505,0.0,0.75953084,0.970529,0.0,0.3758286,0.0,0.0,0.0,0.11000619,0.030623399,0.0,0.0,0.0,0.6248645,0.0,0.6000397,0.0,0.0,0.0,0.68962526,0.664135,1.141604,0.42430517,0.9543441,1.2450387,0.0,1.1930791,0.69377023,0.0,0.26878473,0.79719955,0.16065463,0.0,0.0,1.2393106,0.080694094,0.6264578,0.059028335,0.0,0.0,1.0144591,0.0,0.8016521,0.0,0.7387068,1.0953097,0.0,0.0,0.0,0.71358407,0.0,0.0,0.9485523,0.0,0.0,0.0,0.0,0.64867824,0.0,0.0,0.54524076,0.20693561,0.0,0.85013473,0.13657832,1.2178918,0.0,0.9796148,0.26515383,0.89537096,0.0,0.0
0.0,0.0,0.0,0.0,0.0,1.3422195,1.2401187,0.0,0.45110932,0.0,0.0,0.0,0.0,0.0,0.4965439,0.6021645,0.0,0.42592502,0.0,0.0,1.4171982,0.0,0.0,0.0,0.3310983,0.23103112,0.0,0.23874806,0.25130582,1.2427907,0.0,0.0,0.0,0.0,0.0,0.0,0.45544815,0.5686799,0.008558415,0.0,0.0,0.79132646,0.0,0.0,0.012854492,0.0,0.576875,0.0,0.31717056,0.0,0.29001036,0.0,0.0,0.0,0.0,0.0,0.559756,0.0,1.2627096,0.47627214,0.0,0.80037975,0.0,0.0,0.0,0.0,0.0,0.0,0.0,0.0,0.0,0.0,0.0,0.0,1.0004963,0.0,0.0,1.4484385,0.16798799,0.0,0.07717739,1.2390959,0.0,0.5146372,0.40839654,0.0,0.22919393,0.39258704,0.0,0.0,0.0,0.2338574,0.0,0.0,0.0,0.0,0.0,0.6157511,0.0,0.51312023,0.0,1.4929236,0.5181042,0.0,0.0,0.038378913,1.2197214,0.0,0.0,1.3881915,0.0,0.0,0.11062011,0.0,0.16708387,0.0,0.2758392,1.238385,0.52678436,0.0,1.386142,0.0,0.04464081,0.29156402,1.5153258,0.0,0.14111522,0.0,1.0
0.0,0.26519096,0.39595827,0.0,0.0,0.0,0.0,0.0,0.7089019,0.09255559,0.47345144,0.0,0.0,0.0,0.0,1.3948082,0.2668379,2.4814174,0.48010156,1.7905109,0.0,0.0,0.0,0.3590584,1.3311083,0.0,0.0,1.7663367,0.0,0.0,0.0,0.0,0.0,0.0,0.0,0.0,0.0,0.0,0.0,0.7203001,0.5940788,0.25552973,0.20738204,0.16118927,0.0,0.0,0.0,2.5292444,0.0,0.0,0.0,0.0,0.7711382,0.0,0.0,0.0,1.397369,0.078589156,0.0,0.0,0.0,0.2388915,0.33750257,0.0,0.0,0.0,0.0,0.0,0.3670086,0.1258465,1.4194918,0.0,1.5266134,0.8154349,0.0,0.23769669,0.49446273,0.0,0.6071149,0.0,0.022242097,0.0,0.73806524,1.0271673,1.8047488,0.0,0.0,2.3566175,0.0,0.9163512,0.0,0.32804018,0.46812862,1.598201,0.11966756,0.30537722,0.9055508,0.0,0.0,1.8155504,0.0,0.0,1.9458508,0.0,0.0,0.0,0.0,0.0,0.0,0.0,0.0,0.36978182,0.0,0.0,0.0,0.0,0.0,0.0,0.0,0.0,0.0,0.0,2.2555788,0.0,0.0,0.0,0.43004268,0.0,0.0
0.0,0.66479135,0.16249874,0.0,0.0,0.40375507,0.17572154,0.0,0.8755658,0.5264448,0.0,0.0,0.0,0.0,0.0,1.2566797,0.0,0.9304272,0.0,0.13095511,0.37353125,0.0,0.0,0.0,0.3350446,0.6420054,0.0,0.27942422,0.67518204,0.29641154,0.0,0.0,0.0,0.0,0.0,0.48841426,0.8364764,0.0,0.57038337,0.0,0.078514144,1.1704342,0.0,0.0,0.0,0.0,0.0,0.56173277,0.8238777,0.19943605,0.0,0.0,0.13557963,0.0,0.0,0.0,1.3399007,0.0,0.58456445,0.99046403,0.0,0.09658016,0.0,0.0,0.0,0.0,0.0,0.0,0.0,0.0,0.5623578,0.0,0.6051483,0.0,0.0,0.0,0.78562397,0.3059774,0.9302422,0.5310445,0.61629146,0.93614995,0.0,1.0982201,0.59548074,0.0,0.53820455,0.83509487,0.060160294,0.25051507,0.0,1.0144218,0.0,0.5943791,0.0,0.08518626,0.0,1.0702988,0.0,0.6488362,0.0,0.4768348,0.6676433,0.0,0.0,0.044924118,0.40510988,0.0,0.0,0.7093025,0.0,0.0,0.0,0.0,0.6589489,0.0,0.0,0.26426935,0.0,0.0,0.5300573,0.34689456,0.87248296,0.0,0.48517558,0.45755428,0.7784191,0.0,0.0
0.0,0.0,0.0,0.98265296,0.0,0.0,0.0,1.3559434,1.007406,0.0,1.7253181,0.0,0.878985,0.0,0.0,0.0,0.44392717,0.0,0.18424536,0.62786347,0.0,0.0,2.7213604,0.0,0.0,0.0,0.24357371,0.0,0.0,0.0,0.9147871,1.833055,2.522434,0.18382181,1.7493329,0.2273382,0.067957215,0.0,0.0,0.0,0.0,0.12933423,0.0115652485,0.0,1.0542631,1.3241608,0.0,0.32246125,0.100487456,0.0,0.51976854,1.4881966,0.80055434,2.3961446,0.17486188,1.2977508,0.0,1.1504489,0.0,0.01963523,0.9237877,0.0,0.991731,3.0553634,0.92679924,0.0,0.0,1.9194736,0.90497875,2.1663277,0.0,1.287288,0.0,0.4306758,0.0,0.7822994,0.0,0.24614991,1.0761827,0.2975011,0.0,0.15742417,1.0733426,0.0,0.0,0.9654611,0.6526007,0.0,0.9730298,0.69885826,0.0,1.1557549,2.391849,0.110808514,1.2095994,1.0765533,1.151714,0.0,1.0615461,0.0,0.8352391,0.0,0.0,1.6668407,0.2738204,0.07702479,0.0,1.4050076,1.3050269,0.0,1.2967186,1.2783116,0.84036565,0.6883377,0.0,0.0,0.0,0.0,0.0,2.6248982,0.0,0.0,0.5467116,0.675265,0.0,0.39308804,0.0,1.6343855,0.0
0.3140975,0.0,0.8786217,0.8696126,1.3427645,0.0,0.0,2.1213975,0.0,0.0,0.83998406,0.83688444,0.89629513,1.0828458,0.0,0.0,0.5964048,0.0,0.0,0.0,0.0,0.7367127,0.41302887,0.16240281,1.1904792,0.0,0.0,0.58161676,0.0,0.0,0.0,0.0,2.8560658,1.2542835,1.064083,0.0,0.0,0.51317227,0.0,1.4363595,0.0,0.0,0.50441724,1.7869536,0.6577767,1.2765942,0.43593654,0.0,0.0,0.0,0.0,0.40033215,0.0,0.64035773,0.0,0.6630605,0.0,0.52335024,0.0,0.0,0.37939948,0.0,0.56557363,1.7288373,0.0,0.0,0.9059808,0.8471646,1.4865973,0.5237935,0.0,0.5975364,0.0,1.4663643,0.0,1.3460273,0.0,0.0,0.0,0.0,0.0,0.0,1.5688641,0.0,0.0,0.7864633,0.0,0.0,1.8000636,0.0,1.2027552,0.0,0.68575394,0.0,2.1081302,0.0,0.0,0.0,1.1136904,0.049705576,0.0,0.0,0.0,0.0,0.0,0.0,0.0,1.4630626,0.0,0.0,1.0440335,2.8885396,0.49484426,0.0,0.0,0.0,0.0,0.0,0.60135937,0.042834777,0.0,0.0,0.0,0.5196002,0.0,0.0,0.0,0.0,0.0
0.40603384,0.7570674,0.047562182,0.1849476,0.0,0.9735646,0.31432128,0.3163925,0.4088958,0.2042503,0.0,0.0,0.0,0.08254957,0.0,0.0,0.0,0.0,0.2320624,0.0,0.8004418,0.25706938,0.18385851,0.0,0.0,0.8026587,0.53691554,0.0,0.8480399,0.80125403,0.72888744,0.7924115,0.0,0.0,0.0,0.72597796,0.78217936,0.0,0.28356034,0.0,0.0,0.696566,0.0,0.0,0.39442727,0.41710776,0.4295031,0.0,0.98656857,0.5973257,0.37444803,1.1859972,0.26387754,0.25420383,0.3468309,0.48969737,0.0,0.0,0.44660294,0.62406653,0.353004,0.0,0.0,0.8622417,0.82588506,0.0,0.20756884,1.1470082,0.0,0.0,0.19416672,1.075706,0.36902502,0.0,0.8754653,0.0,0.7487802,0.3895395,0.27070513,0.9298849,0.9255539,0.2392103,0.0,0.0,0.0,0.12738208,1.1061255,0.0,1.1205283,0.18853779,0.0017170085,0.742694,0.0,0.26199758,0.0,0.5820111,0.0,0.518036,0.27999467,0.0,0.7267897,0.7718406,0.0,0.9643294,0.25750238,0.3405551,0.78601503,0.7008391,0.89263856,0.8823856,0.8666589,0.0,0.06987608,0.06564736,0.8464604,0.55026674,0.4451237,0.7845749,0.0,0.6550062,0.8272653,0.37568453,0.0,0.0,0.54270244,0.897043,0.78408307,0.34782335,0.0
0.15638253,0.0,0.37501526,0.0,0.7542737,0.0,0.0,0.35763973,0.0,0.0,0.0,1.0227089,0.0,0.7237381,0.8993214,0.1785555,0.0,0.0,0.0,0.0,0.0,0.64829224,0.0,0.010532772,0.0,0.0,0.0,0.26668644,0.0,0.0,0.0,0.0,0.0,0.87642664,0.21706781,0.12815969,0.039898265,1.1995751,0.21481664,0.0,0.5773498,0.0,0.41683862,0.43869427,0.3660416,0.20637967,1.684692,0.0,0.06389961,0.44306967,0.0,0.41202787,0.0,0.0,0.0,0.0,0.0,0.0,0.46168405,0.013371694,0.0,0.5268796,0.0,0.0,0.0,0.8313167,0.57864237,0.14729844,0.09533664,0.0,0.0,0.12800425,0.0,0.0,0.0,0.5546349,0.0,0.0824821,0.0,0.17810036,0.05665447,0.21365188,0.0,0.15027544,0.0,0.0,0.0,0.0,0.0,0.0,0.5780744,0.0,0.0,0.0,0.0,0.0,0.0,0.0,0.75317085,0.0979858,0.0,0.02796306,0.0,0.0,0.0,0.0,0.0,0.0,0.0,0.2491053,0.0040254397,0.0,0.31137136,0.0,0.01767392,0.20481747,1.8576572,0.8023919,1.0696286,0.0,0.0,0.0,0.0,0.6075974,0.24397156,0.0,0.0,0.0,2.0
0.0,0.0,0.0,2.149584,0.0,0.0,0.0,0.0,0.0,0.0,0.15874563,0.0,2.4118176,0.0,0.0,0.0,1.8749902,0.0,0.95600307,0.0,0.0,0.0,0.11313664,1.2516966,0.0,0.0,1.8072631,0.0,0.0,0.0,1.5086594,1.6475179,0.0,0.50151515,0.77376914,0.0,0.0,0.0,0.0,0.21771419,0.0,0.0,0.6678511,0.0,0.67515033,0.66743684,1.903588,0.0,0.0,0.132093,0.21631923,0.0,1.2886779,0.3010932,1.9097649,1.4985226,0.0,1.9185318,0.0,0.0,2.2365086,0.0,1.5795616,0.0,1.1166667,0.0,0.0,0.0,1.5372654,0.044287845,1.1829071,0.16267519,0.008050957,1.419071,1.4889419,1.3802375,0.0,0.0,0.0,0.0,0.0,0.0,1.4035197,0.0,0.0,2.3986535,0.4523311,0.13407727,0.0,2.0812507,0.0,0.01673595,0.0,0.28252956,0.0,1.6996871,1.1796046,0.0,0.8731907,0.0,2.0825903,0.0,0.0,2.0572824,1.6741171,1.9039055,0.0,0.7135557,1.186079,0.0,0.14472722,0.0,0.46738496,2.4062474,0.0,1.8580209,0.0,0.0,0.0,0.0,0.0,0.9054247,0.0,0.0,0.0,0.11930605,0.0,2.004913,1.0
0.0,0.0,0.0,2.3584118,0.0,0.0,0.0,0.0,0.86750555,0.0,0.23456211,0.0,2.0425255,0.0,0.0,0.0,1.9626559,0.19448008,0.9921462,0.9479704,0.0,0.0,0.08721326,0.96428895,0.0,0.0,1.6787128,0.0,0.0,0.0,1.5949558,1.2861081,0.0,0.76120955,0.54227227,0.0,0.0,0.0,0.07831099,0.0,0.0,0.04454272,0.50301623,0.0,0.0,0.13006487,0.60619974,0.21725357,0.0,0.0,0.0,0.0,1.7704924,0.19861211,1.7833889,1.5122772,0.0,2.1556845,0.0,0.0,1.9829097,0.0,1.8768635,0.0,1.0363083,0.0,0.0,0.0,1.8506268,0.2759319,1.3321579,0.0,0.8112717,1.8654537,0.0,1.6923771,0.0,0.0,0.0,0.10991917,0.0,0.0,1.8879424,0.0,0.0,2.3696048,0.6587472,0.0714587,0.0,2.5701404,0.0,0.84866756,0.08783739,1.146925,0.0,2.1566622,1.9614688,0.0,1.1595019,0.0,1.9913756,0.0,0.0,1.6104736,1.5539474,1.8210552,0.0,0.39648798,1.1065955,0.0,0.0,0.0,0.0,2.3212805,0.0,1.6569017,0.0,0.0,0.0,0.0,0.0,1.151296,0.0,0.0,0.0,0.22261527,0.0,1.8857836,1.0
0.10641469,0.0,0.15152048,0.0,0.0,0.0,0.0,0.53636765,0.0,0.0,0.120430924,0.07102162,0.0,0.0,0.0,0.54562175,0.0,0.29330182,0.0,0.14983158,0.0,0.58019704,0.0,0.6071494,1.508453,0.0,0.0,0.9677627,0.0,0.0,0.0,0.0,0.0,0.9999993,0.0,0.0,0.0,0.37779477,0.0,1.5143183,0.0,0.0,0.56189084,0.88426906,0.42900595,0.0,0.0,0.0,0.0,0.5080991,0.0,0.0,0.0,0.0,0.0,0.0,0.28258994,0.05291618,0.0,0.0,0.0,0.17165928,0.0,0.0,0.45894405,0.0,0.40725672,0.0,0.10218266,0.0,0.0,0.14058559,0.0,0.5670801,0.0,0.4511847,0.0,0.3058732,0.092153706,0.0,0.0,0.0,0.062804006,0.30235404,0.0,0.0,0.0,0.0,0.0,0.0,0.3928988,0.0,0.0,0.0,0.49627903,0.0,0.029469522,0.0,0.0,1.1516634,0.0,0.0,0.84779274,0.0,0.0,0.0,0.0,0.030623117,0.0,0.0,0.06919662,0.54704905,0.8214294,0.0,0.0,0.0,0.0,0.0,0.20756286,0.0,0.0,0.0,0.0,0.8730743,0.6704258,0.0,0.0,0.0,0.0
0.0,0.0,0.0,0.0,0.0,1.3501939,1.2077957,0.0,0.66091406,0.0,0.0,0.0,0.0,0.0,0.3245466,0.5144924,0.0,0.8129094,0.0,0.0,1.3516613,0.0,0.0,0.0,0.1958323,0.18474208,0.0,0.09950886,0.18288405,1.1867858,0.0,0.0,0.0,0.0,0.0,0.0,0.29514828,0.21146442,0.0,0.0,0.0,0.8575404,0.0,0.0,0.044947356,0.0,0.4043249,0.24726586,0.09314637,0.0,0.3431369,0.0,0.10364319,0.0,0.049340535,0.0,0.5178021,0.0,1.2382694,0.366953,0.0,0.69422656,0.0,0.0,0.0,0.0,0.0,0.0,0.0,0.0,0.0,0.0,0.0,0.0,0.9080929,0.0,0.0,1.329986,0.2716235,0.0,0.0,1.2237896,0.0,0.45716912,0.6317683,0.0,0.4175635,0.9116078,0.0,0.048558574,0.0,0.46971676,0.0,0.0,0.0,0.0,0.0,0.55196303,0.0,0.46522847,0.0,1.4304013,0.6112756,0.0,0.2277876,0.3721114,1.192822,0.0,0.0,1.2534677,0.0,0.0,0.07377938,0.0,0.027810127,0.10553975,0.0,1.116089,0.21990657,0.0,1.3631256,0.0,0.45462072,0.24100402,1.2949445,0.0,0.085410826,0.17219837,2.0
0.14300206,0.0,0.2197728,0.0,0.0,0.0,0.0,0.38779327,0.0,0.0,0.0,0.10461123,0.0,0.0,0.0017061761,0.7012445,0.0,0.19241114,0.0,0.0,0.0,0.57930404,0.0,0.4523815,1.3472103,0.0,0.0,1.0116857,0.0,0.0,0.0,0.0,0.0,0.83027214,0.0,0.0,0.0,0.5026662,0.0,1.2513509,0.047386393,0.0,0.40766305,0.7897727,0.2575511,0.0,0.0,0.0,0.0,0.40771177,0.0,0.0,0.0,0.0,0.0,0.0,0.4029734,0.0,0.0,0.0,0.0,0.33310235,0.0,0.0,0.50990194,0.0,0.38378718,0.0,0.0,0.0,0.0,0.19041605,0.0,0.38897824,0.0,0.24149865,0.0,0.32930142,0.15993989,0.0,0.0,0.008259557,0.0,0.40832424,0.0,0.0,0.0,0.0,0.0,0.0,0.36708105,0.0,0.0,0.0,0.30935425,0.0,0.0,0.0,0.0,1.1678516,0.0,0.0,0.77040863,0.0,0.0,0.0,0.0,0.07593478,0.0,0.0,0.14235154,0.41211957,0.6388268,0.0,0.0,0.0,0.0,0.0,0.33468437,0.0,0.0,0.0,0.0,0.7280409,0.71931463,0.0,0.0,0.0,0.0
0.6692801,0.0,0.76259303,0.0,0.56422156,0.0,0.0,1.3516595,0.0,0.0,1.1629639,0.6967248,0.0,0.5286282,0.0,0.0,0.6409153,0.0,0.0,0.11540182,0.0,0.647681,1.0675683,0.7870382,0.67062366,0.0,0.0,0.29143193,0.0,0.0,0.0,0.0036216408,0.48165283,1.3979573,0.0,0.0,0.0,0.2841458,0.0,1.1274989,0.7193062,0.0,1.7019644,1.1748208,1.6851116,0.0,0.036712296,0.0,0.0,0.6149485,0.0,0.0,0.0,1.0263274,0.0,0.56721795,0.0,0.118513234,0.0,0.0,0.0,0.0,0.016356148,0.49984646,0.0,0.67592454,0.6702136,0.0,0.36664054,0.69519776,0.0,0.17179047,0.0,0.4305196,0.0,0.88769233,0.0,0.0,0.1829497,0.0,0.0,0.0,0.11204679,0.0,0.0,0.0,0.0,0.0,0.0,0.0,0.6939335,0.0,1.186632,0.0,1.3532038,0.0,0.40399316,0.0,0.3995352,0.0,0.0,0.0,0.17738985,0.0,0.0,0.0,0.0,0.11718774,0.0,0.0,0.17784946,0.6350339,1.751953,0.0,0.0,0.0,0.4447603,0.0,0.27143106,0.9513821,0.0,0.0,0.0,1.7337633,0.0,0.0,0.0,0.0,0.0
0.48031193,0.0,0.45154658,0.0,0.573886,0.0,0.0,0.4885822,0.0,0.0,0.0,1.0851513,0.0,0.5734894,1.6222407,0.0,0.099005535,0.0,0.0,0.0,0.0,0.28840604,0.0,0.48164052,0.0,0.0,0.0,0.16028675,0.0,0.0,0.0,0.0,0.0,0.8809056,1.1931659,0.3850609,0.0,1.9473399,0.025238317,0.0,1.1200023,0.0,0.12488005,0.69531626,0.27321544,0.61692405,2.3860586,0.0,0.0,0.4148938,0.0,0.5984529,0.0,0.0,0.0,0.30206788,0.0,0.0,0.7918397,0.0,0.0,0.89967614,0.0,0.0,0.0,1.2514617,0.20277157,0.30807677,0.0,0.0,0.0,0.12690808,0.0,0.0,0.47728896,0.76452893,0.0,0.0,0.0,0.60764545,0.0,0.0,0.0,0.0,0.0,0.0,0.68661535,0.0,0.05517165,0.0,0.25596693,0.0,0.0,0.0,0.0,0.0,0.0,0.0,1.595413,0.0,0.0,0.0,0.0,0.0,0.0,0.0,0.0,0.0,0.0,0.0,0.044519432,0.0,0.0073347497,0.0,0.0,0.6542089,1.9958166,1.3118721,1.901262,0.0,0.0,0.0,0.0,0.41490337,0.0,0.033708584,0.0,0.0,1.0
0.22245249,0.0,0.24738242,0.0,0.0,0.52089375,0.4728265,0.0,0.0,0.0,0.0,0.0,0.0,0.0,0.92662555,0.2189579,0.0,0.53778964,0.0,0.0,0.4482094,0.0,0.0,0.24707577,1.0211805,0.0,0.0,1.176593,0.0,0.8054905,0.0,0.0,0.0,0.0,0.0,0.0,0.0,1.1521039,0.0,0.7263578,0.32155663,0.20940438,0.0,0.70445675,0.0,0.0,0.0,0.0,0.0,0.0,0.11004886,0.0,0.0,0.0,0.0,0.0,0.20605546,0.0,0.2951609,0.0,0.0,1.256058,0.0,0.0,0.047510777,0.0,0.0,0.0,0.0,0.0,0.0,0.0,0.0,0.0,0.0,0.0,0.0,0.45903495,0.0,0.0,0.0,0.0,0.0,0.0,1.1038158,0.0,0.0,0.25678667,0.0,0.0,0.0,0.0,0.0,0.0,0.0,0.0,0.0,0.0,0.0,1.3535748,0.0,0.29950908,1.1914926,0.0,0.0,0.0,1.1511116,0.0,0.0,0.0,0.0,0.0,0.2755871,0.0,0.0,0.0,0.0,0.915401,1.0925362,0.0,0.59948784,0.0,0.0,0.41856354,0.9230826,0.0,0.0,0.0,2.0
0.33476123,0.0,0.3986745,0.0,0.1833897,0.0,0.0,1.7154276,0.0,0.0,1.2045914,0.16646658,0.0,0.03976014,0.0,0.0,0.6116856,0.0,0.0,0.0,0.0,0.0,1.6623417,0.16159132,0.55587804,0.0,0.0,0.0,0.0,0.0,0.0,0.64764744,1.1946217,1.2640283,0.34512058,0.0,0.0,0.3194016,0.0,0.6516377,0.13183835,0.0,1.4258755,0.86080456,1.4752632,0.4313075,0.20832817,0.0,0.0,0.0,0.0,0.56622976,0.0,1.3904147,0.0,0.6966351,0.0,0.13080588,0.0,0.0,0.0,0.0,0.064029485,1.7259228,0.0,0.17139788,0.073397934,0.7586798,0.28438297,1.222354,0.0,0.6486586,0.0,0.27830896,0.0,0.75493085,0.0,0.24086274,0.35836256,0.0,0.0,0.22820021,0.18120588,0.07146841,0.0,0.0,0.0,0.0,0.16058134,0.0,0.114178084,0.0,1.5284864,0.0,1.4776021,0.0,0.29990208,0.0,1.1478419,0.0,0.0,0.0,0.0,0.0,0.02744164,0.0,0.0,0.6982592,0.0,0.0,0.50396156,0.81185997,1.5054293,0.0,0.0,0.0,0.05788032,0.0,0.16679654,1.2523434,0.0,0.0,0.0,1.6819469,0.23409285,0.0,0.0,0.36216617,0.0
0.3275115,0.0,0.33529678,0.0,0.0,1.0443934,0.9448826,0.0,0.32706535,0.0,0.0,0.0,0.0,0.0,0.87925637,0.1788874,0.0,0.09715986,0.0,0.0,1.0225812,0.0,0.0,0.07692947,0.46760768,0.0,0.0,0.57890904,0.5341476,1.285063,0.02044409,0.0,0.0,0.0,0.0,0.0,0.0,1.1211855,0.0,0.07326878,0.27895024,0.6258477,0.0,0.022661315,0.0,0.0,0.0,0.0,0.0,0.0,0.2936412,0.041413102,0.0,0.0,0.0,0.0,0.17013593,0.0,0.67805696,0.0,0.0,1.2532797,0.0,0.0,0.4711731,0.0,0.0,0.0,0.0,0.0,0.0,0.0,0.0,0.0,0.61387473,0.0,0.17446265,0.75692755,0.0,0.0,0.121716015,0.100249305,0.0,0.0,0.98178595,0.0,0.0,0.0,0.0,0.0,0.0,0.0,0.0,0.0,0.0,0.0,0.0,0.0,0.0,0.9801479,0.0,0.8806904,0.72329605,0.0,0.0,0.12756462,1.4958806,0.0,0.0,0.4499642,0.0,0.0,0.0,0.0,0.0,0.21673305,0.0,1.1847367,1.0051001,0.0,1.1177472,0.0,0.0,0.16787237,1.1603627,0.0,0.30341616,0.0,1.0
1.3742727,0.6275311,1.3949518,0.0,0.0,1.020708,0.44709018,0.0,0.18621813,0.0,0.0,0.0,0.0,0.0,1.2900727,0.0,0.0,0.0,0.0,0.0,0.6110999,0.0,0.0,0.8786263,0.0,0.46661022,0.4278786,0.3700018,1.3959801,1.2722023,0.7203712,0.58715224,0.0,0.0,0.0,0.0,0.0,1.1667697,0.0,0.0,1.3420994,0.3836273,0.0,0.23459473,0.0,0.10606837,0.0,0.0,0.0,0.0,0.7434527,1.1205716,0.0,0.0,0.32402796,0.0,0.0,0.0,0.16497089,0.0,0.0,1.3359405,0.0,0.0,1.4045421,0.33569682,0.0,0.44488546,0.0,0.0,0.0,0.98850816,0.49268508,0.0,0.60190743,0.0,1.1186084,0.0,0.0,0.0,0.71977866,0.0,0.0,0.0,0.9952084,0.0,0.0,0.0,0.0,0.0,0.029073654,0.0057969294,0.0,0.24858712,0.0,0.0,0.0,0.0,0.0,0.29297945,0.70391744,0.34936416,0.13462056,0.54903525,0.041933447,0.3054004,1.569484,1.0908116,1.094613,0.0,1.1065464,0.0,0.0,0.0,0.05269811,0.36391643,0.20611197,1.3331181,1.025067,0.07970276,0.8547901,0.0,0.0,0.0,0.32407048,0.0,0.99823517,0.0,0.0
0.0,0.0,0.0,0.0,0.19611579,0.0,0.0,0.0,0.0,0.0,0.0,0.23114748,0.0,0.185815,0.2130312,0.17269185,0.0,0.59673196,0.0,0.3462958,0.0,0.21965803,0.0,0.0,0.5307949,0.0,0.0,0.8614141,0.0,0.0,0.0,0.0,0.0,0.59347135,0.0,0.0,0.0,0.40322503,0.0,0.29337963,0.0,0.0,0.9785376,0.6941274,0.5148727,0.0,0.24236606,0.0,0.0,0.0031722547,0.0,0.0,0.0,0.0,0.0,0.0,0.14432958,0.0,0.07121645,0.0,0.0,0.40199268,0.0,0.0,0.0,0.6187814,0.21759787,0.0,0.0,0.0,0.0,0.0,0.0,0.15804102,0.0,0.1942382,0.0,0.17465988,0.0,0.0,0.0,0.09935174,0.0,0.050483614,0.2594771,0.0,0.0,0.34342846,0.0,0.0,0.17919125,0.0,0.0,0.0,0.27101186,0.0,0.19116122,0.0,0.0,0.7883659,0.0,0.0,0.59109724,0.0,0.0,0.0,0.0,0.0,0.0,0.0,0.0,0.0,0.67760336,0.0,0.0,0.0,0.3884731,0.24291454,0.500494,0.0,0.0,0.0,0.0,0.7988492,0.1277155,0.0,0.0,0.0,0.0
0.0,0.0,0.0,1.0730413,0.0,0.0,0.0,0.0,1.0350834,0.0,0.0,0.0,0.87436885,0.0,0.0,0.0,1.0459262,0.8383679,1.1517261,1.6248358,0.0,0.0,0.094123974,0.10881493,0.0,0.0,0.30596563,0.0,0.0,0.0,0.35543233,0.0,0.0,0.0,0.0,0.0,0.0,0.0,0.0,0.0,0.0,0.2776795,0.15798658,0.0,0.012029129,0.0,0.0,0.92404413,0.0,0.0,0.21178368,0.0,1.2226245,0.0,0.39723763,0.5464538,0.0,0.9011343,0.0,0.0,0.6972228,0.0,0.9828322,0.0,0.0,0.0,0.0,0.0,0.62824816,0.3759988,0.6507921,0.0,0.5739225,0.5568413,0.0,0.43039265,0.0,0.0,0.0,0.0,0.0,0.0,0.7798587,0.0,0.41457227,1.2934116,0.0,0.66313696,0.0,1.9009609,0.0,0.6569464,0.020335414,0.80348164,0.0,0.9614494,1.1698534,0.0,0.37443277,0.0,0.64432645,0.0,0.0,0.27616185,0.38324082,0.62089396,0.0,0.0,0.24589501,0.0,0.0,0.0,0.0,1.573324,0.0,0.38348305,0.0,0.0,0.0,0.0,0.0,0.0,0.8716951,0.0,0.0,0.0,0.08232386,1.2515101,2.0
1.1624019,0.0,1.3886201,0.99888676,1.5107363,0.0,0.0,3.4602976,0.0,0.0,2.5628088,0.7409927,1.217184,1.2561457,0.0,0.0,2.1172988,0.0,0.0,0.0,0.0,1.151591,2.2552671,1.2522691,1.8396474,0.0,0.0,0.0,0.0,0.0,0.0,0.3378448,3.8914878,1.3772776,1.154596,0.0,0.0,0.0,0.0,2.7110345,0.0,0.0,1.5060306,1.9604254,2.2330945,1.3984681,0.0,0.0,0.0,0.12800871,0.0,0.48760793,0.0,2.5250845,0.0,2.1249883,0.0,0.8643734,0.0,0.0,0.45043185,0.0,0.91783625,2.5303273,0.0,0.0,1.3477315,0.97335976,1.6707819,1.8685756,0.0,0.7631886,0.0,1.7042433,0.0,1.6169301,0.0,0.0,0.0,0.0,0.0,0.0,1.8673358,0.0,0.0,0.95882493,0.0,0.0,1.6125864,0.0,1.5133913,0.0,2.391178,0.0,3.7426813,0.0,0.3753792,0.0,0.70632786,0.0,0.0,0.0,0.0,0.0,0.0,0.0,0.0,1.8030016,0.0,0.0,1.2723091,3.6625702,2.0940504,0.0,0.0,0.0,0.0,0.0,0.0,1.4236332,0.0,0.0,0.0,1.7044356,0.0,0.0,0.0,0.88872004,0.0
0.0,0.0,0.0,2.122239,0.0,0.0,0.0,0.0,0.5863187,0.0,1.1882612,0.0,2.2474115,0.0,0.0,0.0,2.0877848,1.1876345,1.621209,2.8209457,0.0,0.0,1.119244,0.98908824,0.0,0.0,1.1515244,0.0,0.0,0.0,1.185739,0.77074987,0.0,1.2692183,0.17837647,0.0,0.0,0.0,0.0,0.34453055,0.0,0.0,1.8236793,0.0,0.6215854,0.0,0.0,1.8802377,0.0,0.0,0.0,0.0,2.5735307,0.60382915,1.4017713,0.74925095,0.0,2.4782412,0.0,0.0,1.3988583,0.0,2.5245867,0.0,0.2647718,0.0,0.0,0.0,2.2076414,1.709823,0.5922466,0.0,0.56382656,2.2475834,0.0,1.9418703,0.0,0.0,0.0,0.0,0.0,0.0,2.3969793,0.0,0.38290212,2.2992053,0.0,1.2137378,0.0,3.11634,0.0,0.0,1.2009205,1.0466963,0.0,1.9721473,3.02301,0.0,0.7556745,0.0,1.4448743,0.0,0.0,0.75688064,1.6252251,1.5465914,0.0,0.0,0.8134873,0.0,0.0,0.0,0.45697936,2.4288037,0.0,0.9309423,0.0,0.0,0.0,0.0,0.0,0.0,1.1658028,0.17941481,0.0,0.0,0.0,1.3454912,1.0
0.0,0.0,0.0,0.77385545,0.0,0.0,0.0,0.0,0.4180123,0.0,0.8611889,0.0,0.74366593,0.0,0.0,0.0,1.1750426,1.2025249,0.9500634,1.6577759,0.0,0.0,0.0,0.7514302,0.36557344,0.0,0.0,0.64685357,0.0,0.0,0.0,0.0,0.061774585,0.028318528,0.0,0.0,0.0,0.0,0.0,0.81194615,0.0,0.0,0.5603575,0.44749323,0.0,0.0,0.0,1.6023552,0.0,0.0,0.39453864,0.0,0.84757155,0.0,0.0,0.14143708,0.0,0.9644288,0.0,0.0,0.0,0.0,1.1589906,0.0,0.0,0.27260217,0.0,0.0,1.0426948,0.7309445,1.0732079,0.0,1.0337644,1.2093712,0.0,0.876685,0.0,0.0,0.0,0.0,0.0,0.0,1.2760111,0.0,0.9510211,0.9651008,0.0,0.795151,0.0,1.2786347,0.0,0.0,0.6470945,1.2799293,0.31085163,0.5591724,1.5280077,0.0,0.0,0.63088095,0.07580801,0.0,0.56550705,0.0,0.0,0.0,0.0,0.0,0.0,0.0,0.0,0.7207678,0.0,1.0653903,0.0,0.0,0.0,0.0,0.0,0.0,0.0,0.0,1.3944951,0.0,0.0,0.0,0.0,0.24715607,0.0
0.0,0.0,0.0,0.0,1.6503454,0.88513213,2.4667509,0.48257706,0.0,0.12805136,0.8873061,1.4278404,0.0,1.4983615,1.5510674,0.0,0.43017682,0.6767448,0.0,0.0,0.1364277,1.6658925,0.0,0.0,1.147211,0.0,0.0,1.6477978,0.0,0.2658291,0.0,0.0,0.7694994,0.07770784,0.2507103,0.0,0.0,1.9619606,0.0,1.1217868,0.0,0.0,0.3847495,2.0357077,0.0,0.109539054,0.7623628,0.7150143,0.0,0.0,0.48514265,0.0,0.0,0.0,0.0,0.0,0.2035724,0.0,0.0,0.0,0.0,0.77713597,0.0,0.0,0.0,0.95449644,1.2260019,0.0,0.0755664,0.0,0.0,0.0,0.0,0.07220836,1.1897857,0.0,0.0,0.0,0.0,0.0,0.0,0.05585266,0.0,0.0,0.62062025,0.0,0.0,0.9132585,0.51479334,0.0,0.09297639,0.0,0.0,0.0,1.2192882,0.0,0.0,0.0,0.0,1.3737997,0.0,0.33665663,1.2868035,0.0,0.0,0.0,0.5201269,0.0,0.0,0.0,0.0,1.5029031,0.0,0.0,0.0,0.0,1.2714578,0.7373889,2.5046668,0.0,0.15531422,0.0,0.77442926,0.18662472,0.0,0.0,0.0,0.0,0.0
0.0,0.0,0.0,0.0,0.47829288,0.0,0.592799,1.1489818,0.0,0.0,2.5323877,0.2865984,0.0,0.0,2.0331118,0.0,1.3014811,0.0,0.83402157,0.0,0.0,0.0,0.1979575,0.03600359,0.7382826,0.0,0.0,2.7394893,0.2766061,0.0,0.0,0.0,2.478189,0.0,1.8515239,0.0,0.0,3.4593828,0.0,1.5538805,0.0,0.0,0.0,4.1634245,0.0,0.9474748,1.3517573,1.4260188,0.0,0.0,1.7133636,0.0,0.0,0.38234538,0.0,0.0,0.0,0.0,0.20534615,0.0,0.0,1.5969971,0.0,0.0,0.0,2.8575072,0.0,0.0,0.0,1.961562,0.0,0.0,0.0,0.0,1.0680391,0.17705835,0.0,0.0,0.0,0.0,0.0,0.0,0.0,0.0,0.0,0.5512931,0.0,0.0,0.0,0.0,0.0,0.0,1.2712576,0.034092303,1.9567697,0.0,0.0,0.0,2.4941733,1.1253297,0.0,0.0,1.4931786,0.0,0.0,0.0,0.34197256,0.0,0.0,0.0,0.0,3.7449884,0.0,0.4979397,0.0,0.0,0.14109722,0.9553638,3.6811836,0.0,0.0,0.3489423,1.0710704,0.0,0.0,0.0,0.0,0.16443147,2.0
0.58952916,0.86886895,0.67395407,0.0,0.65912443,0.0,0.0,1.0660272,0.07940162,0.49030462,0.0,0.62376255,0.0,0.55730414,0.0,0.80552447,0.0,0.0,0.0,0.0,0.0,0.7723736,0.8270842,0.0,0.0,0.55031645,0.03422197,0.0,0.2145725,0.0,0.2789132,0.8378474,0.6361301,0.23684902,0.16585429,0.90293145,1.4320061,0.0,0.6595075,0.0,0.30300188,0.6215782,0.0,0.0,0.7480703,0.69852084,0.0,0.0,1.4982721,0.78544366,0.0,1.5766138,0.0,0.5959608,0.1005448,0.41164428,0.25199655,0.092938006,0.0,0.94454867,0.08945324,0.0,0.0,2.066387,0.6709417,0.0,0.9053204,1.6374402,0.020863837,0.19841185,0.0,1.3920395,0.0,0.022495419,0.0,0.16350955,0.77196014,0.99043906,1.6022474,0.86873597,1.0395373,1.2980564,0.1285709,1.0830181,0.0,0.0,0.81577384,0.0,0.7588358,0.0,0.9698157,0.3861711,0.13680951,0.0,0.5359966,0.47292462,0.117952846,1.0616165,0.0,0.0,0.0,0.34632093,0.0,0.58021474,0.26172912,0.1242904,0.0,1.1337858,0.40294862,0.9542392,1.2361091,0.0,0.4122647,0.0,1.0747392,0.0,1.068172,0.0,0.0,1.4498079,0.0,0.0,0.0,0.32121155,1.0041859,1.0944177,0.5317693,0.0,1.0
1.6161245,2.36816,1.9517595,0.0,1.6101118,0.0,0.0,0.7435593,0.0,0.9639555,0.0,1.7372069,0.093165174,1.3896985,0.1069031,0.638159,0.0,0.0,0.0,0.7766204,0.0,1.75316,0.0,0.3895204,0.0,0.5741972,0.7952294,0.0,0.091276474,0.0,0.37695038,0.63878524,0.0,0.12429925,0.0,0.80930275,1.8605717,0.0,1.3702846,0.0,1.9360768,0.6167233,0.53401595,0.0,1.6174121,0.31081134,0.0,0.0,1.7040616,1.8503962,0.0,1.869238,0.0,0.0,0.8426509,0.44868407,0.0,0.4715414,0.0,0.39208183,0.0,0.0,0.32549497,1.4204823,0.9876627,0.5570222,1.9738946,1.5446153,0.0,0.0,0.0,1.1915879,0.0,0.27242625,0.0,0.6463964,1.7171438,1.1031331,1.2783244,0.6618415,2.0254734,0.97308177,0.15041974,0.5625028,0.19035953,0.0,0.8128782,0.0,0.0,0.0,2.3555913,0.0,0.0,0.0,0.0,0.6520482,0.8024876,0.42469206,0.0,0.0,0.0,0.0,0.0,0.22804374,0.849247,0.6231667,0.0,0.7829803,0.36418933,0.8503636,0.7459982,0.0,0.9649041,0.0,1.5820948,1.0680888,2.541761,0.0,0.0,1.216812,0.0,0.0,0.0,0.7572583,1.1474066,1.7441384,1.173871,0.0,1.0
0.0,0.0,0.0,0.0,0.0,0.23719256,0.25791755,0.7102864,0.0,0.0,0.53035235,0.0,0.05094562,0.0,0.0,0.0,0.0,0.0,0.010344527,0.10590951,0.38250732,0.0,0.92352384,0.0,0.17895187,0.0,0.0,0.0,0.0,0.17033353,0.0,0.6074579,0.39802745,0.4133847,0.0,0.0,0.0,0.17744733,0.0,0.0,0.0,0.0,0.7135212,0.0,1.0057677,0.17809345,0.8991624,0.0,0.0,0.0,0.05694096,0.30705172,0.013036932,0.66416377,0.0,0.0,0.0,0.09767861,0.11359647,0.0,0.023037046,0.0,0.016657826,0.9626915,0.0,0.0,0.0,0.4448546,0.0,0.91853386,0.0,0.19674537,0.0,0.0,0.43864146,0.024135185,0.0,1.10816,0.0,0.0,0.0,0.79392457,0.0,0.048419263,0.0,0.29518312,0.0,0.0,0.0,0.26201475,0.0,0.0,0.7529855,0.0,0.4961517,0.0,0.051393177,0.0,1.1447791,0.0,0.0,0.5544342,0.0,0.4635482,0.19605845,0.0,0.01873305,0.15558977,0.20469691,0.6319918,0.06267947,0.0,0.92561376,0.32393226,0.0,0.0,0.0,0.01569623,0.0,0.68197703,0.23965843,0.0,0.0,1.0692405,0.879501,0.0,0.0,0.4860847,0.0
0.0,0.0,0.0,0.17408729,0.0,0.028569415,0.13767536,0.98267376,0.0,0.0,0.279236,0.0,0.23719901,0.0,0.0,0.0,0.0,0.0,0.0,0.0,0.20952561,0.0,0.71522623,0.0,0.07327538,0.0,0.0,0.0,0.0,0.0,0.0,0.7095625,0.6231811,0.52954555,0.25972724,0.0,0.0,0.2519004,0.0,0.0,0.0,0.0,0.52910775,0.0,0.8424834,0.54141974,1.1088266,0.0,0.0,0.0,0.0,0.7482307,0.0,0.52940476,0.0,0.09163986,0.0,0.20642127,0.0,0.0,0.26850426,0.0,0.12582305,1.3144747,0.0,0.0,0.0,0.8313984,0.19771133,0.63164455,0.0,0.57273865,0.0,0.054496773,0.46840885,0.24355693,0.0,0.9375018,0.0,0.0,0.0,0.7309013,0.037106607,0.13230324,0.0,0.4751033,0.0,0.0,0.3061622,0.2176777,0.0,0.0,0.51300156,0.0,0.5330501,0.0,0.069408104,0.0,1.338877,0.0,0.21183354,0.43035984,0.0,0.52488244,0.0,0.0,0.0,0.60115296,0.30200705,0.6764535,0.48130083,0.11130596,0.7503251,0.38912216,0.0,0.0,0.19979922,0.0,0.0,0.5938383,0.054058768,0.0,0.0,0.909418,0.7565012,0.0,0.0,0.3372981,2.0
1.1365957,0.3839353,1.1839871,1.8301291,0.6531109,0.0,0.0,0.0,0.0,0.0,2.3561683,0.70299166,2.8245203,0.42377198,0.45696017,0.0,0.0,0.0,2.3375287,1.3962913,0.0,0.32908082,2.4918911,1.6077346,0.0,0.0,2.4836895,0.0,0.39200774,0.0,2.7436478,2.6882002,0.9495598,0.0,1.8426281,0.0,0.0,0.0,0.0,0.6157995,1.9248363,0.0,1.6304187,0.09118243,1.682846,1.8637465,0.0,2.2277503,0.0,0.0,2.2121742,1.3852034,3.330715,1.5765585,2.4793527,0.0,0.0,2.5150197,0.0,0.0,1.6144762,0.04435235,2.2817361,1.3993856,2.20285,1.2571076,0.072521605,1.4244043,1.271221,2.8018446,0.49269545,0.9611848,1.2234396,1.5250447,0.0,1.2327484,0.6931091,0.0,0.0,0.0,0.0,0.0,2.251015,0.0,2.078934,1.8215199,0.0,1.5061194,0.0,1.3188783,0.25491744,0.0,1.7498175,1.3227224,0.032875843,2.2857344,2.3119144,0.0,0.0,0.0,2.1473272,0.0,0.0,2.193954,2.802113,2.4696207,0.0,1.7186052,2.9214506,0.0,1.2499826,1.1104269,0.2752467,1.6839206,0.0,1.1821475,0.0,0.0,0.0,2.803369,0.0,0.0,0.92068183,0.0,0.0,0.002435875,0.06842434,0.0,0.0
0.45264995,1.4669676,0.40402862,0.049568415,1.0810505,0.3263725,0.0,1.7131171,0.7424927,1.1242857,1.3112618,1.0392551,0.5374877,1.1435646,0.72543913,1.3189611,0.0,0.0,1.072295,0.91710645,0.06999634,1.554966,0.90123576,0.062067453,1.5017272,1.7297283,0.0,1.1460273,1.5969371,0.03179867,0.0,0.0,2.8838317,0.0,2.3770726,0.8943279,1.1159834,0.5963743,0.0,0.91006106,0.7553758,0.62481564,0.0,1.1173154,0.0,1.6042349,0.0,0.34454057,1.371208,2.3920681,1.4851235,0.6782382,0.0,1.1605101,0.0,0.0,0.88865983,0.6646064,0.08481063,0.9623105,0.074573636,0.0,0.40587324,1.7896777,0.0,1.3490443,1.3985144,0.83472025,0.19898641,0.5794714,2.2613733,0.98639697,2.1941538,0.3006223,0.15683964,0.12884848,1.0797373,0.0,0.6579987,0.74151427,3.4771638,0.7227234,0.5338514,1.2406647,0.0,0.39362147,0.0,0.0,1.9671121,0.0,1.0109274,1.0021393,1.4792516,1.8948476,1.3676194,0.0,0.0,0.8489887,0.6614911,0.0,0.0,0.0034860037,0.2273292,0.0,0.0,0.0,0.1460839,0.4366826,0.0,0.43901646,0.55484575,2.7172453,0.0,0.60094666,1.662559,0.0,1.3809414,0.21559638,0.6673622,0.8678484,0.6443142,1.3948683,0.95798117,0.0,0.8148818,0.4430733,2.1692328,0.0,0.0
0.0,0.0,0.0,0.0,0.0,1.4765089,1.3990219,0.0,0.7034844,0.0,0.32448947,0.0,0.0,0.0,0.57059616,0.0,0.39325684,1.1730562,0.7961825,0.42709467,1.5339559,0.0,0.43370184,0.0,0.17345732,0.0,0.066894285,0.15805171,0.0,1.3274962,0.0,0.0,0.0,0.0,0.0,0.0,0.0,0.4247685,0.0,0.0,0.0,0.19844936,0.6481066,0.0,0.88511753,0.0,1.0909754,0.7352283,0.0,0.0,1.1114943,0.0,0.58642757,0.23377815,0.12456552,0.0,0.0,0.0,1.2458972,0.0,0.0,0.91571087,0.0,0.0,0.0,0.0,0.0,0.0,0.0,0.86045086,0.0,0.0,0.0,0.0,1.3601855,0.0,0.0,1.6033314,0.0,0.0,0.0,0.75308144,0.0,0.0,0.9193082,0.0,0.0,1.1145715,0.0,0.3916777,0.0,0.022503382,0.37274545,0.0,0.0,0.0,0.0,0.0,0.19065991,0.35255224,0.0,1.4786816,0.7627449,0.057894915,0.4144465,0.5271098,1.4020387,0.0,0.0,0.873186,0.0,0.0,0.86846644,0.40299174,0.0,0.0,0.0,1.1976641,0.5163415,0.0,1.4707644,0.0,0.6751589,1.031641,1.2647097,0.0,0.0,1.0688134,2.0
0.0,0.0,0.0,0.03357804,0.3712944,0.0,0.0,0.7757774,0.0,0.20289092,0.0,0.4495634,0.0,0.16834518,0.30466276,1.447409,0.0,0.0,0.0,0.0,0.0,0.0,0.0,0.0,0.0,0.020404492,0.0,0.4749807,0.0,0.0,0.0,0.0,0.26775274,0.72557884,0.98819435,1.1357805,0.6724955,1.4712822,0.8304454,0.0,0.0,0.0,0.0,0.4737386,0.0,0.94701207,2.1501768,0.0,0.8429859,0.0,0.0,0.8934426,0.0,0.0,0.0,0.0,0.40644753,0.0,0.17624955,1.1330562,0.1933509,0.08092342,0.0,1.2612892,0.0,0.0,0.0,0.96715975,0.26627713,0.0,0.0,0.6510529,0.0,0.15298009,0.24107769,0.66529834,0.049213924,0.8370686,0.47042263,1.2242739,0.8045446,1.4950072,0.07475541,1.7575026,0.0,0.21691452,0.14379448,0.0,1.47866,0.0,0.017740617,0.0,0.0,0.0,0.0,0.0,0.0,0.91201955,1.8493034,0.0,0.0,0.28915444,0.0,0.0,0.0,0.0,0.0,0.69231826,0.0,1.0142283,0.40017283,0.08099779,0.0,0.095424466,0.6785705,0.0,1.274839,0.35241768,1.4063528,0.0,0.0,0.0,0.0,0.0,0.9732034,0.4718498,0.17864136,0.0,0.0
0.0,0.0,0.0,0.37274408,0.0,0.0,0.0,0.0,0.2632772,0.0,0.8366501,0.0,0.46091393,0.0,0.0,0.0,0.8054304,1.0774719,0.80258906,1.0780692,0.0,0.0,0.91474533,0.2811694,0.0,0.0,0.64973086,0.22496729,0.0,0.0,0.5262438,0.4503428,0.0,0.23867007,0.0,0.0,0.0,0.0,0.0,0.12312496,0.0,0.0,1.2076991,0.0,0.76902884,0.0,0.0,1.476064,0.0,0.0,0.20001344,0.0,1.6518557,0.5282832,0.8939902,0.0,0.0,0.5100042,0.0,0.0,0.017256174,0.10763791,0.6881628,0.0,0.0025177584,0.0,0.0,0.0,0.47370663,1.2875235,0.0,0.0,0.091199726,0.5296975,0.0,0.33208615,0.0,0.0,0.0,0.0,0.0,0.0,0.73563814,0.0,0.8499623,0.5182228,0.0,1.0365888,0.0,1.1850048,0.0,0.0,0.90272075,0.3487257,0.0,0.72157156,0.88963073,0.0,0.0,0.01985825,0.15241307,0.0,0.23901346,0.32072353,1.1509908,1.0272532,0.093176186,0.0,0.43485472,0.0,0.0,0.0,0.5265381,0.48156548,0.0,0.25552872,0.0,0.0,0.0,0.06789596,0.0,0.0,1.0061469,0.29662058,0.0,0.0,0.0,0.062360078,2.0
0.0,0.0,0.0,0.0,0.17379457,0.0,0.0,0.7763203,0.0,0.0,1.3586254,0.23804672,0.0,0.15681681,0.6806808,0.0,0.0,0.1141959,0.0,0.054008737,0.0,0.0,1.0810227,0.0,0.50397575,0.0,0.0,0.764789,0.0,0.0,0.0,0.22359997,0.6970506,0.6755958,0.18951552,0.0,0.0,1.0908211,0.0,0.5989963,0.3232756,0.0,1.3193849,1.423336,1.1240554,0.23426515,0.4647331,0.089787446,0.0,0.0,0.0,0.018155891,0.0,0.8848022,0.0,0.0,0.0,0.0,0.0,0.0,0.0,0.5940838,0.0,0.5499343,0.0,1.1504983,0.0,0.14252494,0.0,1.225521,0.0,0.06315882,0.0,0.0,0.0,0.23033153,0.0,0.14177191,0.0,0.0,0.0,0.0,0.0,0.0,0.0,0.0,0.0,0.0,0.0,0.0,0.0,0.0,1.4025743,0.0,1.0942627,0.0,0.0,0.0,1.0592774,0.0,0.0,0.0,0.22058412,0.0,0.0,0.0,0.0,0.0,0.0,0.0,0.0,0.8933483,1.2092549,0.0,0.0,0.0,0.67097914,0.24732475,1.0050489,1.0329427,0.0,0.0,0.0,1.3823386,0.0,0.0,0.0,0.0,0.0
0.0,1.4947958,0.3479716,2.1036394,0.0,0.0,0.0,0.0,1.2066243,0.8723615,0.0,0.0,1.3144809,0.0,0.0,0.6556941,1.4256611,0.50855166,0.53901666,1.2707467,0.0,0.0,0.0,1.065208,0.0,0.28757268,0.5994661,0.0,0.18676792,0.0,0.93232995,0.0,0.0,0.38442376,0.16406155,0.689152,0.09763009,0.0,0.78043634,0.1859539,0.0,0.78713953,0.0,0.0,0.0,0.0,0.0,0.40379462,0.088117994,0.6563582,0.0,0.0,1.0762113,0.0,0.61566734,1.1097682,0.63207346,1.7882048,0.0,0.44238204,1.3700352,0.0,1.6031722,0.0,0.7116226,0.0,0.0,0.0,1.5708907,0.0,2.1154566,0.0,1.9365085,1.8644323,0.0,1.5089372,0.6011766,0.0,0.3305009,0.734221,0.32345167,0.0,1.8758546,0.58547276,0.0,1.8647717,0.3882726,0.03306108,0.39138174,2.12866,0.50087637,1.3640801,0.0,2.051778,0.0,1.967698,1.9623079,0.2416791,0.47258016,0.0,1.4200473,0.0,0.0,0.33231074,0.20534426,0.6010119,0.0,0.13638976,0.37326056,0.0,0.0,0.0,0.0,1.6927077,0.19918565,0.87062436,0.0,0.0,0.0,0.0,0.0,1.9381933,0.2675842,0.0,0.0,0.6110253,0.6456192,1.1109823,0.0
0.56639874,0.0,0.79344183,0.0,1.7932081,0.0,1.272872,0.062261067,0.0,0.6592652,0.5031189,1.5461054,0.10404593,1.7473098,0.0,0.0,0.0,0.0,0.0,0.0,0.0,1.3488879,0.0,0.0,0.185206,0.0,0.0,0.30689165,0.03459199,0.0,0.0,0.0,1.33092,0.713446,0.057787776,0.25283155,0.0,0.6202267,0.219348,0.24823013,0.0,0.0,0.36888072,1.0550249,0.0,0.5624314,0.0,0.0,0.0,0.0,0.0,0.094638966,0.0,0.0,0.0,0.0,0.0,0.0,0.0,0.0,0.09243225,0.0,0.0,0.74641883,0.0,0.0,1.2056835,0.60018104,0.5756752,0.0,0.0,0.18832625,0.0,0.22683193,0.054150518,0.2447623,0.842313,0.0,0.0,0.0,0.0,0.0,0.36468002,0.0,0.0,0.0,0.0,0.065132335,0.8979464,0.0,1.0566742,0.0,0.09536436,0.0,1.2090065,0.0,0.0,0.07865375,0.0,0.18540558,0.0,0.0,0.0,0.0,0.0,0.0,0.0,0.81453836,0.0,0.0,0.7735388,1.5407772,0.0,0.0,0.041672483,0.0,0.8100499,0.0,0.11897525,0.5510522,0.0,0.0,0.39826766,0.0,0.0,0.0,0.0,0.0,0.0
0.0,0.0,0.0,1.1883334,0.0,0.0,0.0,0.0,0.42454627,0.03118787,0.0,0.0,0.25092673,0.0,0.0,0.14301841,0.34269756,0.0,0.0,0.0,0.037511516,0.0,0.0,0.0,0.0,0.0,1.8543131,0.0,0.0,0.0,1.6832103,1.5076293,0.0,0.6551615,0.0,0.9446764,0.38791075,0.0,1.0396587,0.0,0.0,0.46433198,0.0,0.0,0.0,0.47850764,0.84938383,0.0,0.5175676,0.0,0.0,1.0083636,0.97336596,0.0,1.954538,0.3678979,0.058290735,0.26122028,0.0,0.72515154,1.265332,0.0,0.16915604,0.14817381,1.6664943,0.0,0.0,0.8471663,0.3122946,0.0,0.0,1.2667154,0.0,0.12913978,0.42236575,0.29659408,0.0,0.0,0.8334264,1.2769126,0.0,0.0,0.18349028,0.24129397,0.0,0.8119727,1.7826546,0.0,0.98367333,1.0730613,0.0,0.7469877,0.0,0.0,0.0,1.3494838,0.07741289,0.5950604,1.057515,0.0,1.5346371,0.03770383,0.0,1.7946192,1.6505208,1.8469942,0.0,1.3349632,1.1976494,0.0,1.1244307,0.0,0.0,0.49600112,0.0,1.9385548,0.0,0.0,0.0,0.43314907,0.0,0.53479403,0.0,0.0,0.0,1.2017863,0.0,0.64622873,4.0
0.0,0.0,0.0,0.0,0.0,0.53440475,0.22041495,0.0,0.6515097,0.0,0.0,0.0,0.0,0.0,0.082459904,0.7375663,0.0,1.3318816,0.0,0.27945542,0.29644093,0.0,0.030778008,0.0,0.57568264,0.0,0.0,0.66829854,0.04832257,0.46504682,0.0,0.0,0.0,0.0,0.0,0.0,0.0,0.0,0.0,0.0,0.0,0.70721835,0.11123952,0.0,0.0,0.0,0.0,1.025104,0.0,0.0,0.0,0.0,0.48625895,0.0,0.0,0.0,0.7664192,0.0,0.43055755,0.115294345,0.0,0.54582804,0.0,0.0,0.0,0.0,0.0,0.0,0.0,0.029927034,0.14026533,0.0,0.16096854,0.0,0.0,0.0,0.06566075,0.29791576,0.6266965,0.0,0.0,0.7019,0.0,0.54647934,0.9715139,0.0,0.019656176,1.3168296,0.0,0.18951413,0.0,0.56308925,0.059301402,0.24534263,0.0,0.0,0.0,0.25187796,0.0,0.79050386,0.0,0.32567522,1.0457543,0.0,0.230552,0.26542166,0.7284261,0.0,0.0,0.21150973,0.0,0.0,0.0,0.0,0.0,0.0,0.0,0.5186438,0.0,0.0,0.512396,0.0,1.0944629,0.021420881,0.38656116,0.0,0.106483124,0.0,4.0
0.0,0.0,0.0,0.0,0.0,0.89217174,0.80222785,0.16755149,0.33895683,0.045187727,0.0,0.0,0.0,0.0,0.0,0.61745185,0.0,0.0,0.0,0.0,1.0572754,0.0,0.0,0.0,0.022991132,0.4073574,0.0,0.0,0.29233304,0.75501233,0.0,0.0,0.0,0.0,0.0,0.33938614,0.7877053,0.18909554,0.36342838,0.0,0.0,0.68962944,0.0,0.0,0.0019244758,0.0,0.75219023,0.0,0.7225569,0.0,0.052116614,0.2664032,0.0,0.0,0.0,0.0,0.52109176,0.0,0.9139665,0.7817365,0.0,0.21761551,0.0,0.23823836,0.0,0.0,0.0,0.22804767,0.0,0.0,0.0,0.03784575,0.0,0.0,0.7709158,0.0,0.15908976,1.2351271,0.45702383,0.42647722,0.39012846,1.2050133,0.0,0.6710298,0.0,0.0,0.512223,0.0,0.37159342,0.0,0.0,0.31180626,0.0,0.0,0.0,0.0,0.0,0.850544,0.054137778,0.0,0.0,1.2287606,0.0,0.10377428,0.0,0.0,0.622618,0.0,0.0,1.3922364,0.0,0.0,0.036379322,0.0,0.5458804,0.0,0.48878723,0.72068554,0.14430326,0.0,0.944868,0.0,0.0,0.15564288,1.233879,0.34509173,0.28093842,0.04917273,4.0
0.0,0.0,0.0,0.60712767,0.0,0.06347345,0.0,0.0,0.6571874,0.0,0.2350922,0.0,0.6532365,0.0,0.0,0.0,1.1675261,1.0714484,1.2490252,1.7568613,0.0,0.0,0.6058047,0.101445906,0.0,0.0,0.5084604,0.0,0.0,0.0,0.3275942,0.1821838,0.0,0.36353523,0.0,0.0,0.0,0.0,0.0,0.0,0.0,0.0,1.1625669,0.0,1.0547099,0.0,0.0,1.0150138,0.0,0.0,0.37342453,0.0,1.6440077,0.3004773,0.6526733,0.20745857,0.0,0.82074827,0.0,0.0,0.3192308,0.0,0.9703411,0.0,0.0,0.0,0.0,0.0,0.43880585,1.0054048,0.0,0.0,0.0,0.4006017,0.0,0.34374914,0.0,0.0,0.0,0.0,0.0,0.0,0.5621005,0.0,0.65543413,0.9590925,0.0,0.903352,0.0,1.8840711,0.0,0.0,0.30719432,0.015767734,0.0,0.54587066,1.0801905,0.0,0.48912874,0.07782468,0.35899466,0.0,0.11586237,0.30055997,0.95252216,0.9236983,0.29402134,0.0,0.2151638,0.0,0.0,0.0,0.7906039,1.3674729,0.0,0.40892705,0.0,0.016533896,0.0,0.0,0.0,0.0,0.6789135,0.67134535,0.0,0.0,0.0,1.1300776,4.0
0.20552337,0.0,0.15094158,0.0,0.0,1.5947499,1.5576077,0.0,0.35817063,0.0,0.0,0.0,0.0,0.0,1.6165482,0.0,0.0,0.7738917,0.0,0.0,1.5090863,0.0,0.0,0.0,0.6875146,0.0,0.0,1.2380353,0.6180497,1.909704,0.0,0.0,0.0,0.0,0.0,0.0,0.0,1.6660041,0.0,0.15732563,0.4232401,0.5149125,0.0,0.49971434,0.0,0.0,0.0,0.07363602,0.0,0.0,0.98867756,0.0,0.0,0.0,0.0,0.0,0.12537457,0.0,1.0393789,0.0,0.0,1.9767834,0.0,0.0,0.0,0.26146013,0.0,0.0,0.0,0.0,0.0,0.0,0.0,0.0,0.902493,0.0,0.03329032,0.77546567,0.0,0.0,0.0,0.030453835,0.0,0.0,1.8498881,0.0,0.0,0.6042469,0.0,0.0,0.0,0.0,0.0,0.0,0.0,0.0,0.0,0.0,0.0,1.4285697,0.0,1.2414687,1.4247673,0.0,0.0,0.22085932,2.2447238,0.0,0.0,0.3689162,0.0,0.0,0.0,0.0,0.0,0.0,0.0,1.7700962,1.689922,0.0,1.6820023,0.0,0.18952827,0.23826447,1.214536,0.0,0.062021688,0.0,4.0
0.23790866,0.0,0.29955143,0.0,0.0,0.0,0.0,0.16000625,0.0,0.0,0.15761831,0.0,0.0,0.0,0.43068305,0.4122584,0.0,0.5575573,0.0,0.0,0.0,0.15913317,0.0,0.3819872,1.3267678,0.0,0.0,1.273262,0.0,0.09377239,0.0,0.0,0.0,0.25248632,0.0,0.0,0.0,0.7970686,0.0,1.1590009,0.29707757,0.05363091,0.34811825,0.9505224,0.19550397,0.0,0.0,0.0,0.0,0.0,0.0,0.0,0.0,0.0,0.0,0.0,0.25183997,0.0,0.0,0.0,0.0,0.7982395,0.0,0.0,0.13639116,0.0,0.0,0.0,0.0,0.0,0.0,0.0,0.0,0.0,0.0,0.0,0.0,0.3592443,0.0,0.0,0.0,0.0,0.0,0.10999785,0.6046585,0.0,0.0,0.17858408,0.0,0.0,0.0,0.0,0.019961782,0.0,0.3724788,0.0,0.0,0.0,0.0,1.2825557,0.0,0.0,1.1356643,0.0,0.0,0.0,0.4067945,0.0,0.0,0.0,0.0,0.41706246,0.5792616,0.0,0.0,0.0,0.0,0.23242274,0.7267773,0.0,0.0,0.0,0.0,0.6957269,0.7731159,0.0,0.0,0.0,4.0
0.0,0.0065922914,0.0,0.0,0.0,0.3901318,0.11008196,0.0,0.4500139,0.0,0.0,0.0,0.0,0.0,0.058103397,1.2340673,0.0,1.1524457,0.0,0.06936574,0.20169045,0.0,0.0,0.0,0.7298997,0.0,0.0,0.7735769,0.0,0.3123551,0.0,0.0,0.0,0.0,0.0,0.0,0.3720072,0.0,0.121711195,0.0,0.067958616,0.79743195,0.06036918,0.0,0.0,0.0,0.0,0.6838871,0.3257344,0.02948976,0.0,0.0,0.12872802,0.0,0.0,0.0,1.1246272,0.0,0.42211044,0.51681226,0.0,0.49471015,0.0,0.0,0.0,0.0,0.0,0.0,0.0,0.0,0.08664319,0.0,0.046478394,0.0,0.0,0.0,0.192284,0.44311664,1.1412811,0.0,0.052515585,1.0250499,0.0,1.0394689,0.6960609,0.0,0.13456088,1.1830409,0.0,0.0,0.0,0.49421802,0.0,0.093183324,0.0,0.0,0.0,0.6664326,0.0,0.80905026,0.0,0.33793867,1.0036683,0.0,0.123248994,0.055368967,0.5189631,0.0,0.0,0.4435487,0.0,0.0,0.0,0.0,0.034223657,0.0,0.0,0.47365394,0.0,0.0,0.37226084,0.0,0.8432117,0.048451267,0.6205476,0.056789223,0.12801075,0.0,4.0
1.1428808,0.70048356,1.8631705,0.0,0.0,2.6086438,2.1972148,0.0,0.28378007,1.240872,0.0,0.30130982,0.0,0.0,2.452329,0.0,0.0,0.0,1.4060078,0.0,2.3164356,0.0,0.0,0.0,0.004172418,2.2397094,0.0,1.1325328,3.13351,2.6547503,0.0043230643,0.0,0.13843533,0.0,0.05406565,0.114700094,1.0834492,1.7899022,0.0,0.0,2.0809066,0.23919857,0.0,0.8680181,0.0,0.0,0.0,0.778656,0.81672627,0.0,2.7752523,0.65595114,0.0,0.0,0.0,0.0,0.0,0.0,1.6074725,0.5611194,0.0,2.252428,0.0,0.0,0.0,2.4481177,0.0,0.49030218,0.0,0.0,0.0,0.0,0.99878263,0.0,1.5826278,0.0,2.2276847,0.66210407,0.0,0.023648148,1.6483073,0.0,0.0,0.0,2.102638,0.0,0.0,0.0,0.0,0.0,0.0,0.0,0.0,0.6032736,0.0,0.0,0.0,0.75538874,0.0,0.72236246,0.0,2.1652107,0.54003423,0.0,0.0,0.0,2.5262654,0.0,0.8709513,1.220979,0.0,0.0,0.0,0.0,1.8497635,0.0,0.84099984,2.4680576,1.8548654,0.0,2.5138545,0.9028562,1.2607744,0.0,1.1895032,0.0,2.042513,0.0,4.0
0.26139864,0.437056,0.2691258,0.0,0.3710232,0.48243678,0.1547452,0.20356107,0.0,0.3567685,0.0,0.3288776,0.0,0.4573718,0.0,0.6040736,0.0,0.0,0.0,0.0,0.3944598,0.6689018,0.0,0.0,0.0,0.42203045,0.28321955,0.0,0.47937888,0.3851316,0.33140716,0.40523574,0.0,0.0,0.0,0.77342886,0.91910547,0.0,0.72414327,0.0,0.0,0.32203323,0.0,0.0,0.09075047,0.23180008,0.090774484,0.0,1.0310898,0.53864634,0.0,1.0926558,0.0,0.0,0.31483138,0.0,0.5233167,0.0,0.22580916,0.81247723,0.0,0.07717403,0.0,0.63807094,0.6196305,0.0,0.60078186,0.90041566,0.0,0.0,0.0,0.8993475,0.0,0.0,0.3290994,0.0,0.70490086,0.28977218,0.7207674,0.84347874,0.67901164,0.59203243,0.0,0.55529505,0.0,0.0,0.7014133,0.0,0.7702759,0.0,0.33435816,0.002447172,0.0,0.0,0.0,0.17090234,0.0,0.8646403,0.04305773,0.0,0.10344827,0.4890586,0.0,0.42778125,0.23086627,0.18859184,0.38119218,0.7727689,0.3459099,0.7190811,0.964748,0.0,0.0,0.0,0.74419534,0.4105176,0.7629238,0.6056584,0.0,0.31064796,0.336841,0.0,0.0,0.0,0.47661126,0.8559972,0.33863837,0.0,4.0
0.10709856,0.0047987797,0.37744668,0.0,0.0,0.0,0.0,0.0,0.08694016,0.0,0.0010542569,0.13526417,0.0,0.0,0.0,1.9897012,0.0,1.3041139,0.0,1.391426,0.0,0.0,0.5178701,0.02392141,0.9930263,0.0,0.0,0.52890164,0.0,0.0,0.0,0.0,0.0,1.7737498,0.0,0.0,0.018295474,0.0,0.3271311,0.07239068,0.34614992,0.48780704,1.337495,0.0,0.51422286,0.0,0.0,0.726132,0.15259403,0.18908992,0.0,0.0,0.6608189,0.0,0.033698235,0.0,1.1599346,0.40806258,0.0,0.3782519,0.0,0.0,0.3146762,0.098028444,0.0,0.0,0.11779768,0.0,0.77209675,0.0,0.0,0.0,0.0,1.3138877,0.0,1.1334708,0.0,0.0,2.749836,0.0,0.0,0.9330971,0.9337786,2.026244,0.0,0.0,0.0,1.5060289,0.0,0.8459399,0.447509,0.3583529,0.46935308,0.07771313,0.24161918,0.5491859,1.3222905,0.3800076,0.0,0.50694424,0.0,0.0,0.5893973,0.0,0.8815327,0.24076428,0.0,0.0,0.0,0.0,0.0,0.0,0.5547471,0.0,0.0,0.0,0.0,0.0,0.0,0.13655865,0.0,0.0,0.6739609,0.6770471,0.0,0.083149955,0.0,0.0,4.0
0.34044975,0.0,0.32546636,0.0,0.0,0.0,0.0,0.609339,0.0,0.0,0.6874968,0.31314412,0.0,0.0,0.0,0.29432023,0.0,0.7160143,0.0,0.26731074,0.0,0.9899988,0.22011667,0.9872813,1.7944523,0.0,0.0,1.1434755,0.0,0.0,0.0,0.0,0.028057495,1.3647068,0.0,0.0,0.0,0.13945682,0.0,2.1070716,0.21447556,0.0,1.0647585,1.2439569,0.8050806,0.0,0.0,0.0,0.0,0.9687969,0.0,0.0,0.0,0.0,0.0,0.0,0.18500303,0.26401684,0.0,0.0,0.0,0.01306397,0.06271233,0.0,0.47125092,0.0,0.799512,0.0,0.33735448,0.0,0.0,0.10200266,0.0,0.8823177,0.0,0.7841962,0.0,0.0,0.27162874,0.0,0.0,0.0,0.32483715,0.0,0.0,0.0,0.0,0.3338482,0.0,0.0,0.7612308,0.0,0.30545756,0.0,0.9408768,0.0,0.36470896,0.0,0.0,1.2337992,0.0,0.0,1.1546906,0.0,0.0,0.0,0.0,0.0,0.0,0.0,0.04857,0.93055105,1.2509879,0.0,0.0,0.0,0.0,0.0,0.016588885,0.33787683,0.0,0.0,0.0,1.1375006,0.14710566,0.0,0.0,0.0,4.0
0.70217675,0.0,0.73164016,0.0,1.0736676,0.0,0.0,0.3880851,0.0,0.0,0.0,1.477503,0.0,1.1670192,1.2081965,0.0,0.0,0.0,0.0,0.0,0.0,1.3385695,0.0,0.7315017,0.0,0.0,0.0,0.35363045,0.0,0.0,0.0,0.0,0.0,1.057574,0.38716936,0.0,0.0,1.1410059,0.0,0.41300952,1.3129377,0.0,0.87287253,0.72844726,0.97877896,0.26515985,1.2243613,0.0,0.0,1.2010833,0.0,0.23797128,0.0,0.0,0.0,0.0,0.0,0.0,0.19120033,0.0,0.0,0.65314806,0.0,0.0,0.0,1.1303958,1.0903748,0.0,0.25638217,0.0,0.0,0.22846575,0.0,0.0,0.0,0.79519445,0.0,0.0,0.0,0.0,0.0,0.0,0.0,0.0,0.0,0.0,0.0,0.0,0.0,0.0,1.0167373,0.0,0.0,0.0,0.0,0.0,0.0,0.0,0.43766928,0.118804626,0.0,0.0,0.0,0.0,0.0,0.0,0.0,0.0,0.0,0.0,0.19008833,0.0,0.8831301,0.0,0.0,0.34809887,1.9549044,0.79543185,1.0675403,0.12309535,0.0,0.0,0.0,0.8934887,0.0,0.0,0.0,0.0,4.0
0.0,0.53852475,0.0892736,0.0,0.0,0.0,0.0,0.0,0.9210586,0.520065,0.0,0.0,0.0,0.0,0.0,2.3121042,0.08575861,3.0292792,0.23618817,2.110332,0.0,0.0,0.0,0.0,1.6468074,0.0,0.0,1.9785411,0.0,0.0,0.0,0.0,0.0,0.0,0.0,0.0,0.0,0.0,0.30460665,0.61128414,0.17031729,0.6631071,0.0,0.0,0.0,0.0,0.0,2.5268688,0.0,0.26437315,0.0,0.0,0.5050515,0.0,0.0,0.0,2.3573554,0.007967467,0.0,0.46930087,0.0,0.013186149,0.29061165,0.0,0.0,0.0,0.0,0.0,0.40755105,0.0,1.8626548,0.0,1.7165284,0.9208793,0.0,0.3182063,0.5813899,0.0,1.0653373,0.0,0.30893752,0.454607,0.7204199,1.8491313,1.7955036,0.0,0.0,2.7734456,0.0,1.2188501,0.031729307,0.61367047,0.0,1.7628917,0.0,0.15355736,1.0590343,0.61010283,0.0,2.3751268,0.0,0.0,2.3669639,0.0,0.0,0.0,0.0,0.0,0.0,0.0,0.0,0.19293411,0.0,0.1621122,0.0,0.0,0.0,0.0,0.0,0.0,0.0,0.0,2.401991,0.0,0.0,0.0,0.55836517,0.0,4.0
0.70644087,0.7560946,1.4813051,0.5833155,0.0,0.0,0.0,0.0,0.6544704,1.11754,0.0,0.5887216,0.5264088,0.0,0.0,0.106801026,0.0,0.0,0.0,0.0,0.0,0.0,0.0,0.3258271,0.0,1.0927807,0.582462,0.0,1.3139453,0.0,1.0828121,0.0,0.0,0.0,0.67346025,1.1162031,0.96996295,0.023556095,0.9292203,0.0,0.85859007,0.41099018,0.0,0.07410798,0.0,0.45154643,0.0,0.0,0.9410425,0.0,0.015257616,0.99483883,0.0,0.0,0.5620642,0.0,0.29557744,0.16510223,0.0,0.962029,0.8964609,0.0,0.2189274,0.0,1.5276737,0.0,0.0,0.5092519,0.14067008,0.0,0.0,0.85972637,0.74991107,0.0073315697,0.0,0.040402908,1.3730388,0.0,0.0,0.91332316,0.60437435,0.0,0.15925103,0.1143068,0.0,0.4551361,0.7773102,0.0,0.592076,0.096403174,0.67508835,0.45307866,0.0,0.6322966,0.0,0.7573157,0.25625256,0.7255827,0.29927886,0.12330825,1.2494502,0.0,0.0,0.31034154,0.0,0.18975736,0.0,1.1059092,1.2111462,0.0,0.96870136,0.0,0.0,0.19038546,1.0563976,1.028417,0.0,0.0,0.0,0.0,0.0,0.9757535,0.0,0.0,0.0,0.8018907,0.8510972,0.2782641,4.0
0.0,0.0,0.0,0.14270383,0.0,1.0234363,1.0409739,0.0,0.33672857,0.0,0.23058283,0.0,0.13338174,0.0,0.0,0.0,0.49644136,0.1638379,0.8440915,0.34143516,1.2123605,0.0,0.55656695,0.0,0.0,0.0,0.21677761,0.0,0.0,0.8862781,0.07316049,0.5418372,0.0,0.0,0.0,0.0,0.0,0.07376678,0.0,0.0,0.0,0.0,0.60261685,0.0,0.9633143,0.0,1.5160831,0.104651235,0.0,0.0,0.8404583,0.0,0.5312121,0.39988837,0.30948412,0.05285418,0.0,0.0,0.851272,0.0,0.17357291,0.1861569,0.0,0.025894849,0.0,0.0,0.0,0.0,0.0,0.8640728,0.0,0.0,0.0,0.0,1.4012705,0.0,0.0,1.4163105,0.0,0.0,0.0,0.6711104,0.0,0.0,0.005314973,0.62486416,0.0,0.076465555,0.0,0.8137113,0.0,0.0,0.31801903,0.0,0.0,0.0,0.0,0.0,1.0442467,0.0,0.22250414,1.2586545,0.0,0.7085197,0.44219837,0.49868253,0.76893973,0.0,0.300369,0.96611506,0.0,0.0,0.82898384,0.9910522,0.0,0.070857525,0.0,0.6566802,0.0,0.11556455,1.0295486,0.0,0.14504547,0.94399655,0.9700696,0.0,0.0,1.2547226,4.0
0.0,0.0,0.0,1.8864459,0.0,0.0,0.0,1.3076043,0.9625563,0.0,0.38687855,0.0,1.6180452,0.0,0.0,0.0,0.77256715,0.0,0.69488937,0.93490577,0.0,0.0,2.0315144,0.1680829,0.0,0.0,0.74396473,0.0,0.0,0.0,1.5287238,2.1862416,1.7369056,0.47392148,1.9973596,0.35510743,0.0,0.0,0.0,0.0,0.0,0.10383738,0.0,0.0,1.3578811,1.5612516,1.0933007,0.0,0.039366536,0.0,0.40236375,1.7715299,0.9902225,1.9313822,0.46925277,1.9561229,0.0,1.8960246,0.0,0.0,1.9609765,0.0,1.7053164,2.8720257,1.4700991,0.0,0.0,2.1777909,1.3671807,1.2369415,0.037602466,1.6522,0.0,0.8451497,0.28615838,1.2438256,0.0,0.2761855,0.40838024,0.61851376,0.006243561,0.0,1.3900654,0.0,0.0,1.952404,0.9911562,0.0,1.6852673,1.7702038,0.0,1.0961635,1.0146848,0.23764934,0.112767085,1.8264896,1.6175697,0.0,1.9110296,0.0,2.0548048,0.0,0.0,2.2900314,0.4773145,0.36251727,0.0,1.5585979,1.8267143,0.100917876,1.392458,0.11277883,0.917787,1.9560959,0.0,0.24630618,0.0,0.0,0.0,2.0559814,0.0,0.0,0.0,0.5080623,0.0,0.6744003,0.0,2.3652909,4.0
1.3477156,0.0,1.2479808,0.0,1.0415072,0.0,0.0,1.937172,0.0,0.0,3.2151158,1.0219837,0.0,1.0632169,0.53325486,0.0,1.6741158,0.4256494,0.0,0.0,0.0,1.1093163,2.2543728,1.4276829,1.200893,0.0,0.0,0.8120587,0.0,0.0,0.0,0.34353858,1.906571,0.9484875,0.44120467,0.0,0.0,0.8317827,0.0,2.4144113,1.3031132,0.0,2.1778784,2.6398745,2.1354792,0.28990892,0.0,0.3272146,0.0,1.008324,0.0,0.026555814,0.07348198,2.4607542,0.0,0.99089724,0.0,0.0,0.0,0.0,0.0,0.3142218,0.0,0.5466935,0.0,1.7706274,1.0213723,0.0,0.07275776,2.2003422,0.0,0.32628715,0.0,0.09498113,0.0,0.6750773,0.0,0.0,0.0,0.0,0.0,0.0,0.0,0.0,0.0,0.0,0.0,0.0,0.0,0.0,0.852209,0.0,2.7809455,0.0,3.018176,0.0,0.14557491,0.0,0.57356554,0.0,0.0,0.0,0.8404492,0.0,0.0,0.0,0.0,0.36064535,0.0,0.0,0.5898923,2.427114,2.4083085,0.0,0.0,0.0,0.07152791,0.0,0.9338457,1.9891436,0.0,0.0,0.48775935,2.1871555,0.0,0.0,0.0,0.10078383,4.0
0.0,0.0,0.0,0.0,0.0,1.6273799,1.5895488,0.0,0.0,0.0,1.0217772,0.0,0.06773192,0.0,1.5762972,0.0,0.074704304,1.5730463,1.686929,0.0,1.148072,0.0,0.7299854,0.0,0.16213946,0.0,0.57672405,0.6703018,0.0,1.3642168,0.0,0.3714635,0.0,0.0,0.0,0.0,0.0,1.2392454,0.0,0.14369413,0.0,0.0,1.08463,0.41767672,0.9741439,0.0,1.6981901,1.3070328,0.0,0.0,2.0998168,0.0,0.8792457,0.4868287,0.7231348,0.0,0.0,0.0,0.902765,0.0,0.0,1.4858085,0.0,0.0,0.0,0.8599152,0.0,0.0,0.0,1.0736549,0.0,0.0,0.0,0.0,2.0789592,0.0,0.0,0.9394176,0.0,0.0,0.0,0.60313433,0.0,0.0,1.4768261,0.0,0.0,2.1673768,0.0,0.0,0.0,0.0,0.83469707,0.0,0.0,0.0,0.0,0.0,0.32236534,0.24542171,0.0,1.0558532,1.1914976,0.3612043,1.1049206,1.0925118,1.7804259,0.0,0.0,0.106424525,0.0,0.0,0.7375057,0.5982361,0.0,0.0,0.069136195,1.8931412,1.580359,0.32553658,1.4690189,0.0,0.40143743,0.7280813,0.734318,0.0,0.0,0.020056793,4.0
0.0,0.0,0.25691038,2.123768,1.1672055,0.0,0.0,0.0,0.0,0.456829,0.89610857,1.3077002,3.727184,1.3287734,0.3385369,0.0,0.0,0.0,4.309123,2.050829,0.0,0.187601,1.8425294,0.5357208,0.0,0.010538862,2.1507485,0.0,0.1536821,0.0,2.88478,3.188509,2.2569973,0.17623347,3.9588246,0.0,0.0,0.0,0.0,0.0,0.25661653,0.0,1.1001226,1.1595601,1.0380974,3.2347722,0.0,0.460547,0.0,0.0,3.1904576,2.9030166,2.9334564,1.1545793,1.9367067,0.0,0.0,2.8116522,0.0,0.0,2.423254,0.0,3.0261943,2.5155165,1.9787186,2.218883,0.01471314,3.3132293,2.377153,2.327904,0.0,1.8988923,1.3562694,2.0016656,0.0,1.5909204,0.057519335,0.0,0.0,0.0,0.0,0.0,2.6537669,0.0,0.19785854,2.6583722,0.0,0.0,0.0,1.6904263,0.0,0.0,0.67468464,1.0940136,0.0,2.168895,2.5081375,0.0,2.4854572,0.0,3.0774603,0.0,0.0,2.8312297,1.6936835,1.2568018,0.0,2.3673515,3.8306553,0.0,2.6849074,2.0095687,0.0,2.9306712,0.00250021,0.94500047,0.0,0.0,0.0,2.2187939,0.0,0.0,0.0,0.0,0.0,0.0,0.0,0.0,4.0
0.0,0.0,0.0,1.5755098,0.0,0.0,0.0,0.0,0.18885556,0.0,1.226379,0.0,1.638062,0.0,0.0,0.0,1.0957154,0.0,1.1812438,0.019261288,0.0,0.0,2.228987,0.0,0.0,0.0,2.3808079,0.0,0.0,0.0,2.3753107,2.9015756,0.791137,0.8665107,1.2665485,0.0,0.0,0.0,0.0,0.0,0.0,0.0,0.975807,0.0,0.99851954,1.5871226,0.50779635,0.0,0.0,0.0,0.3991248,1.6792454,2.1357,1.9905144,2.3454034,0.7472501,0.0,1.2175623,0.0,0.0,1.912178,0.0,1.2192326,1.7489231,1.765168,0.0,0.0,1.8512948,0.87610656,2.044351,0.0,1.4014425,0.0,0.4794316,0.19891854,0.7377794,0.0,0.0,0.0,0.0,0.0,0.0,0.7891832,0.0,0.0,1.6290712,1.5207686,0.0,0.0,1.3773746,0.0,0.11478209,1.4107907,0.0,0.073776,1.6699357,1.1615884,0.0,2.110662,0.0,2.071716,0.0,0.0,2.6240184,2.2693768,2.3828285,0.0,1.5780813,2.5300746,0.0,1.5983357,0.0,0.97489315,1.2788181,0.0,1.5091264,0.0,0.0,0.0,2.2970142,0.0,0.005567767,0.0,0.34622738,0.0,0.12266521,0.0,1.0070206,4.0
0.0,0.0,0.0,0.0,0.0,0.7176042,0.7768046,0.14835899,0.0,0.0,0.6936208,0.0,0.0,0.0,0.15085718,0.0,0.31004143,0.23336527,0.72019315,0.3405729,0.8758448,0.0,0.6808244,0.0,0.12652227,0.0,0.0,0.0,0.0,0.6038349,0.0,0.3335615,0.08012059,0.016347378,0.0,0.0,0.0,0.5025428,0.0,0.0,0.0,0.0,0.9046147,0.24359475,1.0021559,0.0,1.3075382,0.25219646,0.0,0.0,0.83133537,0.0,0.3069932,0.507286,0.0,0.0,0.0,0.0,0.59281844,0.0,0.0,0.37204853,0.0,0.1661167,0.0,0.24685107,0.0,0.0,0.0,1.161202,0.0,0.0,0.0,0.0,0.9869608,0.0,0.0,1.1765296,0.0,0.0,0.0,0.5096242,0.0,0.0,0.0,0.324659,0.0,0.011841577,0.0,0.407557,0.0,0.0,0.74758303,0.0,0.30674374,0.0,0.0,0.0,1.1367601,0.0,0.0,0.95027953,0.041381434,0.29449165,0.112861514,0.0,0.5675045,0.0,0.0,0.6620875,0.0,0.0,0.97385126,0.6841883,0.0,0.0,0.0,0.55703723,0.38387546,0.33082774,0.69432384,0.0,0.275671,1.1614293,0.74915403,0.0,0.0,0.7112467,4.0
0.32078812,0.0,0.09650529,0.0,0.0,0.34562385,0.23883492,0.97874296,1.6613957,0.0,1.2906245,0.0,0.0,0.0,0.0,0.0,1.7513329,0.66947573,0.0,0.64594257,0.6556923,0.0,1.554352,1.0419415,0.870019,0.0,0.0,0.0,0.0,0.5544296,0.0,0.0,0.0,0.0,0.0,0.0,0.0,0.0,0.0,1.0259064,0.0,1.3990973,0.39967176,0.0,1.2739577,0.0,0.0,0.38447192,0.0,0.0,0.040978324,0.0,0.0,1.37771,0.0,1.7344311,0.0,0.0,0.28682175,0.0,0.0,0.051718015,0.0,0.0,0.0,0.0,0.0,0.0,0.0,1.3258946,0.0,0.0,0.0,0.0,0.43176323,0.0,0.0,1.6050457,0.0,0.0,0.0,0.21668565,0.0,0.0,0.36753404,0.08406261,0.0,0.23042779,0.0,0.19294433,0.0,1.3455613,1.449821,0.0,0.542189,0.0,0.0,0.0,0.0,0.054788314,0.257945,0.44573614,0.8094569,0.11477083,0.0,0.020552361,0.4820122,0.0,0.0,0.46578366,0.0,0.0,1.4443458,0.0,0.0,0.0,0.0,0.0,0.0,0.0,0.6371622,0.0,0.48904052,1.4619375,1.723847,0.0,0.10850862,2.9737926,4.0
1.565416,1.757743,2.1026416,0.0,1.87093,0.0,0.0,0.67319274,0.0,0.5025763,0.014846634,1.915208,0.0,1.7951466,0.83742243,0.0,0.0,0.0,0.27341744,1.2061173,0.0,2.0492718,0.0,1.188105,0.0,0.0,0.4517239,0.17956975,0.0,0.0,0.0,0.0,0.0,0.42759234,0.0,0.0,0.44378024,0.0,0.17134474,0.4576183,2.0563915,0.0,1.5940089,1.0740483,2.0128803,0.0,6.573731e-05,0.0,0.0,1.9932598,0.67578816,0.7094882,0.0,0.0,0.0,0.47228482,0.0,0.7691116,0.0,0.0,0.0,0.0,0.63999754,0.08710698,0.0,2.249154,2.1521313,0.4591242,0.36785275,0.0036393395,0.0,0.11287904,0.0,0.8433355,0.0,1.0819961,0.9626031,0.041326698,0.0,0.0,0.5845553,0.0,0.4531766,0.0,0.9279683,0.0,0.0,0.24854946,0.0,0.0,2.4447024,0.0,0.0,0.019493768,0.5740392,0.0,1.3693581,0.0,0.0,0.0,0.0,0.0,0.0,0.0,0.13770214,0.0,0.0,0.0,0.0,0.0,0.015622318,0.0,1.7157434,0.0,0.44077048,0.47393274,2.0426395,0.0,0.0,0.829351,0.0,0.0,0.0,1.2614114,0.0,0.37243083,0.0,0.0,4.0
0.0,0.0,0.0,0.0,0.0,0.0,0.0,0.0,0.0,0.0,1.6069022,0.0,0.0,0.0,0.37583277,0.0,1.1298634,1.6215309,0.7195357,0.9729376,0.0,0.0,0.39120483,0.17540307,0.8616878,0.0,0.0,1.4546342,0.0,0.0,0.0,0.0,0.117864326,0.27147874,0.0,0.0,0.0,0.45467657,0.0,1.3307856,0.0,0.0,1.7072347,1.8048743,0.94535744,0.0,0.0,1.4721062,0.0,0.0,0.87627,0.0,0.57985425,0.3082634,0.0,0.0,0.0,0.088477045,0.0,0.0,0.0,0.6669728,0.24544755,0.0,0.0,1.2059488,0.0,0.0,0.02228586,1.5806835,0.0,0.0,0.0,0.25646842,0.0,0.13925096,0.0,0.0,0.0,0.0,0.0,0.0,0.061726265,0.0,1.121266,0.0,0.0,1.0316783,0.0,0.17685011,0.0,0.0,1.2627326,0.0,1.0501702,0.0,0.67737037,0.0,0.0,1.0485346,0.0,0.0,1.3933657,0.0,0.0,0.0,0.14675361,0.0,0.0,0.0,0.0,0.96031576,1.2022588,0.101523355,0.0,0.0,0.0,0.007266648,0.7783442,0.0,0.0,0.0,1.2383664,1.2015593,0.0,0.0,0.0,0.25328493,4.0
0.30437362,1.0520123,0.47019306,0.8439113,1.6404376,0.33416155,1.1099591,0.0,0.0,1.6751105,0.0,2.1111476,3.5796616,1.6480213,0.0,0.0,0.0,0.0,0.86426514,3.0978546,0.0,1.202216,0.0,0.0,0.44554988,1.6534606,0.0,0.0,0.68114436,0.0,0.0,0.0,0.0,0.70169413,2.071115,0.008418459,0.8692086,0.0,0.12361932,0.0,0.66703135,0.0,0.0,0.0,0.0,0.6592996,0.45846763,0.12522405,0.37684068,0.0,0.057270527,0.0,0.0,0.0,0.0,0.0,0.0,2.434362,0.0,0.0,1.9594929,0.0,1.9370022,0.027758764,0.0,0.0,1.274637,0.0,2.6096454,0.0,0.62726915,0.0,1.0360785,2.1245782,0.0,1.7198772,1.1539993,0.81986153,0.0,0.0,1.7275257,0.64620537,2.0678704,0.0,0.7231377,1.6126179,0.0,1.2048874,0.0,1.4316652,1.7263273,0.0,0.0,0.64890194,0.0,0.8325755,1.825008,0.2026136,0.0,0.19881336,0.7373608,0.6257408,0.0,0.0,0.0,0.0,0.0,0.0,0.0,0.087173834,0.0,0.0,0.0,2.1953647,1.2875469,0.0,2.1949732,0.0,0.0,0.0,0.16058214,0.0,0.27931136,0.0,0.8200533,0.35126445,1.9254303,0.0,4.0
0.0,0.0,0.0,1.0676509,0.0,0.0,0.0,0.0,1.1501402,0.0,0.52507675,0.0,0.9234825,0.0,0.0,0.0,1.6014442,1.2242284,1.123832,1.8069183,0.0,0.0,0.52426183,0.2848947,0.0,0.0,0.5022877,0.0,0.0,0.0,0.4286725,0.10344257,0.0,0.24181606,0.0,0.0,0.0,0.0,0.0,0.0,0.0,0.1462887,0.7761424,0.0,0.3501684,0.0,0.0,1.3984305,0.0,0.0,0.16214354,0.0,1.5499336,0.2821195,0.674546,0.6894982,0.0,0.9899362,0.0,0.0,0.6291185,0.0,1.0989003,0.0,0.0,0.0,0.0,0.0,0.7126694,0.9568169,0.29246122,0.0,0.2164014,0.6361651,0.0,0.53610075,0.0,0.0,0.0,0.0,0.0,0.0,0.86699945,0.0,0.59127,1.3049307,0.0,1.0945883,0.0,2.037856,0.0,0.6252494,0.58761144,0.5502278,0.0,0.91320467,1.386319,0.0,0.27960828,0.0,0.5900419,0.0,0.034684375,0.31173334,0.7661057,0.94877595,0.0,0.0,0.24848616,0.0,0.0,0.0,0.31141943,1.523567,0.0,0.47686148,0.0,0.0,0.0,0.0,0.0,0.0,1.131332,0.23491126,0.0,0.0,0.0,1.605035,4.0
0.5137146,0.0,0.32327488,0.0,0.44180816,0.0,0.0,1.3352112,0.0,0.0,2.7255564,0.4798501,0.0,0.33395767,1.0889649,0.0,0.91804415,0.26551712,0.08974532,0.0,0.0,0.08528141,1.9559209,0.5054897,0.849336,0.0,0.0,0.9960635,0.0,0.0,0.0,0.29581153,1.692954,0.30746758,1.0252798,0.0,0.0,1.623492,0.0,1.4480729,0.87641877,0.0,1.2931914,2.4128995,1.1600763,0.6331394,0.057795983,0.68214124,0.0,0.015753992,0.12272288,0.0,0.0,1.8102736,0.0,0.28569192,0.0,0.0,0.0,0.0,0.0,0.77716756,0.0,0.6627051,0.0,1.8300122,0.0015971981,0.07206367,0.0,2.1392303,0.0,0.038813,0.0,0.0,0.060715206,0.3341667,0.0,0.0,0.0,0.0,0.0,0.0,0.0,0.0,0.0,0.0,0.0,0.0,0.0,0.0,0.0,0.0,2.4105973,0.0,2.0427542,0.0,0.0,0.0,1.5893203,0.0,0.0,0.0,0.6943826,0.0,0.0,0.0,0.0,0.08972657,0.0,0.0,0.031403325,2.1514146,1.2954222,0.0,0.0,0.0,0.33717772,0.1556625,1.555578,1.2292564,0.0,0.0,0.59977126,1.4258468,0.0,0.0,0.0,0.14775649,4.0
1.0711336,0.0,1.3083781,0.0,2.2806385,0.0,1.3140427,0.72177494,0.0,0.49770096,0.5242265,2.003074,0.0,2.1746116,0.06378338,0.0,0.66342,0.16579948,0.0,0.0,0.0,2.1328838,0.0,0.3644413,1.053811,0.0,0.0,0.9743578,0.0,0.0,0.0,0.0,1.2511028,0.83999467,0.0,0.16285023,0.0,0.87536365,0.21137154,1.2129841,0.0,0.0,0.5201745,1.681826,0.0,0.0,0.0,0.037867535,0.0,0.20450094,0.0,0.0,0.0,0.0,0.0,0.16748652,0.39506736,0.0,0.0,0.0,0.0,0.0,0.0,0.0,0.0,0.0,1.962907,0.0,0.5464415,0.0,0.0,0.0,0.0,0.417582,0.0,0.5417069,0.7828989,0.0,0.0,0.0,0.0,0.0,0.4335763,0.0,0.0,0.0,0.0,0.439546,1.0628283,0.0,1.631021,0.0,0.0,0.0,1.8349254,0.0,0.0,0.0,0.0,1.1567158,0.0,0.0,0.7248637,0.0,0.0,0.0,0.0,0.0,0.0,0.0,0.031542685,1.7941979,0.0,0.0,0.0,0.0,0.88561314,0.0,0.839349,0.0,0.0,0.0,0.6913324,0.36641216,0.0,0.0,0.0,0.0,4.0
1.6046154,0.6149365,1.2736194,0.77215505,0.0,0.0,0.0,2.3096032,1.4387916,0.0,2.2104015,0.0,1.0444032,0.0,0.0,0.0,2.627169,0.0,0.41078222,1.732928,0.0,0.0,3.0924313,3.15189,0.81178176,0.0,0.0,0.0,0.0,0.0,0.0,0.7458246,1.0141357,0.23805103,0.7456263,0.0,0.0,0.0,0.0,1.962123,0.9266982,0.92611355,0.7301069,0.16948609,2.7290702,0.0,0.0,0.023648348,0.0,0.0,0.1644532,0.0,0.047227327,3.0444868,0.0,3.3158066,0.0,1.4805484,0.0,0.0,0.84352314,0.0,1.4143755,0.9951692,0.48553333,0.095271386,0.0,0.0,0.58979046,2.166504,0.51079696,0.19945072,0.40873867,0.9187008,0.0,1.1018735,0.0,0.63130355,0.0,0.0,0.0,0.0,1.0144496,0.0,0.0,0.95301294,0.0,0.0,0.0,0.805916,0.0,1.3085121,2.5453346,0.5641254,1.5338287,0.7559679,1.2206101,0.0,0.5544063,0.0,1.3041496,0.0,0.012582118,0.5193572,0.0,0.0,0.0,0.06736757,0.6250193,0.0,0.0,0.23577866,2.3119502,0.6273396,0.0,0.0,0.0,0.0,0.0,0.2972021,0.0,0.0,0.1610024,1.8052456,1.0492258,0.0,0.7603409,3.7133558,4.0
0.51005924,0.0,0.38365683,0.0,0.22272876,0.0,0.0,0.73911524,0.0,0.0,3.0938954,0.49856937,0.0,0.2940182,0.4997599,0.0,0.04255518,1.2563939,0.0,0.9365345,0.0,0.06953508,2.8234634,0.37255275,1.234955,0.0,0.0,0.9442173,0.0,0.0,0.0,0.60631937,1.2389431,1.009021,0.60083175,0.0,0.0,0.3500971,0.0,1.4881686,1.4591893,0.0,1.732082,1.5995082,1.4697237,0.23811015,0.0,1.3597382,0.0,0.092265226,0.0,0.0,0.9774298,2.3262572,0.0,0.0,0.0,0.18012068,0.0,0.0,0.0,0.31844053,0.037869636,0.85886,0.0,1.0335572,0.0,0.0,0.24878596,2.3622484,0.0,0.29394698,0.0,0.23430356,0.0,0.6930469,0.0,0.0,0.8484992,0.0,0.0,0.0,0.08395783,0.0,0.0,0.0,0.0,1.7180955,0.0,0.0,0.17241836,0.0,3.2440965,0.0,1.8798896,0.0,0.46994317,0.0,0.76949596,0.0,0.0,0.0,0.82904726,0.0,0.9139905,0.19310462,0.0,0.0,0.0,0.0,0.0,1.6636107,1.5349809,0.0,0.0,0.0,0.093299426,0.0,0.22037846,2.5985773,0.0,0.0,1.0814769,1.4759903,0.0,0.0,0.0,0.0,4.0
0.0,0.0,0.0,0.016544094,0.0,0.81315726,0.7049534,0.0,0.9550238,0.0,0.50082093,0.0,0.0,0.0,0.0,0.0,0.9231351,0.76431936,0.6435639,0.8826182,0.9885356,0.0,0.94686884,0.0,0.0,0.0,0.19292021,0.0,0.0,0.6982372,0.0,0.27484953,0.0,0.0,0.0,0.0,0.0,0.0,0.0,0.0,0.0,0.39332595,0.82862467,0.0,1.2435484,0.0,0.8708301,0.60832226,0.0,0.0,0.60966647,0.0,0.8436722,0.6840162,0.28928724,0.50085074,0.0,0.04991918,0.7359472,0.0,0.0,0.14911689,0.06563585,0.0,0.0,0.0,0.0,0.0,0.0,1.1462504,0.0,0.0,0.0,0.0,0.82499474,0.0,0.0,1.5407017,0.0,0.0,0.0,0.6919702,0.0,0.0,0.37366018,0.3770868,0.0,0.69932115,0.0,0.96930563,0.0,0.43089923,0.6276227,0.0,0.0,0.0,0.23329902,0.0,0.34575644,0.0,0.0,1.01863,0.15236515,0.38344795,0.61542493,0.66553915,0.63934696,0.0,0.0,0.7540962,0.0,0.0,1.1264971,0.78030604,0.0,0.0,0.0,0.32245305,0.0,0.16560167,0.85191506,0.0,0.62973166,1.2120972,1.0974108,0.0,0.0,1.7690549,4.0
0.0,0.0,0.0,0.29356655,0.8915971,0.4225651,1.0438914,0.0,0.0,1.2003903,0.0,0.94652635,0.7247951,0.9772131,0.044170953,0.0,0.0,0.0,0.36420634,0.0,0.31359828,0.4321921,0.0,0.0,0.0,0.7794286,0.7630149,0.0,0.66528034,0.18834868,0.61697304,0.399665,0.007211797,0.21718399,0.64060485,1.0128301,0.8715712,0.059115414,0.7658644,0.0,0.0,0.0,0.0,0.0,0.0,0.8879265,0.48955014,0.0,0.6982656,0.0,0.3451401,0.74052024,0.060289145,0.0,0.8704421,0.0,0.017246956,0.02835538,0.0,0.6731588,0.783662,0.0,0.0,0.4777138,0.13624756,0.16269945,0.25791138,1.0486567,0.469867,0.0,0.0,0.558305,0.004820053,0.034146275,0.4899068,0.0168237,0.46995777,0.0,0.057359744,0.88648164,0.0,0.0,0.15978011,0.0,0.0,0.43741655,0.86744297,0.035882477,0.7578385,0.16922091,0.13917822,0.0,0.0,0.0,0.0,0.20585681,0.0,1.0467017,0.54803187,0.0,0.2759364,0.5416364,0.0,0.38718364,0.49592775,0.5765283,0.0,0.7448428,0.6245512,0.0,0.8026977,0.101923384,0.0,0.3560424,0.95630497,0.5848943,0.73594123,0.027556341,0.0,0.2194305,0.22245046,0.5257226,0.0,0.0,0.0,0.77819777,0.0,0.0,4.0
0.0,0.7766685,0.47619742,1.1257906,1.2053837,0.0,0.0,0.0,0.0,1.9097024,0.0,1.2665248,1.5116012,1.2372105,0.0,0.5749576,0.0,0.10165568,1.434679,0.74695057,0.0,0.23774552,0.0,0.26056376,0.0,1.1683956,0.8727669,0.0,1.1981473,0.0,0.7571495,0.0,0.0,0.0,1.0924869,1.336342,0.81541604,0.0,1.0796982,0.0,0.82503676,0.0,0.0,0.0,0.0,0.35967562,0.0,1.0524836,0.7091497,0.5068903,0.5271211,0.0,0.8296589,0.0,1.111686,0.0,0.50137144,1.1264803,0.0,0.7072462,1.0296872,0.0,0.93936926,0.0,0.14141604,0.7455594,0.4449503,0.11302603,1.298841,0.0,1.5158542,0.0,1.9351822,1.3051977,0.0,0.9333196,1.1556594,0.0,0.7556251,1.238984,0.62976795,0.0,1.4420708,0.3929525,0.8257466,1.1231585,0.80663294,0.8574383,0.24362071,0.8625165,0.6691151,0.22617583,0.0,1.7028047,0.0,1.2659842,1.1608837,0.9578752,0.0,0.0,0.37112466,0.0,0.0,0.02455805,0.53799736,0.7663273,0.0,0.19647428,0.6826236,0.0,0.097708546,0.0059815543,0.0,1.1234522,1.1679184,0.7448564,0.0,0.0,0.0,0.0,0.0,1.6829108,0.59534395,0.0,0.0,1.091955,0.82094145,0.0,4.0
0.0,0.0,0.0,0.0,0.18406531,0.0,0.0,0.0,0.0,0.0,2.58725,0.16531608,0.0,0.27692643,1.4430196,0.0,0.0,1.7492064,0.6909997,0.48596913,0.0,0.2588643,1.3744224,0.0,1.2683638,0.0,0.0,1.807764,0.0,0.018399443,0.0,0.0,0.601879,0.1777239,0.0,0.0,0.0,1.264242,0.0,1.5698774,0.6637523,0.0,1.7241728,2.2957358,1.1896892,0.0,0.0,1.3307502,0.0,0.0,0.49835533,0.0,0.6080419,1.1587275,0.0,0.0,0.0,0.0,0.0,0.0,0.0,1.2714611,0.0,0.0,0.0,1.9064628,0.0,0.0,0.0,1.9292583,0.0,0.0,0.0,0.0,0.0,0.0,0.0,0.0,0.0,0.0,0.0,0.0,0.0,0.0,0.8769921,0.0,0.0,1.8056433,0.0,0.0,0.0,0.0,2.3065653,0.0,1.5243345,0.0,0.0,0.0,0.3901795,0.6483026,0.0,0.0,1.6025935,0.0,0.15601397,0.0,0.27728847,0.0,0.0,0.0,0.0,1.638365,1.3650953,0.0,0.0,0.0,0.34920543,0.4576524,1.2844765,1.3597895,0.0,0.0,1.047947,1.3063353,0.0,0.0,0.0,0.0,4.0
0.0,0.0,0.0,0.055948935,0.0,0.54669803,0.30014282,0.0,0.5251515,0.0,0.55291075,0.0,0.08922111,0.0,0.0,0.0,0.69151497,0.6220216,0.6632238,0.9650808,0.56958926,0.0,1.0909072,0.0,0.021376701,0.0,0.16019002,0.0,0.0,0.38819233,0.021105027,0.44733018,0.0,0.30704117,0.0,0.0,0.0,0.0,0.0,0.0,0.0,0.0,1.1011062,0.0,1.3692061,0.0,0.69840664,0.4663081,0.0,0.0,0.3408171,0.0,0.97820824,0.7509808,0.35919443,0.2092894,0.0,0.2846853,0.37590948,0.0,0.0,0.09916787,0.27346554,0.0,0.0,0.0,0.0,0.0,0.0,1.2196462,0.0,0.0,0.0,0.0,0.4880842,0.0,0.0,1.152342,0.0,0.0,0.0,0.48878887,0.0,0.0,0.13586554,0.42625993,0.0,0.52620137,0.0,1.0664212,0.0,0.022925349,0.7436066,0.0,0.0,0.0,0.39161962,0.0,0.795751,0.0,0.0,0.58897746,0.029912233,0.44116667,0.7862483,0.6698993,0.46408537,0.0,0.11462904,0.34435308,0.0,0.0,1.2009797,0.8155824,0.0,0.0,0.0,0.21785712,0.0,0.31547523,0.47868493,0.0,0.38178596,1.2544329,0.77233917,0.0,0.0,1.3145751,4.0
0.0,0.0,0.0,0.0,0.0,0.13478778,0.034077033,0.0,0.0,0.0,2.8025846,0.0,0.0,0.0,1.5118192,0.0,0.0,2.0906997,0.9562638,0.5849528,0.0,0.0,1.4793996,0.0,1.355278,0.0,0.0,2.0034757,0.0,0.19400539,0.0,0.0,0.6769409,0.031837177,0.0,0.0,0.0,1.2980541,0.0,1.6505542,0.31375208,0.0,1.918893,2.5413444,1.2981251,0.0,0.0,1.731464,0.0,0.0,0.92804617,0.0,0.81426746,1.2538285,0.0,0.0,0.0,0.0,0.0,0.0,0.0,1.3737637,0.0,0.0,0.0,2.0688019,0.0,0.0,0.0,2.3284266,0.0,0.0,0.0,0.0,0.0,0.0,0.0,0.0,0.0,0.0,0.0,0.0,0.0,0.0,1.1873693,0.0,0.0,2.0242126,0.0,0.0,0.0,0.0,2.511689,0.0,1.6725186,0.0,0.0,0.0,0.39455566,0.7860135,0.0,0.0,1.8883958,0.0,0.16118367,0.0,0.50880986,0.0,0.0,0.0,0.0,1.7382028,1.5113449,0.0,0.0,0.0,0.019250276,0.52667207,1.4309301,1.323757,0.0,0.0,1.4362254,1.454767,0.0,0.0,0.0,0.0,4.0
0.91233677,0.16794024,0.63276315,0.0,0.0,0.63688916,0.31236875,1.3479316,2.032653,0.0,1.5126634,0.0,0.0,0.0,0.0,0.0,1.8508545,0.5606701,0.0,0.8161499,0.8422298,0.0,1.8968698,1.4541397,1.0140226,0.0,0.0,0.0,0.22487333,0.8384246,0.0,0.0,0.25255975,0.0,0.0,0.0,0.0,0.0,0.0,1.0909271,0.64992243,1.8310579,0.0,0.0,1.3943796,0.0,0.0,0.60660183,0.0,0.0,0.5082526,0.0,0.0,1.8340265,0.0,2.157446,0.0,0.0,0.4910611,0.0,0.0,0.31715867,0.0,0.0,0.0,0.0,0.0,0.0,0.0,1.4432167,0.0,0.0,0.0,0.0,0.5795122,0.0,0.0,1.6329756,0.0,0.0,0.0,0.18158972,0.0,0.0,0.73511785,0.0,0.0,0.03886096,0.0,0.0,0.0,1.8012716,1.8651232,0.14340813,0.8046133,0.0,0.0,0.0,0.0,0.101238854,0.0,0.62225944,0.9895358,0.0,0.0,0.0,0.8544868,0.0,0.0,0.6268913,0.0,0.0,1.4027988,0.0,0.0,0.0,0.0,0.0749533,0.21873188,0.0,0.98738635,0.0,1.0064119,1.4218695,1.984391,0.0,0.760645,3.2196858,4.0
0.0,0.6212315,0.55822825,2.0040572,0.9166579,0.0,0.0,1.1214223,0.0,0.34161848,1.0589559,0.43622705,2.262421,0.34311193,0.0,0.0,1.5769197,0.0,1.3958694,0.30670685,0.0,0.34130126,0.03504448,1.2364416,0.5188082,0.45256856,0.0,0.0,0.93652713,0.0,0.0,0.0,1.8772713,0.0,1.4364127,0.0,0.0,0.0,0.0,1.4092721,0.0,0.0,0.0,0.73313236,0.27956408,1.093723,1.2156705,0.0,0.0,0.41114482,0.913272,0.14658372,0.0,0.43711913,0.0,1.1544671,0.0,1.6606301,0.0,0.0,1.5851407,0.0,1.598755,0.4982499,0.0,0.0,0.563001,0.18679392,1.5838413,0.6097304,1.6228598,0.0,1.1884371,1.5604652,0.87567854,1.2268713,0.5977594,0.0,0.0,0.0,0.63989836,0.0,1.5192952,0.0,0.0,2.563057,0.0,0.0,1.0300547,1.2923189,0.8641126,0.0,0.54482555,1.0099576,1.3341377,0.6020239,1.0973572,0.0,1.6494222,0.0,1.2804226,0.0,0.0,0.29657823,0.0,0.0,0.0,0.74253696,0.33850035,0.0,0.37880114,1.9692229,0.004756805,2.2596235,0.0,0.0,0.0,0.0,0.0,0.0,0.0,1.7373611,0.22040018,0.0,0.0,0.0,0.79593205,1.3454771,4.0
0.0,0.0,0.0,0.6548099,0.0,0.0,0.0,0.0,0.14607093,0.0,0.4760728,0.0,0.77402884,0.0,0.0,0.0,0.9779328,0.80262023,0.6585795,1.9260398,0.0,0.0,0.9506055,0.79464436,0.021121798,0.0,0.3670562,0.0,0.0,0.0,0.40028483,0.28729048,0.0,1.0320253,0.0,0.0,0.0,0.0,0.0,0.18060404,0.0,0.0,1.5892886,0.0,1.3646289,0.0,0.0,0.8371497,0.0,0.0,0.0,0.0,1.6638597,0.50296074,0.61126083,0.2623061,0.0,1.242351,0.0,0.0,0.26741406,0.0,1.3606017,0.0,0.0,0.0,0.0,0.0,1.0381179,1.0565544,0.0139296325,0.0,0.0,1.2680519,0.0,1.084167,0.0,0.0,0.0,0.0,0.0,0.0,1.2446333,0.0,0.360824,0.7573196,0.0,0.6104839,0.0,1.8048962,0.0,0.0,0.616739,0.29337966,0.0,0.9565842,1.6028826,0.0,0.27189296,0.0,0.3839943,0.0,0.0,0.10479331,1.0945708,0.72949505,0.0,0.0,0.19423692,0.0,0.0,0.0,1.0350893,0.9445519,0.0,0.24509759,0.0,0.0,0.0,0.0,0.0,0.0,0.41630226,0.7702252,0.0,0.0,0.0,0.40644467,4.0
0.0,0.0,0.0,2.0774195,0.014904927,0.0,0.0,0.7209062,0.0,0.0,1.2974331,0.0,2.1035373,0.0,0.0,0.0,1.1225572,0.0,0.9040546,0.0,0.0,0.0,1.685651,0.22586687,0.0,0.0,1.0753269,0.0,0.0,0.0,1.6971648,2.2551851,1.7012103,0.9560802,1.536584,0.0,0.0,0.0,0.0,0.11542485,0.0,0.0,0.75261104,0.0,1.0452921,1.6507639,0.75463533,0.0,0.0,0.0,0.1686669,1.548094,1.0984471,1.6079704,0.9879045,1.0244795,0.0,1.7376395,0.0,0.0,2.084752,0.0,1.6224895,2.0408857,1.4140569,0.0,0.0,1.7250051,1.5465757,1.6804273,0.0,1.3417991,0.0,1.1855694,0.33669153,1.2185314,0.0,0.0,0.0,0.0,0.0,0.0,1.327207,0.0,0.0,2.257625,0.124381825,0.0,0.6498701,1.6568657,0.0,0.0,1.4048843,0.0,0.8989759,1.5779681,1.5357913,0.0,2.327464,0.0,2.1632073,0.0,0.0,2.1745963,0.9312738,0.94287974,0.0,1.8612258,1.8602737,0.0,1.6186758,0.90884554,0.7899234,1.7627287,0.0,0.5078394,0.0,0.0,0.0,1.4983313,0.0,0.4358846,0.0,0.32176173,0.0,0.0,0.0,1.3436371,4.0
0.0,0.0,0.0,0.46517634,0.0,0.781719,0.5285683,0.0,0.0,0.0,0.24075256,0.0,1.7004883,0.0,0.7177932,0.0,0.59164685,0.8271266,1.9593062,0.0,0.0,0.0,0.48419315,0.2770381,0.0,0.0,2.2286665,0.0,0.0,0.44356847,1.0466386,1.5677123,0.0,0.0,0.3606638,0.0,0.0,0.0,0.0,0.0,0.0,0.0,1.0696748,0.0,0.88011074,0.15237044,1.3743545,0.87843233,0.0,0.0,1.7198361,0.0,1.8039632,0.2975989,2.534375,0.0,0.0,0.6928934,0.0,0.0,0.8183684,0.5418632,0.36683106,0.0,0.13027528,0.0,0.0,0.0,0.5211964,0.18230703,0.44327408,0.0,0.0,0.4274148,1.774942,0.3935456,0.0,0.0,0.19627576,0.0,0.0,0.0,0.51021016,0.0,1.2826692,0.9613025,0.5114108,2.0495405,0.0,0.88802385,0.0,0.0,0.0,0.12293958,0.0,0.5806281,0.0,0.0,0.015293616,0.0,0.23155148,0.0,0.0,1.6326227,2.645434,2.6630929,1.1015911,0.0,1.1233896,0.0,0.0,0.0,0.3139689,1.4949032,0.0,1.7986876,0.0,1.2644739,0.35149196,0.23037465,0.46770653,0.0,0.0,0.0,0.0,0.0,0.0,0.00030360383,4.0
1.1895511,3.7133417,2.112046,3.2582965,1.4539629,0.0,0.0,0.0,0.34386462,2.5345194,0.0,1.6800965,3.5808308,1.0095997,0.0,0.17987339,0.07952831,0.0,2.28203,3.0795183,0.0,0.15599582,0.0,1.8350002,0.0,2.0688639,1.0191634,0.0,1.9165479,0.0,1.6061186,0.27071643,0.0,0.0,2.366994,0.87454754,1.2531141,0.0,1.3164588,0.0,2.0100534,0.18804568,0.0,0.0,0.0,1.1224074,0.0,0.745902,0.8076331,1.5300572,0.88501006,0.6478964,1.2849594,0.0,1.0703822,0.68655545,0.0,3.4100232,0.0,0.0,2.737871,0.0,3.020259,0.0,1.4307575,0.3678693,0.9762878,0.18984748,2.1566162,0.0,3.088916,0.45600033,3.2098517,2.5496795,0.0,2.179344,2.7896192,0.0,0.0,0.24755478,3.028901,0.0,2.7631369,0.0,1.1225388,3.3757453,0.0,0.357942,0.0,2.5902755,2.3400388,0.30895704,0.0,3.1642044,0.0,3.075966,3.4671314,0.06510677,0.0,0.0,2.4939148,0.0,0.0,0.76092774,0.033245035,0.47638878,0.0,0.8295567,1.7781988,0.0,0.21968171,0.012585209,0.0,3.5461216,2.0663624,1.2906168,0.35401303,0.0,0.0,0.0,0.0,2.6266582,0.3306762,0.0,0.0,1.5741682,3.1007395,0.1961983,4.0
0.0,0.0,0.0,0.0,0.0,0.11156154,0.2676092,0.08017104,0.0,0.0,1.3934231,0.0,0.0,0.0,0.62874657,0.0,0.585986,0.72410196,0.7362921,0.26964915,0.18996963,0.0,0.34313238,0.0,0.5646304,0.0,0.0,1.2623138,0.0,0.2447427,0.0,0.0,0.6200575,0.0,0.0,0.0,0.0,1.0074855,0.0,0.9009926,0.0,0.0,1.1884301,1.8107568,0.7698328,0.0,0.39470863,0.8337892,0.0,0.0,1.2252645,0.0,0.06346794,0.35441104,0.0,0.0,0.0,0.0,0.036455195,0.0,0.0,0.76355314,0.0,0.0,0.0,1.3661968,0.0,0.0,0.0,1.4399911,0.0,0.0,0.0,0.0,0.18360949,0.0,0.0,0.138702,0.0,0.0,0.0,0.0,0.0,0.0,0.532727,0.0,0.0,0.048599947,0.0,0.0,0.0,0.0,1.1066614,0.0,1.11244,0.0,0.109367825,0.0,0.49263713,0.5833619,0.0,0.07719954,0.7893856,0.0,0.0,0.0,0.45610106,0.0,0.0,0.0,0.0,1.1692712,0.9930312,0.12125011,0.0,0.0,0.0,0.44827384,1.186669,0.04019908,0.051596105,0.0,0.77099466,1.0486988,0.0,0.0,0.0,0.02436321,4.0
0.05470157,0.30590427,0.50242025,0.644415,0.0,0.22620963,0.14386635,0.0,0.5455878,1.3966758,0.0,0.33258364,0.39611873,0.13081352,0.0,0.0,0.0,0.0,1.1862465,0.0,0.37124896,0.0,0.24902417,0.0,0.0,1.3398869,1.5396246,0.0,1.2090849,0.3484248,1.5689008,1.1630385,0.28876936,0.0,0.6629462,1.2066612,1.3002231,0.0,0.59834546,0.0,0.41974843,0.0,0.0,0.0,0.0,0.8234305,0.0,0.2914762,1.1720693,0.0,0.9535398,1.3311076,1.109511,0.10503312,1.3959683,0.0,0.0,0.0,0.044499777,0.96073395,0.80579865,0.0,0.06638809,0.79281527,0.9422563,0.76424503,0.0,1.6246796,0.0,0.5091568,0.0,0.9611059,0.61153585,0.0,0.0,0.0,1.0715544,0.0,0.0,1.1217992,0.0,0.0,0.0,0.0,0.013408456,0.56267977,1.6164643,0.0,0.5680791,0.30209246,0.010974599,0.5472351,0.0,0.37654325,0.0,0.81968576,0.23903084,1.2670087,0.8173537,0.0,0.8653961,0.37815234,0.0,1.1863503,1.0090877,1.2745063,0.10732208,0.9339978,1.6628895,0.0,1.0211179,0.0,0.0,0.35277432,1.583772,1.0034672,0.0,0.0,0.0,0.6698438,0.2695745,1.1261041,0.48363498,0.0,0.0,0.9803748,0.05068658,0.10122907,4.0
0.0,0.0,0.0,0.2930487,0.8510769,0.1997188,0.49359393,0.0,0.0,1.3831393,0.0,0.9660358,0.34881318,1.016524,0.0,0.111662574,0.0,0.0,0.15308097,0.0,0.09928517,0.38815525,0.0,0.0,0.0,0.80604005,1.4405248,0.0,0.6741225,0.02737482,1.0743601,0.78550345,0.0,0.17194255,0.37955326,1.60507,1.2364439,0.0,1.2851392,0.0,0.0,0.0,0.0,0.0,0.0,0.76665145,0.06677458,0.0,1.2170194,0.0,0.021943437,1.1128699,0.5017908,0.0,1.5741513,0.0,0.2856348,0.0,0.0,1.1207948,0.70430875,0.0,0.0,0.47579303,0.6778188,0.015025246,0.31779972,1.3284105,0.28239098,0.0,0.0,0.9192031,0.10042863,0.0,0.032063056,0.0,0.6621606,0.0,0.77650434,1.5503099,0.0,0.0,0.09072402,0.11034385,0.0,0.15182677,1.6403166,0.06286947,0.80287355,0.10627286,0.22125489,0.0,0.0,0.0,0.0,0.5811755,0.0,1.4159887,0.20850204,0.0,0.34599265,0.33994454,0.0,0.68699336,1.1498444,1.2458681,0.0,1.0198673,0.9325662,0.0,1.1139832,0.0,0.0,0.0,1.1824534,1.2411375,0.6260053,0.0,0.0,0.4304545,0.0,0.56672174,0.0,0.0,0.0,1.374301,0.0,0.0,4.0
0.0,0.0,0.0,1.7685138,0.0,0.0,0.0,0.0,1.0212196,0.0,0.8018358,0.0,1.4167547,0.0,0.0,0.0,1.297846,0.0,1.2557108,0.58963835,0.0,0.0,1.3018332,0.0,0.0,0.0,1.8369571,0.0,0.0,0.0,1.9865805,2.0508053,0.42069888,0.6445896,0.7725813,0.0,0.0,0.0,0.0,0.0,0.0,0.0,0.63049054,0.0,0.39269236,0.6921397,0.5706582,0.20959683,0.0,0.0,0.3877456,0.64882296,1.9074198,1.0783228,1.8202128,0.8341709,0.0,1.401017,0.0,0.0,1.7537091,0.0,1.2893866,0.8706437,1.2423763,0.0,0.0,0.93365186,0.9268281,1.6400826,0.0,0.5849049,0.0,0.64007586,0.06216144,0.73444575,0.0,0.0,0.0,0.0,0.0,0.0,0.902432,0.0,0.0,1.8616991,1.0297321,0.0,0.0,1.844502,0.0,0.70607793,0.941413,0.104665026,0.0,1.587044,1.4899367,0.0,1.9024425,0.0,1.9591908,0.0,0.0,2.1570776,1.725117,1.9025179,0.0,0.8393749,1.8832749,0.0,0.5459894,0.0,0.37089255,1.7071127,0.0,1.2624401,0.0,0.0,0.0,0.99238807,0.0,0.56574863,0.100801215,0.0,0.0,0.011244071,0.0,1.9549853,4.0
0.0,0.0,0.0,0.0,0.0,0.0,0.0,0.2794065,0.0,0.0,0.67021143,0.16917537,0.0,0.0,0.15771925,0.26628244,0.0,0.8493767,0.0,0.0,0.0,0.94024307,0.07662067,0.6559351,1.6754775,0.0,0.0,1.4175723,0.0,0.0,0.0,0.0,0.0,1.0868746,0.0,0.0,0.0,0.5878277,0.0,1.9790254,0.0,0.0,1.0448072,1.4161184,0.61986816,0.0,0.0,0.0,0.0,0.6704668,0.0,0.0,0.0,0.0,0.0,0.0,0.15909046,0.0,0.0,0.0,0.0,0.41901943,0.0,0.0,0.36317715,0.0,0.6070377,0.0,0.08328422,0.0,0.0,0.020246604,0.0,0.6152917,0.0,0.4638699,0.0,0.0,0.03261431,0.0,0.0,0.0,0.049845092,0.0,0.15475285,0.0,0.0,0.5118419,0.0,0.0,0.29915518,0.0,0.23280297,0.0,0.72540456,0.0,0.0,0.0,0.0,1.3670262,0.0,0.0,1.2706722,0.0,0.0,0.0,0.0,0.0,0.0,0.0,0.0036941129,0.89795077,1.068263,0.0,0.0,0.0,0.0,0.0,0.53335345,0.2898434,0.0,0.0,0.0,0.9929322,0.11147943,0.0,0.0,0.0,4.0
0.08707732,0.0,0.105074696,0.0,0.0,0.29892275,0.33552176,0.0,0.0,0.0,0.0,0.0,0.0,0.0,0.8113806,0.2485953,0.0,0.5744347,0.0,0.0,0.2603948,0.09319393,0.0,0.19296311,1.1657827,0.0,0.0,1.3134485,0.0,0.58879435,0.0,0.0,0.0,0.0,0.0,0.0,0.0,1.1494924,0.0,0.9357604,0.1759428,0.032955427,0.14112736,0.927075,0.015446468,0.0,0.0,0.0,0.0,0.0,0.0,0.0,0.0,0.0,0.0,0.0,0.21968538,0.0,0.13005057,0.0,0.0,1.1477461,0.0,0.0,0.061020404,0.0,0.0,0.0,0.0,0.0,0.0,0.0,0.0,0.0,0.0,0.0,0.0,0.4359159,0.0,0.0,0.0,0.0,0.0,0.0,0.9069722,0.0,0.0,0.22241072,0.0,0.0,0.0,0.0,0.0,0.0,0.07586444,0.0,0.0,0.0,0.0,1.3887334,0.0,0.11937922,1.2028569,0.0,0.0,0.0,0.92546856,0.0,0.0,0.0,0.0,0.21675225,0.39729765,0.0,0.0,0.0,0.0,0.72788215,1.0857052,0.0,0.37859112,0.0,0.0,0.54036105,0.8550116,0.0,0.0,0.0,4.0
0.22260481,1.7551072,0.34299755,0.0,1.2024794,0.27491024,0.0,0.0,0.50508136,1.1941118,0.56778264,0.62354875,0.32427362,0.62572414,0.81830084,1.550532,0.0,1.5691854,0.9332782,2.0225408,0.0,1.0126026,0.7086388,0.0,0.93239725,1.5297823,0.0,0.508688,1.0309768,0.0,0.0,0.0,0.0,0.0,0.0,0.0,1.6184909,0.0,0.0,0.16246551,1.449278,1.3134779,0.0,0.0,0.6163007,0.0,0.0,1.8803097,1.2210152,1.6476219,0.4329992,0.0,0.73810726,0.29003805,0.0,0.0,0.63186437,0.63496196,0.44507477,0.24965271,0.0,0.39521232,0.23705117,0.20048858,0.0,0.5762747,0.8634785,0.0,0.0,0.46603653,1.1807069,0.0,0.8711637,0.0,0.0,0.03220265,0.956803,1.2288693,1.5221443,0.0,2.3384995,2.1857839,0.07673342,1.5596287,1.6476694,0.0,0.0,3.4741156,0.0,0.6097129,1.0923862,0.7120859,0.07281504,0.8194337,0.0,0.17380238,0.59800273,1.152247,0.0,0.1618294,0.0,0.17930943,1.058875,0.0,0.509468,0.35125968,0.0,0.0,0.0,0.7711076,0.0,0.0,0.0,0.50445265,1.4939195,0.0,1.7561436,0.0,0.0,0.9510773,0.49489832,0.37223488,1.875762,0.0,1.4246978,0.8976831,1.729476,0.0,4.0
0.0,0.3656048,0.0,0.0,0.0,1.1622608,0.9394358,0.0,0.94618595,0.313545,0.0,0.0,0.0,0.0,0.11203603,1.1487846,0.0,0.6803457,0.0,0.0,1.1731805,0.0,0.0,0.0,0.40544403,0.8490548,0.0,0.16092522,0.78434044,0.9144118,0.0,0.0,0.0,0.0,0.0,0.38522977,0.9574105,0.0,0.3705631,0.0,0.0,1.2951801,0.0,0.0,0.0,0.0,0.19148059,0.21008144,0.9291254,0.14470632,0.20617487,0.0,0.0,0.0,0.0,0.0,1.2019005,0.0,1.1997399,1.0511861,0.0,0.3347523,0.0,0.0,0.0,0.0,0.0,0.0,0.0,0.0,0.3280813,0.0,0.24296328,0.0,0.67605656,0.0,0.46681526,1.1284124,0.74564385,0.48214936,0.80010605,1.4523678,0.0,1.070318,0.37408465,0.0,0.5801731,0.6020317,0.2777476,0.09184279,0.0,1.0123949,0.0,0.22130382,0.0,0.0,0.0,1.1855861,0.0,0.50375175,0.0,1.3165292,0.5921825,0.0,0.0,0.0,0.9085491,0.0,0.0,1.47969,0.0,0.0,0.0,0.0,0.7793013,0.0,0.078640744,0.86005497,0.06022238,0.0,1.282044,0.30675277,0.6601397,0.0,1.2888285,0.3873778,0.84445,0.17171527,4.0
0.0,0.0,0.0,0.0,0.0,0.62858975,0.20323898,0.0,0.28622615,0.0,0.0,0.0,0.0,0.0,0.14407144,0.47916368,0.0,0.65780306,0.0,0.22272183,0.40621257,0.0,0.10146575,0.0,0.428285,0.0,0.0,0.29121408,0.0,0.5025243,0.0,0.0,0.0,0.0,0.0,0.0,0.0,0.0,0.0,0.0,0.0,0.50300217,0.19136378,0.0,0.5135728,0.0,0.0,0.15156698,0.0,0.0,0.0,0.0,0.2036491,0.0,0.0,0.0,0.35146883,0.0,0.51021427,0.0,0.0,0.49010605,0.0,0.0,0.0,0.0,0.0,0.0,0.0,0.0,0.0,0.0,0.0,0.0,0.071763374,0.0,0.0,0.64570373,0.4534316,0.0,0.0,0.7300226,0.0,0.38669938,0.4578332,0.0,0.0,0.64964527,0.0,0.15314002,0.0,0.22694422,0.0,0.0,0.0,0.0,0.0,0.079812326,0.0,0.42866224,0.0,0.48390624,0.5668237,0.0,0.2035399,0.09892375,0.6860452,0.0,0.0,0.53108215,0.0,0.0,0.3908738,0.0,0.0,0.0,0.0,0.73023057,0.0,0.0,0.5291499,0.0,0.2971824,0.36991215,0.779167,0.0,0.0,0.0,4.0
0.0,0.0,0.0,1.1489555,0.6388893,0.0,0.36552733,0.0,0.0,0.09130057,0.0,0.4020323,0.6613461,0.52768254,0.0,0.15633473,0.0,0.0,0.0,0.0,0.0,0.51964134,0.0,0.0,0.0,0.0,1.2741128,0.0,0.0,0.0,1.3371261,1.3603302,0.0,1.465753,0.0,0.96096736,0.26342803,0.0,1.3169272,0.0,0.0,0.0,0.0,0.0,0.0,0.9582043,0.75271016,0.0,0.5413851,0.0,0.0,1.5113709,0.26265812,0.0,1.4068823,0.0,0.0,0.42140135,0.0,0.46598473,1.5071453,0.0,0.32385072,0.7169805,1.7740796,0.0,0.54810333,1.2085803,0.83107483,0.0,0.0,1.7487992,0.0,0.5463374,0.3472749,0.6809498,0.0,0.0,0.91435266,1.1741966,0.0,0.0,0.5292287,0.29743764,0.0,0.66380733,1.1409789,0.0,1.4975414,0.9543658,0.285877,0.0,0.0,0.0,0.0,1.2831272,0.0,0.36497596,0.7943665,0.0,1.6766734,0.0,0.0,1.3260096,1.3334982,1.2959211,0.0,2.2052069,0.8570116,0.0,1.9194674,0.0,0.0,0.27216312,0.0,1.6682245,0.46021813,0.0,0.0,0.6647704,0.0,0.0,0.0,0.0,0.0,1.2262104,0.0,0.0,4.0
0.0,0.0,0.0,0.31603032,1.3670142,0.88574994,1.5258493,0.0,0.0,0.6990596,0.8066719,0.91186565,2.2003973,1.0033085,1.4271665,0.0,1.108304,0.2722213,2.385865,0.0,0.11229704,1.2043669,0.0,0.70867395,0.0,0.5890925,0.0,0.0,1.1319023,0.33877614,0.0,0.0,0.0,0.0,1.4281939,0.0,0.0,0.86077034,0.0,0.7590196,0.0,0.0,0.017485913,0.84466183,0.0,0.6772591,2.0327668,0.9918885,0.0,0.47718534,2.3059375,0.0,0.0,0.0,0.011106252,0.084000066,0.0,0.60806984,0.0,0.0,0.8614578,0.018962925,0.48069555,0.0,0.0,1.446918,0.7398876,0.0,0.9304406,0.0,1.5241537,0.0,0.79257417,0.9091051,2.4035552,0.47515324,0.0,0.0,0.0,0.0,0.0,0.0,0.6287214,0.0,1.2446848,1.248395,0.0,1.0274031,0.0,0.0,0.0,0.0,0.0,0.72120434,0.0035804785,0.0,0.0,0.0,0.0,0.076783806,0.0,0.2865407,0.41867492,0.0,0.0,0.0,0.59419256,0.0,0.0,0.0,0.0,0.70492935,0.0,1.7157722,0.0,0.0,1.0599463,0.8451419,1.402916,0.0,0.44517502,1.5775918,0.39752716,0.0,0.0,0.0,0.08037588,0.46514246,4.0
0.022777533,0.0,0.07638355,0.0,0.80909616,0.050026808,0.052174717,0.0,0.0,0.0,0.14207876,1.0107454,0.0,0.85213006,1.646932,0.0,0.0,0.46589616,0.05590998,0.0,0.0,1.050325,0.0,0.021072857,0.40098408,0.0,0.0,1.1511548,0.0,0.023926884,0.0,0.0,0.0,0.25101292,0.0,0.0,0.0,1.5918409,0.0,0.4484387,0.81568354,0.0,0.6235497,1.1912299,0.41566274,0.0,1.1315851,0.0,0.0,0.652431,0.0,0.0,0.0,0.0,0.0,0.0,0.0,0.0,0.6132261,0.0,0.0,1.2117796,0.0,0.0,0.0,1.5231932,0.68485653,0.0,0.0,0.0,0.0,0.0,0.0,0.0,0.0,0.087521076,0.0,0.0,0.0,0.0,0.0,0.0,0.0,0.0,0.14211819,0.0,0.0,0.4987642,0.0,0.0,0.40934235,0.0,0.0,0.0,0.0,0.0,0.0,0.0,0.30368456,0.81265736,0.0,0.0,0.6289836,0.0,0.0,0.0,0.12451779,0.0,0.0,0.0,0.0,0.15254495,0.46061134,0.0,0.0,0.0,1.8329107,1.3029226,1.4883391,0.0,0.0,0.0,0.0,0.5420753,0.0,0.0,0.0,0.0,4.0
0.0,0.0,0.0,0.0,0.0,0.8414613,0.81499666,0.0,0.0,0.0,0.0,0.0,0.0,0.0,1.0611833,0.28426933,0.0,1.1750234,0.12954521,0.06766879,0.7859345,0.0,0.0,0.0,0.7148152,0.0,0.0,1.2993127,0.0,0.8086572,0.0,0.0,0.0,0.0,0.0,0.0,0.0,1.090681,0.0,0.054140195,0.0,0.0,0.40009722,0.6854982,0.110846065,0.0,0.52614737,0.4048957,0.0,0.0,0.6309091,0.0,0.0,0.0,0.0,0.0,0.39605114,0.0,0.9769013,0.0,0.0,1.1815193,0.0,0.0,0.0,0.80787915,0.0,0.0,0.0,0.0,0.0,0.0,0.0,0.0,0.34431636,0.0,0.0,0.83461916,0.0,0.0,0.0,0.6125484,0.0,0.047647238,0.94564307,0.0,0.0,1.0488006,0.0,0.0,0.0,0.0,0.0,0.0,0.0,0.0,0.0,0.12018599,0.0,1.1302465,0.0,0.86873186,1.1725603,0.0,0.0,0.0,0.99051183,0.0,0.0,0.53618383,0.0,0.0,0.31599563,0.0,0.0,0.0,0.44258803,1.2441921,1.1920888,0.0,0.8362891,0.0,0.4513883,0.4951331,0.7774379,0.0,0.0,0.0,4.0
0.0354447,0.0,0.12924078,0.93454105,0.97040975,0.0,0.11899648,0.0,0.0,0.5317896,1.5631856,0.85407597,1.5999132,0.94182616,0.0,0.0,0.6108345,0.0,1.1231685,0.0,0.0,0.16091973,1.4154992,0.0,0.0,0.15788534,1.0296156,0.0,0.34647518,0.0,1.0962524,1.4554217,1.4671054,0.45558256,1.3579189,0.0,0.0,0.0,0.0,0.0,0.006979994,0.0,0.88317955,0.59658545,0.29304424,1.2642096,0.0,0.7739445,0.0,0.0,0.82753617,0.8833013,1.076984,1.0955181,1.0071917,0.0,0.0,0.95575637,0.0,0.0,1.1735634,0.0,0.9297072,1.3842744,0.37032807,0.7350334,0.098956294,1.3431007,1.0790007,1.4653609,0.0,0.52485317,0.07596264,0.71482563,0.21344875,0.6161051,0.24167821,0.0,0.0,0.0,0.0,0.0,0.9358072,0.0,0.0,1.2538296,0.24376775,0.0,0.0,0.7122919,0.18756767,0.0,1.4029387,0.0,0.97192556,0.70638305,0.98875624,0.0,0.9722538,0.0,0.9095849,0.0,0.0,1.0318042,0.99909776,0.8792255,0.0,1.1433312,1.2072341,0.0,1.0739993,1.3930569,0.0,1.0586278,0.017269304,0.16156678,0.0,0.0,0.0,1.4128398,0.0,0.4491377,0.84841365,0.0,0.0,0.0,0.0,0.0,4.0
0.0,0.0,0.0,0.0,0.0,1.525674,1.4406422,0.0,0.16691649,0.0,0.0,0.0,0.0,0.0,0.8923993,0.5441265,0.0,0.44726142,0.0,0.0,1.5571872,0.0,0.0,0.0,0.32791305,0.3266021,0.0,0.4906446,0.24033897,1.3541664,0.0,0.0,0.0,0.0,0.0,0.0,0.47628018,0.93408054,0.0,0.0,0.0,0.49372652,0.0,0.0,0.0,0.0,1.0964962,0.0,0.2720635,0.0,0.63378686,0.0,0.0,0.0,0.0,0.0,0.5673861,0.0,1.4781232,0.4747678,0.0,1.0248237,0.0,0.0,0.0,0.18085422,0.0,0.0,0.0,0.0,0.0,0.0,0.0,0.0,1.2573056,0.0,0.0,1.4552618,0.0,0.0,0.13389954,1.2245365,0.0,0.4068074,0.5167052,0.0,0.065456055,0.45953542,0.0,0.0,0.0,0.0,0.0,0.0,0.0,0.0,0.0,0.7055502,0.0,0.64203376,0.0,1.669067,0.5735215,0.0,0.0,0.0,1.3559463,0.0,0.0,1.4793165,0.0,0.0,0.017054701,0.0,0.29558545,0.0,0.7395194,1.5860019,0.9380725,0.0,1.5422453,0.0,0.0,0.23050638,1.4960935,0.0,0.056811586,0.0,4.0
0.04869148,0.0,0.082305744,0.0,0.0,0.19748093,0.25683978,0.0,0.0,0.0,0.0,0.0,0.0,0.0,0.7523892,0.27406594,0.0,0.5527015,0.0,0.0,0.16907072,0.15964282,0.0,0.21731502,1.203383,0.0,0.0,1.3109577,0.0,0.48020583,0.0,0.0,0.0,0.0,0.0,0.0,0.0,1.1201242,0.0,1.0067344,0.12765014,0.0,0.1643494,0.96804863,0.015895378,0.0,0.0,0.0,0.0,0.0,0.0,0.0,0.0,0.0,0.0,0.0,0.24291158,0.0,0.07564594,0.0,0.0,1.0700707,0.0,0.0,0.08725653,0.0,0.0,0.0,0.0,0.0,0.0,0.0,0.0,0.0,0.0,0.0,0.0,0.4091648,0.0,0.0,0.0,0.0,0.0,0.0,0.8130136,0.0,0.0,0.17599164,0.0,0.0,0.0,0.0,0.0,0.0,0.09929437,0.0,0.0,0.0,0.0,1.4016467,0.0,0.03413316,1.1821917,0.0,0.0,0.0,0.8136664,0.0,0.0,0.0,0.0,0.27678743,0.40828055,0.0,0.0,0.0,0.0,0.6556745,1.0454243,0.0,0.27929506,0.0,0.0,0.5388521,0.822323,0.0,0.0,0.0,4.0
0.0,0.0,0.0,2.1384428,0.0,0.0,0.0,0.13279712,0.35068622,0.0,1.02943,0.0,2.057935,0.0,0.0,0.0,1.2158638,0.0,1.3460596,0.5374042,0.0,0.0,1.6295874,0.0,0.0,0.0,1.4554992,0.0,0.0,0.0,1.9189774,2.3280158,1.1244802,0.78520525,1.392766,0.0,0.0,0.0,0.0,0.0,0.0,0.0,0.6878434,0.0,0.86125404,1.2989057,0.9446382,0.0,0.0,0.0,0.41650423,1.1848706,1.5846043,1.465999,1.4088037,1.0265281,0.0,1.8247002,0.0,0.0,2.1710079,0.0,1.6857255,1.6736997,1.3370649,0.0,0.0,1.4628632,1.3909088,1.730625,0.0,0.9806514,0.0,1.0043662,0.40650156,1.0757045,0.0,0.0,0.0,0.0,0.0,0.0,1.2234863,0.0,0.0,2.3764925,0.53221476,0.0,0.29694664,2.05677,0.0,0.0034948967,1.1933156,0.0,0.24056602,1.7447377,1.7113,0.0,2.3756402,0.0,2.301559,0.0,0.0,2.387753,1.342264,1.4243243,0.0,1.3567857,2.0420923,0.0,1.079677,0.22492197,0.6197623,2.1416373,0.0,0.8977354,0.0,0.0,0.0,1.2917881,0.0,0.50143963,0.0,0.18272655,0.0,0.0,0.0,1.8180873,4.0
0.0,0.6965,0.0,1.1999851,0.0,0.0,0.0,0.0,0.42121875,0.0,0.0,0.0,1.2502716,0.0,0.0,0.084335126,0.44031608,0.41554412,1.2636937,2.0697706,0.0,0.0,0.0,1.0726794,0.26956216,0.0,0.0,0.0,0.04391956,0.0,0.008652524,0.0,0.0,0.0,0.39013648,0.0,0.0,0.0,0.0,0.35895377,0.0,0.0,0.0,0.0,0.0,0.0,0.0,0.5786722,0.0,0.42132127,0.25164142,0.0,0.66961324,0.0,0.0,0.22660357,0.0,1.4528084,0.0,0.0,0.71698797,0.0,1.5193973,0.0,0.0,0.0,0.0,0.0,1.2481728,0.0,1.8606707,0.0,1.7917166,1.4578292,0.0,1.0867887,0.18158123,0.0,0.0,0.0,0.7484131,0.0,1.5012547,0.0,0.47741315,1.3248299,0.0,0.010462434,0.018018777,1.7148725,0.02457832,0.19599648,0.0,1.8320527,0.0,1.1704801,1.4833661,0.0,0.2188615,0.28212196,0.75560236,0.0,0.03856231,0.0,0.0,0.0,0.0,0.0,0.0,0.0,0.0,0.19312006,0.0,1.6545243,0.0,0.0,0.0,0.0,0.0,0.0,0.0,0.37745038,0.57169616,0.0,0.0,0.0,0.804065,0.22698382,4.0
0.0,0.0,0.0,0.0,0.0,0.9562736,0.9211168,0.0,0.0,0.0,0.0,0.0,0.0,0.0,1.0405196,0.22515559,0.0,0.3447226,0.2102024,0.0,0.92345685,0.027433462,0.0,0.0,0.40508056,0.0,0.0,0.80370647,0.0,0.816758,0.0,0.0,0.0,0.0,0.0,0.0,0.020472262,1.234732,0.0,0.0,0.0,0.0,0.017323272,0.39938077,0.008396798,0.0,1.3001543,0.0,0.0,0.0,0.6158824,0.0,0.0,0.0,0.0,0.0,0.18787456,0.0,1.0846671,0.004530811,0.0,1.0251454,0.0,0.0,0.0,0.67529666,0.0,0.0,0.0,0.0,0.0,0.0,0.0,0.0,0.85117745,0.0,0.0,0.98529476,0.0,0.0,0.0,0.7538446,0.0,0.12064081,0.37353438,0.0,0.0,0.2936273,0.0,0.0,0.0,0.0,0.0,0.0,0.0,0.0,0.0,0.25813812,0.24631204,0.6854678,0.0,1.0686592,0.52142435,0.0,0.0,0.0,0.88569987,0.0,0.0,0.8989912,0.0,0.0,0.11629273,0.0,0.0,0.0,1.0034032,1.3712255,1.1887457,0.0,0.9466122,0.0,0.0,0.338508,0.98357147,0.0,0.0,0.0,4.0
0.0,0.0,0.0,0.0,0.0,0.0,0.0,0.0,0.41416675,0.0,0.29476896,0.0,0.0,0.0,0.0,0.86031485,0.0,1.0907959,0.0,1.0169806,0.0,0.0,0.7612865,0.0,0.55132914,0.0,0.0,0.22309652,0.0,0.0,0.0,0.0,0.0,0.92769766,0.0,0.0,0.0,0.0,0.0,0.0,0.0,0.34639275,1.0778089,0.0,0.6174569,0.0,0.0,0.8036089,0.0,0.0,0.0,0.0,0.70208347,0.23564376,0.14740333,0.0,0.33007616,0.07819255,0.0,0.0,0.0,0.0,0.03612761,0.032320302,0.0,0.0,0.0,0.0,0.15034951,0.557169,0.0,0.0,0.0,0.3507623,0.0,0.3002731,0.0,0.571138,1.385944,0.0,0.0,1.015693,0.20954028,1.0369259,0.007383496,0.0,0.0,1.1873645,0.0,0.7713763,0.0,0.27798897,0.6722218,0.0,0.092328,0.08838672,0.68762624,0.07486999,0.0,0.1761281,0.0,0.0,0.37857947,0.0,0.7747134,0.4511938,0.0,0.0,0.0,0.0,0.0,0.0,0.6830687,0.0,0.0,0.0,0.0,0.0,0.0,0.27690038,0.0,0.0,0.78351384,0.87754464,0.41763878,0.0,0.0,0.0,4.0
0.0,0.0,0.0,0.0,0.0,1.2078944,1.1211834,0.0,0.0,0.0,0.0,0.0,0.0,0.0,1.180202,0.64754635,0.0,0.66648924,0.14530802,0.0,1.1266106,0.014752946,0.0,0.0,0.62613916,0.20306942,0.0,1.064863,0.042248078,1.0569881,0.0,0.0,0.0,0.0,0.0,0.0,0.29794848,1.2675124,0.0,0.0,0.0,0.07876367,0.0,0.32940996,0.0,0.0,0.988492,0.0,0.053156976,0.0,0.66474974,0.0,0.0,0.0,0.0,0.0,0.6196892,0.0,1.2934422,0.292082,0.0,1.2028167,0.0,0.0,0.0,0.63172686,0.0,0.0,0.0,0.0,0.0,0.0,0.0,0.0,0.8303856,0.0,0.0,1.1477873,0.0,0.0,0.12556084,1.0675671,0.0,0.4528823,0.6271507,0.0,0.0,0.6581723,0.0,0.0,0.0,0.0,0.0,0.0,0.0,0.0,0.0,0.61608285,0.0,0.93848646,0.0,1.279221,0.8453787,0.0,0.0,0.0,1.1498053,0.0,0.0,1.0723224,0.0,0.0,0.0,0.0,0.21348146,0.0,0.9729103,1.5483513,1.2561038,0.0,1.2387365,0.0,0.07003252,0.15682968,1.2301137,0.0,0.0,0.0,4.0
0.08225246,0.0,0.0,0.0,0.38102576,0.0,0.09401515,0.8427019,0.0,0.0,1.9674367,0.4187679,0.0,0.25079587,1.2961949,0.0,0.42056718,0.29178974,0.34629032,0.0,0.0,0.07094549,1.014894,0.1929544,0.69542074,0.0,0.0,1.1342858,0.0,0.0,0.0,0.0,1.0520545,0.09572616,0.75517756,0.0,0.0,1.8005658,0.0,1.123383,0.5480743,0.0,0.9813919,2.1833315,0.7532675,0.43417925,0.6771173,0.44998333,0.0,0.0,0.41873965,0.0,0.0,0.94644636,0.0,0.0,0.0,0.0,0.06004461,0.0,0.0,0.9751794,0.0,0.0,0.0,1.8073646,0.0,0.0,0.0,1.4535664,0.0,0.0,0.0,0.0,0.3116601,0.1709317,0.0,0.0,0.0,0.0,0.0,0.0,0.0,0.0,0.0,0.0,0.0,0.0,0.0,0.0,0.0,0.0,1.5935476,0.0,1.400192,0.0,0.0,0.0,1.4429133,0.06930556,0.0,0.0,0.72680056,0.0,0.0,0.0,0.032792214,0.0,0.0,0.0,0.0,1.6492964,0.88695806,0.0,0.0,0.0,0.65651715,0.5984849,1.7279683,0.46480468,0.0,0.0,0.30403754,1.0934129,0.0,0.0,0.0,0.0,4.0
1.3743597,0.94628,2.0884979,0.0,0.0,2.950064,2.475735,0.0,0.36862555,1.4774461,0.0,0.3120261,0.0,0.0,2.644161,0.0,0.0,0.0,1.353571,0.0,2.6381798,0.0,0.0,0.0,0.0,2.5692196,0.0,0.94811267,3.5819077,2.9954119,0.22458579,0.0,0.0,0.0,0.0,0.4140389,1.3703341,1.8667936,0.0,0.0,2.2688472,0.45461097,0.0,0.5931998,0.0,0.0,0.0,0.6338256,1.1503686,0.0,2.9262757,0.9396265,0.0,0.0,0.0,0.0,0.032575477,0.0,1.8214486,0.8226085,0.0,2.4143474,0.0,0.0,0.04148026,2.4348967,0.0,0.7197427,0.0,0.0,0.0,0.020448036,1.1228888,0.0,1.8923104,0.0,2.627931,0.6381722,0.0,0.37092015,1.9443918,0.0,0.0,0.0,2.251444,0.0,0.3498172,0.0,0.0,0.0,0.0,0.0,0.0,0.6551946,0.0,0.0,0.0,0.9532068,0.0,0.66481644,0.017784927,2.4659722,0.41316208,0.0,0.0,0.0,2.857467,0.0,1.0901114,1.4349637,0.16622603,0.0,0.0,0.0,2.1686785,0.0,1.0175079,2.781644,1.936481,0.0,2.8317888,1.1146951,1.1858749,0.0,1.2203996,0.008710138,2.3343773,0.0,4.0
0.0,0.0,0.18697476,0.51561695,0.64950806,0.13758245,0.46457708,0.0,0.0,1.3782468,0.0,0.81993943,0.30526778,0.7601532,0.0,0.0,0.0,0.0,0.027197562,0.0,0.26948938,0.15618956,0.0,0.0,0.0,0.9256437,1.2275152,0.0,0.7784281,0.053158917,1.1604245,0.79398155,0.0,0.22813378,0.34706056,1.5293301,1.353478,0.0,1.1848158,0.0,0.0,0.0,0.0,0.0,0.0,0.8288483,0.065207265,0.0,1.3140413,0.0,0.0,1.2770177,0.45693773,0.0,1.2647662,0.0,0.2817524,0.0,0.0,1.1822816,0.8229167,0.0,0.0,0.6712901,0.8526781,0.0,0.16738899,1.4630996,0.2371664,0.0,0.0,1.0610675,0.13561551,0.0,0.0,0.0,0.91550124,0.0,0.40419605,1.4249431,0.0,0.0,0.059959535,0.049722396,0.0,0.35537583,1.4833324,0.0,1.0222903,0.3070449,0.35203305,0.0,0.0,0.0,0.0,0.678147,0.0,1.4519286,0.60638535,0.0,0.6745755,0.4012676,0.0,0.7931737,0.87482,0.9900468,0.0,1.1798205,1.038113,0.0,1.2331041,0.0,0.0,0.13758916,1.3317974,1.0907601,0.43777928,0.0,0.0,0.41991687,0.04742913,0.68860114,0.0,0.0,0.0,1.2751819,0.0,0.0,4.0
0.19671494,0.9009976,0.5711198,0.0,0.08332623,0.0,0.0,0.0,0.71732867,0.7328494,0.0,0.15939482,0.0,0.21971898,0.0,1.6017576,0.0,1.4224454,0.0,0.55298567,0.0,0.0,0.0,0.0,0.9170715,0.5480981,0.0,1.1151578,0.68386734,0.0,0.0,0.0,0.0,0.0,0.0,0.38128364,0.59326243,0.0,0.4595635,0.17020597,0.4895854,0.9068959,0.0,0.0,0.0,0.0,0.0,1.1965135,0.5354083,0.6005051,0.0,0.0,0.011489911,0.0,0.0,0.0,1.6904509,0.0,0.12522434,0.8150542,0.0,0.13350528,0.0,0.0,0.0,0.07672535,0.20951453,0.0,0.0,0.0,1.2166499,0.0,1.22608,0.037780147,0.0,0.0,1.0300815,0.0,0.9176237,0.31062216,0.8967549,0.5956862,0.05531624,1.2754753,1.0357566,0.0,0.0,1.1819566,0.0,0.1724552,0.33875012,0.8078179,0.0,1.2115097,0.0,0.03503475,0.034189004,0.8861519,0.0,1.222698,0.0,0.0,1.284736,0.0,0.0,0.0,0.09389356,0.0,0.0,0.033208985,0.0,0.09588947,0.0,0.0,0.54956996,0.0,0.0,0.010392987,0.0,0.0,0.0,0.38372892,1.3701653,0.0,0.0,0.22538744,0.903099,0.0,4.0
0.27738422,2.066914,1.3675264,1.1206672,2.0421386,0.0,0.0,0.0,0.0,2.9894016,0.0,2.0463977,1.5472245,1.9256411,0.6949412,1.1792808,0.23977397,0.374643,2.0342584,1.0797505,0.0,1.0752124,0.0,0.9924314,0.0,2.112517,0.0,0.36085647,2.5086806,0.0,0.0,0.0,0.0,0.0,1.2413633,1.8026782,1.2001575,0.0,1.55005,0.05098673,1.4253149,0.2539736,0.0,0.570088,0.0,0.00081287656,0.0,1.3665891,1.0307342,1.792679,1.250517,0.0,0.0,0.0,0.0,0.0,1.3110504,1.1465242,0.0,1.0376676,0.77565503,0.0,0.9560654,0.0,0.0,1.724551,1.311972,0.0,1.2894042,0.0,3.1590915,0.0,3.3011231,1.5544866,0.0,0.88295895,2.3005745,0.0,0.38221455,1.6574895,2.1863072,0.0,1.5637127,0.7825201,1.6587414,1.2661972,0.17052032,0.9250014,0.7168843,0.5404689,1.5477601,0.47501466,0.0,2.8943534,0.0,0.89902145,1.0243385,1.2107992,0.0,0.6267363,0.0,0.0,0.37878004,0.0,0.0,0.0,0.0,0.0,0.0,0.0,0.0,0.5559591,0.0,1.3930569,1.9225376,0.0,0.5504936,0.0,0.0,0.0,0.0,3.0888202,1.0072244,0.0,0.0,1.1561272,2.1675537,0.0,4.0
1.8736957,1.3225164,2.5363708,0.0,0.0,2.4150336,1.5887803,0.0,0.06428414,1.2747515,0.0,0.7352534,0.0,0.075863115,2.6170993,0.0,0.0,0.0,1.7271556,0.0,1.7896996,0.0,0.0,0.47299603,0.0,2.3598545,0.0,1.0269741,3.4959512,2.4050815,0.09892865,0.0,0.48407397,0.0,0.503646,0.0008531836,0.7567089,1.6505344,0.0,0.0,2.725074,0.047909692,0.0,0.9792445,0.0,0.30570123,0.0,0.6607972,0.5621189,0.0,2.9519956,0.9604451,0.0,0.0,0.0,0.0,0.0,0.0,1.1545949,0.11578487,0.0,2.199906,0.0,0.069225825,0.09192713,2.7887921,0.0,0.7843774,0.0,0.0,0.18045372,0.19567043,1.7168679,0.0,1.3957772,0.0,2.773527,0.0,0.0,0.0,2.2396135,0.0,0.0,0.0,2.1863754,0.0,0.0,0.0,0.0,0.0,0.25248855,0.0,0.0,1.2577274,0.0,0.0,0.0,0.12316018,0.0,0.50978476,0.2902536,1.594746,0.36482486,0.0,0.0,0.0,2.447705,0.1794227,1.178756,0.777867,0.39725927,0.21262513,0.0,0.0,1.7869222,0.0,1.0960244,2.4330275,1.7532884,0.0,2.1924772,1.061742,1.1839697,0.0,0.7929593,0.0,2.6301897,0.0,4.0
0.0,0.33109242,0.0,0.5906886,0.0,0.0,0.0,0.0,0.87072635,0.783083,0.0,0.0,0.0,0.0,0.0,0.37409773,0.0,0.0,0.0,0.0,0.21803817,0.0,0.0,0.0,0.0,0.58485067,1.5611061,0.0,0.37031156,0.075968646,1.4680796,0.974911,0.0,0.0465297,0.0,1.5229845,1.2246209,0.0,1.1860657,0.0,0.0,0.8379191,0.0,0.0,0.0,0.26009956,0.0,0.0,1.3906324,0.0,0.0,1.0842232,0.8610624,0.0,1.5144869,0.0,0.65963525,0.0,0.060472257,1.3948535,0.5498349,0.0,0.0,0.19068632,1.3572049,0.0,0.0,1.0679024,0.0,0.0,0.0,1.1719482,0.16495633,0.0,0.0,0.0,0.4808286,0.0,0.7237809,1.6637713,0.0,0.0,0.0,0.41880062,0.0,0.11351261,1.9746926,0.0,1.0484184,0.29592377,0.0,1.20766,0.0,0.017674685,0.0,0.90715003,0.0,1.3983433,0.6299417,0.0,0.8560537,0.21189462,0.0,1.1705527,1.1493877,1.4406849,0.027959296,1.0558231,1.0919628,0.003952133,1.0646079,0.0,0.0,0.0,0.93721855,1.456191,0.0,0.0,0.0,0.3736991,0.03750414,0.8799012,0.0,0.0,0.0,1.3605287,0.0,0.29670674,4.0
0.0,0.15574947,0.0,1.788435,0.0,0.0,0.0,0.0,0.0,0.457584,0.0,0.0,1.4124302,0.0,0.0,0.0,0.38346756,0.059967697,0.9851656,0.45368353,0.0,0.0,0.0,0.49322668,0.0,0.0,3.1315355,0.0,0.0,0.0,2.5064886,1.7440964,0.0,0.0,0.23375602,0.1821088,0.12474916,0.0,0.8922679,0.0,0.22570637,0.0014557135,0.39907065,0.0,0.0,0.5737916,0.0,1.0205693,0.0,0.0,0.5024908,0.5626268,2.7715638,0.0,3.2368703,0.0,0.0,1.5076824,0.0,0.0,1.4908973,0.0,1.3678657,0.0,1.8196293,0.0,0.0,0.426273,0.6168012,0.112892926,0.35448307,0.5496089,0.42628938,0.6824098,0.0,0.79149264,0.05374023,0.0,0.0,0.27709302,0.0,0.0,1.2178037,0.0,1.1233368,1.5943449,1.4235319,1.9778204,0.0,1.5426124,0.0,0.17222904,0.0,0.49104682,0.0,2.1235356,1.6519415,0.0,0.0,0.0,1.6664783,0.0,0.0,1.8751017,2.9740856,3.3249674,0.0,0.89010435,1.8676225,0.0,0.32094434,0.0,0.0,1.50417,0.03830433,2.9344628,0.0,0.0,0.0,0.87366474,0.0,0.68449086,0.0,0.0,0.0,1.5074649,0.0,0.14873804,4.0
0.0,0.0,0.0,0.015583746,1.1982929,0.4591776,0.98638546,0.0,0.0,1.2444433,0.0,1.0274125,0.116317876,1.2080609,0.39421448,0.3094888,0.0,0.0,0.0,0.0,0.3007823,1.1184082,0.0,0.0,0.0,0.5199708,1.1844562,0.0,0.6651731,0.10588068,0.4862546,0.19344214,0.0,0.0,0.0,1.5298245,0.8033046,0.30028245,1.4809369,0.0,0.0,0.0,0.0,0.0,0.0,0.5097383,0.89216626,0.0,0.78422976,0.36964127,0.05261851,0.6135108,0.0,0.0,1.3196889,0.0,0.5452739,0.0,0.080529004,0.8956609,0.40869007,0.0,0.0,0.0,0.24357487,0.0,0.8415746,0.67697304,0.111885846,0.0,0.14924315,0.51399064,0.0,0.0,0.9146515,0.0,0.20573233,0.0,0.74619365,1.6675967,0.0,0.0,0.0,0.15350944,0.009058489,0.0,1.3889732,0.226437,1.002993,0.0,0.16706522,0.0,0.0,0.0,0.0,0.005247656,0.0,1.0920388,0.0,0.0,0.0,0.40957066,0.0,0.2859383,0.66766495,0.8369344,0.21190602,0.71256685,0.20976308,0.0078007514,0.78036726,0.0,0.0,0.0,0.6547078,1.2002249,1.086486,0.5020357,0.43785584,0.0,0.07479074,0.8453579,0.0,0.0,0.0,1.2466582,0.0,0.0,4.0
0.16624813,0.0,0.54379696,0.0,1.3361092,0.06035612,1.2180247,0.0,0.0,1.1416808,0.13256665,1.4393878,0.19706324,1.5053964,0.0,0.0,0.0,0.0,0.0,0.0,0.10312795,0.60263085,0.0,0.0,0.0,0.49920568,0.0,0.503837,0.29069263,0.0,0.002873433,0.0,1.1963549,0.68927675,0.50115925,0.90462613,0.8445279,0.42701083,0.5305466,0.0,0.0,0.0,0.018027427,0.95278996,0.0,0.8245891,0.0,0.11867519,0.70811963,0.0,0.0,0.5528704,0.0,0.0,0.0,0.0,0.21867135,0.0,0.0,0.68054587,0.25349453,0.0,0.0,1.0685562,0.0,0.20321478,0.49545357,1.1203977,0.584083,0.0,0.0,0.47586694,0.0,0.0452731,0.0,0.04193471,0.9308141,0.0,0.023256214,0.47321305,0.0,0.0,0.2733443,0.0,0.0,0.0,0.21147624,0.0,0.8590907,0.0,0.68119395,0.0,0.022887366,0.0,0.568278,0.0,0.0,1.1279026,0.43486196,0.0,0.0,0.22740114,0.0,0.0,0.0,0.0,0.0,0.853208,0.009709495,0.0,0.9199137,1.337329,0.0,0.0,0.8936206,0.0,0.7355787,0.0,0.025290092,0.64042217,0.0,0.0,0.50175196,0.0,0.0,0.3160558,0.0,0.0,4.0
0.4555991,0.32780644,0.826189,1.2266996,1.5995256,0.0,0.0,0.0,0.0,0.70337063,0.0,1.2156334,0.76586366,1.2598262,0.0,0.0,0.3824538,0.0,0.0,0.0,0.0,1.3527352,0.0,0.8989604,0.0,0.0,0.0410641,0.0,0.16830964,0.0,0.23555961,0.0,0.0,1.0830591,0.0,0.65922225,0.0,0.0,1.130572,0.07518287,0.0,0.0,0.0,0.0,0.0,0.39266813,0.32930613,0.0,0.09044659,0.78139275,0.0,0.39187425,0.0,0.0,0.0,0.29576668,0.25406185,0.74008906,0.0,0.030378599,1.1681074,0.0,0.6669036,0.0,0.8024304,0.0,1.4357456,0.21626462,1.1305791,0.0,0.9651932,0.65145695,0.21809807,1.0590769,0.077800475,1.0329971,1.0367299,0.0,0.19309512,0.84343696,0.58459264,0.0,1.026801,0.0,0.0,0.82878065,0.16301908,0.0,1.5420461,0.92434824,1.3950332,0.0,0.0,0.0,0.0,0.8402094,0.32313734,0.0,0.09158869,0.017021202,1.1245297,0.0,0.0,0.0,0.0,0.0,0.0,1.4687235,0.0,0.0,1.1072397,0.0,0.0,0.56208926,0.0,0.5556815,0.5710186,0.0,0.0,0.0,0.0,0.8621213,0.0,0.0,0.0,0.5515987,0.0,0.0,4.0
0.0,0.0,0.0,0.0,0.0,0.9956183,0.9096243,0.0,0.014268244,0.09514695,0.0,0.0,0.0,0.0,0.35798094,0.88648367,0.0,0.009518462,0.0,0.0,1.0500877,0.0,0.0,0.0,0.15616977,0.3757921,0.0,0.15262441,0.19489384,0.77598935,0.0,0.0,0.0,0.0,0.0,0.26868063,0.7759186,0.5563903,0.45197526,0.0,0.0,0.4905718,0.0,0.0,0.0,0.0,1.0825531,0.0,0.67409086,0.0,0.04083295,0.0,0.0,0.0,0.0,0.0,0.7320948,0.0,1.1323047,0.8021244,0.0,0.52503633,0.0,0.0,0.0,0.0,0.0,0.0,0.0,0.0,0.0,0.0,0.0,0.0,0.79792273,0.0,0.06845458,1.264088,0.2779141,0.30703092,0.42997843,1.3220922,0.0,0.83014613,0.0,0.0,0.23545827,0.03956522,0.11717433,0.0,0.0,0.0,0.0,0.0,0.0,0.0,0.0,0.9642647,0.0028559295,0.39395425,0.0,1.3161147,0.10812401,0.0,0.0,0.0,0.717824,0.0,0.0,1.4554397,0.0,0.0,0.0,0.0,0.5645615,0.03122204,0.8506335,1.0817542,0.4922414,0.0,1.0130514,0.0,0.0,0.07015919,1.3314934,0.25134802,0.22129457,0.0,4.0
0.0,0.0,0.0,0.0,0.0,1.3935484,1.3182203,0.0,0.77243185,0.0,0.017846948,0.0,0.0,0.0,0.21550946,0.0,0.5296527,0.8388072,0.8328658,0.5084298,1.5085527,0.0,0.25974995,0.0,0.0,0.0,0.15574557,0.0,0.0,1.2126364,0.0,0.0035045317,0.0,0.0,0.0,0.0,0.0,0.13916686,0.0,0.0,0.0,0.26035258,0.47234672,0.0,0.78750527,0.0,1.2703872,0.472093,0.0,0.0,0.97783035,0.0,0.5753624,0.12181843,0.18775804,0.0,0.0,0.0,1.2407273,0.0,0.0,0.5881711,0.0,0.0,0.0,0.0,0.0,0.0,0.0,0.6475206,0.0,0.0,0.0,0.0,1.4088088,0.0,0.0,1.573262,0.0,0.0,0.0,0.7640923,0.0,0.0,0.60654277,0.20283833,0.0,0.7213218,0.0,0.7250524,0.0,0.1308495,0.08900064,0.0,0.0,0.0,0.0,0.0,0.43486482,0.12911999,0.0,1.5045031,0.36278874,0.26374885,0.3685637,0.5288762,1.2170761,0.0,0.0,1.0426115,0.0,0.0,0.735892,0.7314529,0.0,0.077754475,0.0,1.0299517,0.15479085,0.0,1.3973398,0.0,0.5259406,0.8895829,1.1818739,0.0,0.0,1.299872,4.0
0.08484135,0.21457525,0.19864225,0.0,0.0,0.48397693,0.26204258,0.0,0.3607391,0.18795343,0.0,0.0,0.0,0.0,0.40085727,0.5624858,0.0,0.691347,0.13283825,0.0,0.35752538,0.0,0.0,0.0,0.5125694,0.33357218,0.0,0.86990684,0.5742487,0.4889498,0.0,0.0,0.0,0.0,0.0,0.0,0.27174202,0.210766,0.0,0.0043026954,0.21346168,0.40391678,0.0,0.14586446,0.0,0.0,0.0,0.66770333,0.10542037,0.056910276,0.46657047,0.0,0.0,0.0,0.0,0.0,0.72768986,0.0,0.38341767,0.2980414,0.0,0.53221816,0.0,0.0,0.0,0.39875832,0.0,0.0,0.0,0.0,0.36520353,0.0,0.44976792,0.0,0.0,0.0,0.55461407,0.10288967,0.118108466,0.0,0.38261506,0.44143513,0.0,0.3610312,0.77074486,0.0,0.0,0.4557474,0.0,0.0,0.0,0.24401669,0.014762798,0.4536575,0.066462815,0.0,0.0,0.4140921,0.0,0.68801856,0.0,0.34114257,0.7667512,0.0,0.0,0.0,0.6945182,0.0,0.0,0.284622,0.0,0.059138797,0.0,0.0,0.26646528,0.0,0.0,0.6184922,0.33999285,0.0,0.52041996,0.0,0.83562016,0.0,0.26252562,0.0,0.4192647,0.0,4.0
0.0,0.0,0.0,0.0,0.0,0.81455004,0.6663573,0.0,0.37201616,0.51445055,0.0,0.0,0.0,0.16963644,0.2940088,1.4576008,0.0,0.8311831,0.032310184,0.0,0.52708554,0.09030301,0.0,0.0,0.0,0.61313474,0.37659243,0.15971455,0.6861018,0.5837409,0.0,0.0,0.0,0.0,0.0,0.63691014,0.76644224,0.012708664,0.7493805,0.0,0.0,0.87894124,0.0,0.0,0.0,0.0,0.0,0.4185552,0.77504915,0.4644299,0.13830706,0.0,0.25107962,0.0,0.6465925,0.0,1.2396328,0.0,0.62306637,0.960527,0.0,0.38220912,0.0,0.0,0.0,0.0,0.0,0.0,0.0,0.0,0.53803277,0.0,0.3338608,0.0,0.50335175,0.0,0.0878521,0.309898,1.5289162,0.83660734,0.49352622,1.1636536,0.0,1.2443997,0.6856475,0.0,1.0056566,1.2763947,0.044339497,0.0,0.0,0.6423453,0.0,0.30505416,0.0,0.016451439,0.0,1.1520635,0.0,0.40586448,0.0,0.6658972,0.56932116,0.041868977,0.55731374,0.76910716,0.76657736,0.0,0.0,0.6162384,0.0,0.0,0.0,0.0,0.51531637,0.42796835,0.23739249,0.85799146,0.21987975,0.0,0.86172736,0.3291606,0.15302844,0.0,0.59404826,0.7907729,0.51476645,0.0,4.0
1.3670216,0.84427416,0.96365225,0.0,0.0,0.44931787,0.06975715,2.7106345,0.95787156,0.0,0.64617795,0.0,0.0,0.0,0.10560797,0.12143364,0.0,0.0,0.0,0.0,0.7422979,0.74024445,1.381889,0.9050294,1.4184896,0.10848627,0.0,0.22458947,0.29925692,0.61433965,0.0,0.0,1.5353807,0.0,0.45692945,0.0,0.21256928,0.6041437,0.0,1.1273878,0.7285607,1.5234115,0.0,0.5539836,1.1568505,0.40694374,0.17209977,0.0,0.6772441,1.3165528,0.0,1.0124121,0.0,1.3674849,0.0,1.5258436,0.0,0.0,0.22342071,0.04292631,0.0,0.13292882,0.0,1.2776593,0.69185686,0.13823678,0.60870695,0.7670928,0.0,0.26544455,0.0,1.3728359,0.0,0.0,0.6627516,0.0,0.043659516,1.8578416,0.39738253,0.21949317,1.3129597,0.66244996,0.0,0.22938752,0.0,0.0,0.0,0.0,1.409462,0.0,0.72541577,1.2269986,0.91237736,0.0,1.4144211,0.0,0.0,0.0,0.0,0.0,0.0,0.72872245,0.019511621,0.0,0.0,0.0,0.42293534,0.6710211,0.0,1.2383583,0.93181664,0.8063885,1.2285343,0.0,0.0,0.0,0.5387866,0.22765951,0.6439455,1.0557094,0.6195532,0.0,0.0,1.2424706,2.4105694,0.0,0.9176173,1.6854017,4.0
1.4302391,0.0,1.2863973,0.0,0.347482,0.0,0.0,1.892938,0.0,0.0,0.0,1.0867236,0.0,0.52880853,0.3076429,0.0,1.749946,0.0,0.0,0.0,0.0,0.39078048,0.82527715,1.5204538,0.0,0.0,0.103875875,0.0,0.0,0.0,0.0,0.45632675,0.0,2.2102249,1.287533,0.96227103,0.0,0.736183,0.117947385,0.0,1.46452,0.02489401,0.8185037,0.09195711,1.4408581,0.59961194,1.5078892,0.0,0.40947363,0.99973136,0.0,1.2018751,0.0,0.9053573,0.0,2.5079613,0.0,0.0,0.0,0.0,0.0,0.0,0.0,1.3109488,0.18046544,0.0,0.6016123,1.0359021,0.27306733,0.0,0.0,1.0981296,0.0,0.0,0.0,1.5557741,0.0,0.0,1.6492939,1.691739,0.0,0.0,0.0,0.0,0.0,0.0,1.8330154,0.0,1.3036237,0.0,0.89968634,0.973524,0.0,0.0,0.0,0.0,0.0,0.0,1.1841203,0.0,0.0,0.0,0.0,0.0,0.0,0.0,0.0,0.97049475,0.0,0.0,0.9356439,0.0,1.1840444,0.0,0.0,1.0664766,0.813024,0.0,0.8983071,0.30268627,0.0,0.0,0.0,1.3161545,0.0,0.5644545,0.0,1.4834405,4.0
0.053798802,0.0,0.26511812,0.0,0.6891955,0.0,0.017094992,0.8043119,0.0,0.0,0.0,0.8155084,0.0,0.5425417,0.89012235,0.10316558,0.0,0.0,0.0,0.0,0.0,0.29365823,0.0,0.0,0.0,0.0,0.0,0.2821184,0.0,0.0,0.0,0.0,0.0,0.56144977,0.72387403,0.3600053,0.0,1.663039,0.20379321,0.0,0.14752814,0.0,0.0,0.740326,0.005020541,0.6532279,2.0365715,0.0,0.050925083,0.09318514,0.0,0.7689128,0.0,0.0,0.0,0.0,0.0,0.0,0.45765427,0.14622596,0.0,0.5159917,0.0,0.5390057,0.0,0.8821314,0.3466078,0.57216054,0.0,0.0,0.0,0.34428197,0.0,0.0,0.57100743,0.47025684,0.0,0.19227642,0.0,0.48122606,0.36722183,0.26110286,0.0,0.2681247,0.0,0.0,0.0,0.0,0.5701044,0.0,0.24424146,0.0,0.0,0.0,0.0,0.0,0.0,0.0,1.3447521,0.0,0.0,0.17648743,0.0,0.0,0.0,0.0,0.0,0.30200386,0.0,0.53948677,0.24158162,0.03094691,0.0,0.0,0.0825578,0.0,1.6299722,0.76546097,1.5248109,0.0,0.0,0.0,0.0,0.37553525,0.28907448,0.0,0.0,0.0,4.0
1.5640936,1.6354818,1.6645198,0.23681355,0.0,0.45076045,0.0,0.92266,1.3704305,0.46760663,0.0,0.16305219,0.0,0.0,0.054884948,0.0,0.0,0.0,0.0,0.0,0.59996176,0.0,0.0,1.0183836,0.0,1.2612276,0.0,0.0,1.7234886,0.46220982,0.6698734,0.48241976,0.47423783,0.0,0.6362641,0.97368616,0.92971456,0.2103915,0.31332585,0.0,1.2497932,1.578436,0.0,0.0,0.0,0.57072634,0.0,0.0,1.191528,0.675298,0.19332364,1.4550802,0.0,0.06997349,0.0,1.1387442,0.0,0.0,0.26025656,0.7948196,0.5878247,0.0,0.0,0.6463771,1.6837338,0.0,0.0,1.0611987,0.0,0.0,0.47241402,1.5278734,0.8908166,0.0,0.57386863,0.0,1.4304484,0.51981884,0.0,1.084443,1.7913113,0.0,0.0,0.021381373,0.0,0.034531225,0.7944231,0.0,1.2994168,0.0,0.8772221,1.6045684,0.0,0.78084713,0.0,0.59005386,0.0,0.08487979,0.0,0.0,1.2271451,0.504044,0.0,0.6838067,0.0,0.0,0.46637967,1.316886,1.0437206,0.866951,1.2899734,0.0,0.0,0.0,0.9414217,0.19060142,0.34785536,0.21750955,0.119356446,0.051416747,0.5862404,1.0638218,0.0,0.0,0.90241355,0.7303865,1.7724974,1.5506115,4.0
0.0,0.0,0.0,0.0,0.6073548,0.113662586,0.11332758,0.0,0.0,0.0,0.8016003,0.74822533,0.0,0.656082,1.6462102,0.0,0.0,0.7829963,0.30702347,0.07653272,0.0,0.80672383,0.0,0.0,0.6130369,0.0,0.0,1.3704277,0.0,0.1346069,0.0,0.0,0.0,0.14813356,0.0,0.0,0.0,1.6012427,0.0,0.7372923,0.71053845,0.0,0.89119476,1.5430245,0.6051863,0.0,0.77851754,0.0,0.0,0.3660889,0.22115344,0.0,0.0,0.0,0.0,0.0,0.0,0.0,0.46324602,0.0,0.0,1.2904906,0.0,0.0,0.0,1.680405,0.43752718,0.0,0.0,0.16818161,0.0,0.0,0.0,0.0,0.0,0.0,0.0,0.0,0.0,0.0,0.0,0.0,0.0,0.0,0.36655477,0.0,0.0,0.77689356,0.0,0.0,0.13121337,0.0,0.48727527,0.0,0.30564365,0.0,0.0,0.0,0.3622694,0.8038377,0.0,0.0,0.8949831,0.0,0.0,0.0,0.2682009,0.0,0.0,0.0,0.0,0.5824125,0.6966623,0.0,0.0,0.0,1.4470564,1.1703397,1.5241511,0.13868676,0.0,0.0,0.0,0.7402934,0.0,0.0,0.0,0.0,4.0
0.0,0.21265298,0.36279702,0.67321813,0.016066527,0.21708201,0.150759,0.0,0.47842127,1.3987277,0.0,0.330141,0.42708662,0.21382235,0.0,0.0,0.0,0.0,1.2566087,0.0,0.34862432,0.0,0.33353344,0.0,0.0,1.3047073,1.5678515,0.0,1.1203376,0.33063108,1.5753359,1.211969,0.37326506,0.0,0.69973886,1.1971537,1.2945958,0.0,0.56533736,0.0,0.31593886,0.0,0.0,0.0,0.0,0.87175214,0.0,0.3212767,1.1567162,0.0,0.97882724,1.3361735,1.1867684,0.19393916,1.4231079,0.0,0.0,0.022341453,0.018311927,0.9440835,0.8132352,0.0,0.10291754,0.88014776,0.8636856,0.79741156,0.0,1.6920236,0.0,0.59716475,0.0,0.9558011,0.5751189,0.0,0.0,0.0,0.9829267,0.0,0.0,1.1155748,0.0,0.0,0.030434337,0.0,0.0,0.60689956,1.6110257,0.0,0.5911245,0.3449245,0.0,0.4856625,0.0,0.33129,0.0,0.8206856,0.29472747,1.3026986,0.93679273,0.0,0.83236957,0.37750098,0.0,1.2264556,1.0632701,1.3123126,0.07547781,0.9199739,1.6555008,0.0,1.0285833,0.0,0.0,0.3988968,1.5764815,0.9669363,0.0,0.0,0.0,0.78140956,0.2472461,1.1022766,0.52702886,0.0,0.0,0.9731791,0.0,0.047790933,4.0
0.6288657,0.0,0.5976055,0.0,1.1197549,0.0,0.0,0.13821836,0.0,0.0,1.5551907,1.3098471,0.0,1.2465316,1.5245409,0.0,0.0,1.054236,0.14744718,0.11937677,0.0,1.5955385,0.36221227,0.8659519,0.80828285,0.0,0.0,1.1956028,0.0,0.0,0.0,0.0,0.0,0.5540776,0.0,0.0,0.0,1.1488723,0.0,1.5311264,1.4143184,0.0,1.4438381,1.7013605,1.3518957,0.0,0.12220115,0.0,0.0,1.3298331,0.0,0.0,0.0,0.5585039,0.0,0.0,0.0,0.0,0.0,0.0,0.0,1.0313499,0.0,0.0,0.0,1.7484251,1.1731167,0.0,0.052681163,0.33512652,0.0,0.0,0.0,0.034847733,0.0,0.43712184,0.0,0.0,0.0,0.0,0.0,0.0,0.0,0.0,0.23231015,0.0,0.0,1.1675916,0.0,0.0,0.8788096,0.0,1.0591729,0.0,0.8429428,0.0,0.0,0.0,0.0,0.6678065,0.0,0.0,1.079695,0.0,0.0,0.0,0.0,0.0,0.0,0.0,0.0,0.84374714,1.3690298,0.0,0.0,0.0,1.4234571,0.6905182,1.1231624,0.81657046,0.0,0.0,0.0,1.1047229,0.0,0.0,0.0,0.0,4.0
0.8117229,0.7895291,1.549134,0.6034564,0.0,0.0,0.0,0.0,0.92268896,0.9799655,0.0,0.35234657,0.55735236,0.0,0.055237696,0.0,0.0,0.0,0.31017372,0.12034558,0.0,0.0,0.0,0.42394757,0.0,1.1157867,0.79956716,0.0,1.3912684,0.0,1.2352654,0.32300106,0.0,0.0,0.6815464,0.85387635,0.8174217,0.0,0.612824,0.0,1.1310642,0.4716712,0.0,0.06528717,0.0,0.4344405,0.0,0.0,0.703239,0.0,0.35414025,0.97609997,0.076035425,0.0,0.7439007,0.0,0.0,0.14964117,0.0,0.73363036,0.87847966,0.0,0.22116102,0.0,1.5041168,0.28936794,0.0,0.55760026,0.0,0.0,0.0,0.78622335,0.815022,0.0,0.0,0.0,1.3632218,0.0,0.0,0.67687476,0.5077333,0.0,0.10030958,0.0,0.13814685,0.50357956,0.86422783,0.0,0.24561454,0.13150947,0.4902208,0.6533279,0.0,0.7693049,0.0,0.80724436,0.28935105,0.49425274,0.26936448,0.0,1.2837682,0.0,0.0,0.5152427,0.17533432,0.46459007,0.0,1.0278013,1.4424787,0.0,0.856842,0.0,0.0,0.22095187,0.9952692,0.993755,0.0,0.0,0.0,0.0,0.0,1.027026,0.0,0.0,0.0,0.59927917,0.8907052,0.6355373,4.0
1.367157,1.8268278,0.9741018,0.0,0.8186902,0.0,0.0,2.002664,1.505425,0.9701939,0.7077311,0.77751994,0.0,1.2030962,0.0,2.466886,0.0,0.0,0.0,0.0,0.11322686,1.3895378,1.4317917,0.0,1.2943311,1.4035033,0.0,0.4656791,1.2071301,0.0,0.0,0.0,2.3186176,0.0,0.66216755,1.8721985,2.1743746,0.0,0.62482303,0.18716815,1.0127788,2.188729,0.0,0.0,0.0,0.5561484,0.0,0.1811816,2.675652,2.6762779,0.0,0.82893705,0.0,1.3869733,0.0,1.0307256,1.9597019,0.0,0.015512269,2.1857355,0.0,0.0,0.0,2.3845937,0.0,0.34623584,1.5698388,1.088642,0.0,0.21518992,1.4138185,1.0186683,1.2298305,0.0,0.0,0.0,1.3331071,0.6002955,3.2432795,2.0692096,2.8601658,1.808085,0.19711855,2.416623,0.0,0.0,0.97400624,0.0,2.3883042,0.0,1.422707,2.6073682,1.4274015,1.2926592,1.458185,0.25147036,0.0,1.8854631,0.0,0.0,0.0,0.2200774,0.07930789,0.0,0.0,0.0,0.0,0.5675671,0.0,1.2042495,0.8699773,1.4287221,0.0,0.0,1.8366687,0.0,0.95002073,0.0,0.0,1.520628,0.19145292,0.6770367,1.0843518,0.0,1.2983087,1.4999743,1.6585102,0.49905285,4.0
1.1807351,3.0727594,1.7936221,1.7628514,1.5564601,0.0,0.0,0.5575071,0.32073262,1.7151049,0.0,1.6363919,1.3307574,1.6602782,0.0,1.3406477,0.0,0.0,0.54398936,1.60207,0.0,1.4218397,0.0,1.486037,0.2107629,1.288961,0.0,0.0,1.2632829,0.0,0.2785011,0.0,1.2680726,0.0,1.5602902,1.6038243,0.9470917,0.0,0.77396053,0.35750127,1.0250618,0.54935837,0.0,0.0,0.0,0.9339322,0.0,0.0,1.3911159,2.8197908,0.0,0.5426391,0.0,0.0,0.0,0.74446034,0.99454135,1.9403722,0.0,1.0031958,1.1694984,0.0,1.761631,0.8553875,0.7847563,0.0,1.7328339,0.49253747,1.7227839,0.0,3.247855,0.886846,3.2019172,2.132994,0.0,1.7605867,2.0899904,0.0,0.74245954,1.5394884,3.156143,0.0,2.2237318,1.1507648,0.0,1.457019,0.0,0.0,2.2503128,1.2846197,2.0496547,1.0711915,0.0,2.992525,0.0,1.8919386,1.8390567,0.47238976,0.2804243,0.0,1.2417072,0.0,0.0,0.0,0.0,0.0,0.0,0.8326262,0.20362994,0.0,0.9609742,1.03788,0.0,1.3745333,1.5748739,0.0,0.1737819,0.0,0.0,0.0,0.0,2.0001945,0.0,0.0,0.0,1.2632319,2.2920735,0.0,4.0
0.0,0.0,0.0,0.0,0.56119925,0.24302681,0.38848573,0.34735605,0.0,0.6079912,0.0,0.5589809,0.0,0.3771813,0.3798625,1.2509742,0.0,0.0,0.0,0.0,0.19151716,0.01652552,0.0,0.0,0.0,0.41795754,0.0,0.1711064,0.13144751,0.0,0.0,0.0,0.0,0.31972316,0.48051977,1.1345769,1.009876,1.3128108,1.0694981,0.0,0.0,0.0,0.0,0.0,0.0,0.677628,2.3256385,0.0,1.0044914,0.0,0.0,0.9728538,0.0,0.0,0.0,0.0,0.5552657,0.0,0.7066663,1.1994103,0.15070325,0.2093915,0.0,0.6747309,0.0,0.018130118,0.15900376,0.8279353,0.08147704,0.0,0.0,0.5248439,0.0,0.0,0.6620308,0.21162637,0.33692253,1.0099,0.08307976,1.1134351,0.99336475,1.4355997,0.0,1.4156353,0.0,0.15727624,0.08834282,0.0,1.1229855,0.0,0.14396523,0.0,0.0,0.0,0.0,0.0,0.0,1.1767936,1.3923796,0.089262426,0.0,0.841198,0.0,0.0,0.0,0.0,0.0,0.4386103,0.0,1.4061884,0.36448228,0.0,0.0,0.29559746,1.0283425,0.034009412,1.7186958,0.7309189,1.1366543,0.0,0.2424883,0.06830519,0.0,0.0,1.080681,0.5914764,0.3589246,0.0,4.0
0.0,1.250639,0.0154865915,1.5984536,0.015317349,0.0,0.0,0.0,1.0643034,0.95339274,0.0,0.0,0.67399466,0.0,0.0,0.8992389,0.81861806,0.12642226,0.032268137,0.22179517,0.0,0.0,0.0,0.40914816,0.0,0.45785037,0.9566809,0.0,0.29119548,0.0,1.0413185,0.2422692,0.0,0.19273613,0.0,1.19685,0.69113636,0.0,1.2261311,0.0,0.0,1.0368636,0.0,0.0,0.0,0.0,0.0,0.0,0.76978195,0.86334497,0.0,0.0,0.89891845,0.0,1.0161836,0.82932055,0.8513671,1.0185812,0.0,0.94958586,1.1421027,0.0,0.86269903,0.0,0.94883466,0.0,0.0,0.0,0.8882444,0.0,1.5401121,0.32791418,1.3088143,1.0914699,0.0,0.92381,0.5709396,0.0,0.9095653,1.3201716,0.4405649,0.0,1.1174225,0.8373629,0.0,1.2813667,1.1088498,0.0,0.791659,1.5140113,0.4294054,1.4183037,0.0,1.3167065,0.0,1.6774553,1.0797724,0.8015674,0.31133926,0.0,1.1694959,0.0,0.0,0.64129794,0.56341136,0.9424781,0.0,0.50744194,0.5120494,0.0,0.20611751,0.0,0.0,1.0374527,0.56516176,1.1887329,0.0,0.0,0.0,0.0,0.0,1.6752827,0.0,0.0,0.0,1.1686206,0.48928252,0.76499116,4.0
0.20837174,0.585596,0.12833677,0.0,0.0,0.6936273,0.47830883,0.0,1.0895579,0.32234767,0.0,0.0,0.0,0.0,0.20330991,1.4453343,0.0,1.0608653,0.0,0.049438335,0.67386466,0.0,0.0,0.0,0.91390365,0.72162414,0.0,0.8218344,0.809699,0.57213724,0.0,0.0,0.0,0.0,0.0,0.37646434,0.8750259,0.0,0.22713414,0.0,0.3015307,1.4385178,0.0,0.0,0.0,0.0,0.0,0.8091046,0.87003386,0.5125406,0.12825988,0.0,0.0,0.0,0.0,0.0,1.4813757,0.0,0.78316236,0.9989858,0.0,0.37130752,0.0,0.0,0.0,0.092721574,0.014927742,0.0,0.0,0.0,0.622099,0.0,0.58795923,0.0,0.0,0.0,0.68321085,0.6986106,1.1841086,0.44708198,0.9560579,1.2869436,0.0,1.2278137,0.6842667,0.0,0.2965815,0.81027025,0.17436895,0.0,0.0,1.2783365,0.08121224,0.62123936,0.05677846,0.0,0.0,1.04394,0.0,0.8023306,0.0,0.767401,1.1075581,0.0,0.0,0.0,0.71976054,0.0,0.0,0.9856081,0.0,0.0,0.0,0.0,0.6566459,0.0,0.0,0.5478851,0.20155212,0.0,0.86864173,0.14305906,1.2298542,0.0,1.0165166,0.2770865,0.8997882,0.0,4.0
0.0,0.0,0.0,0.0,0.0,1.355881,1.2544376,0.0,0.46757287,0.0,0.0,0.0,0.0,0.0,0.49363166,0.6158373,0.0,0.41559407,0.0,0.0,1.4354084,0.0,0.0,0.0,0.32998165,0.25089142,0.0,0.22585504,0.27020735,1.2503465,0.0,0.0,0.0,0.0,0.0,0.0,0.46908352,0.5730665,0.02032026,0.0,0.0,0.8091862,0.0,0.0,0.0,0.0,0.60322994,0.0,0.33588716,0.0,0.2963816,0.0,0.0,0.0,0.0,0.0,0.57245183,0.0,1.283173,0.49370655,0.0,0.7954801,0.0,0.0,0.0,0.0,0.0,0.0,0.0,0.0,0.0,0.0,0.0,0.0,1.0229096,0.0,0.0,1.4659046,0.16485362,0.0,0.105340496,1.2555739,0.0,0.5310958,0.39747727,0.0,0.23640962,0.37469822,0.0,0.0,0.0,0.24776052,0.0,0.0,0.0,0.0,0.0,0.6278159,0.0,0.51541185,0.0,1.5139365,0.5100206,0.0,0.0,0.022437816,1.2252665,0.0,0.0,1.4194543,0.0,0.0,0.093720645,0.0,0.1841044,0.0,0.28046784,1.2456495,0.5289903,0.0,1.4051683,0.0,0.04012106,0.2796265,1.5358932,0.0,0.16976483,0.0,4.0
0.0,0.27102235,0.40025672,0.0,0.0,0.0,0.0,0.0,0.7112138,0.086299956,0.4647721,0.0,0.0,0.0,0.0,1.3874835,0.28012142,2.485132,0.498841,1.8118614,0.0,0.0,0.0,0.37970257,1.3345141,0.0,0.0,1.7721518,0.0,0.0,0.0,0.0,0.0,0.0,0.0,0.0,0.0,0.0,0.0,0.72666943,0.5944691,0.2472398,0.2063534,0.17073227,0.0,0.0,0.0,2.5278513,0.0,0.0,0.0,0.0,0.7684266,0.0,0.0,0.0,1.3919853,0.09343753,0.0,0.0,0.0,0.23922524,0.35361058,0.0,0.0,0.0,0.0,0.0,0.38013414,0.116813354,1.4363357,0.0,1.5439881,0.83484995,0.0,0.24985965,0.490666,0.0,0.57692516,0.0,0.021433264,0.0,0.74986327,1.0179893,1.8145881,0.0,0.0,2.3466263,0.0,0.9306915,0.0,0.3180473,0.45768788,1.6139318,0.11414471,0.30874202,0.91863644,0.0,0.0,1.8313445,0.0,0.0,1.9512447,0.0,0.0,0.0,0.0,0.0,0.0,0.0,0.0,0.37198812,0.0,0.009190827,0.0,0.0,0.0,0.0,0.0,0.0,0.0,0.0,2.250121,0.0,0.0,0.0,0.43600902,0.0,4.0
0.0,0.67538583,0.16129313,0.0,0.0,0.38281032,0.15593322,0.0,0.89427865,0.52321833,0.0,0.0,0.0,0.0,0.0,1.2890434,0.0,0.95726967,0.0,0.15061449,0.35808322,0.0,0.0,0.0,0.36320752,0.6382603,0.0,0.2812835,0.66010416,0.2751801,0.0,0.0,0.0,0.0,0.0,0.49001572,0.8435174,0.0,0.56822443,0.0,0.0754982,1.1987271,0.0,0.0,0.0,0.0,0.0,0.5713304,0.8339877,0.22656065,0.0,0.0,0.12875761,0.0,0.0,0.0,1.3657444,0.0,0.58244675,1.0009682,0.0,0.07589369,0.0,0.0,0.0,0.0,0.0,0.0,0.0,0.0,0.5866147,0.0,0.6111211,0.0,0.0,0.0,0.77472657,0.3141141,0.96739954,0.53200614,0.62812716,0.95770925,0.0,1.1321261,0.5860684,0.0,0.5340361,0.85892886,0.06238309,0.26415342,0.0,1.0457839,0.0,0.6036087,0.0,0.08367898,0.0,1.0801619,0.0,0.6537558,0.0,0.46430084,0.6860431,0.0,0.0,0.026392821,0.38119483,0.0,0.0,0.7193428,0.0,0.0,0.0,0.0,0.65773004,0.0,0.0,0.23641711,0.0,0.0,0.51265395,0.3559219,0.89041907,0.0,0.49651763,0.45524547,0.78008795,0.0,4.0
0.0,0.0,0.0,0.98819774,0.0,0.0,0.0,1.3594389,1.0179286,0.0,1.7129337,0.0,0.88640356,0.0,0.0,0.0,0.45907247,0.0,0.19372529,0.63918847,0.0,0.0,2.719967,0.0,0.0,0.0,0.2467505,0.0,0.0,0.0,0.9206082,1.838341,2.5063658,0.17855924,1.7502356,0.21552448,0.046762064,0.0,0.0,0.0,0.0,0.13371362,0.009057436,0.0,1.0648973,1.3185877,0.0,0.310833,0.08142901,0.0,0.52564853,1.4823304,0.8042577,2.3989663,0.17299655,1.3160721,0.0,1.1603464,0.0,0.001822013,0.93187505,0.0,1.0015647,3.0478556,0.9294702,0.0,0.0,1.9098127,0.9065336,2.1591299,0.0,1.2816995,0.0,0.4326049,0.0,0.7847622,0.0,0.24953844,1.0560195,0.28998566,0.0,0.14521347,1.0744698,0.0,0.0,0.97278243,0.64802825,0.0,0.96772987,0.7089278,0.0,1.1613135,2.38384,0.11517114,1.1914369,1.083727,1.1550887,0.0,1.0554459,0.0,0.850415,0.0,0.0,1.6722395,0.27218342,0.07991442,0.0,1.3982238,1.309632,0.0,1.287467,1.2542677,0.8487724,0.7009406,0.0,0.0,0.0,0.0,0.0,2.6136148,0.0,0.0,0.53351283,0.682864,0.0,0.38516647,0.0,1.6568714,4.0
0.32644257,0.0,0.89796823,0.86779624,1.3501431,0.0,0.0,2.127462,0.0,0.0,0.848322,0.84465826,0.8974741,1.0892988,0.0,0.0,0.6059229,0.0,0.0,0.0,0.0,0.7443399,0.42510903,0.1701243,1.2019448,0.0,0.0,0.5778684,0.0,0.0,0.0,0.0,2.8668559,1.2524723,1.0642984,0.0,0.0,0.50077856,0.0,1.4444934,0.0,0.0,0.501394,1.784997,0.66240704,1.2721032,0.42299256,0.0,0.0,0.0,0.0,0.39653018,0.0,0.65162724,0.0,0.6761729,0.0,0.52966523,0.0,0.0,0.3785817,0.0,0.5699946,1.7385931,0.0,0.0,0.91576517,0.8489317,1.4916184,0.5292941,0.0,0.5957038,0.0,1.4691377,0.0,1.3501936,0.0,0.0,0.0,0.0,0.0,0.0,1.5735637,0.0,0.0,0.7845927,0.0,0.0,1.8052826,0.0,1.218169,0.0,0.6964201,0.0,2.1232755,0.0,0.0,0.0,1.0975639,0.04562511,0.0,0.0,0.0,0.0,0.0,0.0,0.0,1.457784,0.0,0.0,1.039643,2.8935778,0.49708134,0.0,0.0,0.0,0.0,0.0,0.5923223,0.047268562,0.0,0.0,0.0,0.5208712,0.0,0.0,0.0,0.0,4.0
0.3985166,0.74526995,0.03293221,0.16779825,0.0,0.9855238,0.3309938,0.30465648,0.42047292,0.20356025,0.0,0.0,0.0,0.07155491,0.0,0.0,0.0,0.0,0.22656333,0.0,0.8146183,0.25078055,0.18570845,0.0,0.0,0.80202425,0.54080206,0.0,0.84709173,0.8146159,0.7230901,0.7881189,0.0,0.0,0.0,0.7217666,0.78597516,0.0,0.28196314,0.0,0.0,0.7041593,0.0,0.0,0.39334288,0.4026591,0.4252707,0.0,0.9848508,0.5893564,0.38005868,1.1687119,0.27203488,0.25289515,0.35320807,0.4798878,0.0,0.0,0.46169063,0.62727207,0.33123133,0.0,0.0,0.8530877,0.806653,0.0,0.19918242,1.1364526,0.0,0.0,0.18866949,1.0576586,0.36043656,0.0,0.88397086,0.0,0.7410709,0.39757106,0.2791193,0.92466027,0.9181165,0.24636911,0.0,0.0,0.0,0.10839226,1.1145788,0.0,1.0996661,0.17873842,0.0,0.7550412,0.0,0.25595513,0.0,0.5656558,0.0,0.5271924,0.2647627,0.0,0.70394593,0.7825948,0.0,0.9564607,0.2685977,0.3501271,0.7994038,0.6841645,0.8810449,0.88853705,0.84510016,0.0,0.06973005,0.050952192,0.84640664,0.5442324,0.44893748,0.7963317,0.0,0.66573066,0.8375453,0.37354934,0.0,0.0,0.54539496,0.895221,0.77184904,0.34513155,4.0
0.1507426,0.0,0.37364388,0.0,0.75473845,0.0,0.0,0.3391909,0.0,0.0,0.0,1.0250316,0.0,0.7244747,0.90744823,0.18550874,0.0,0.0,0.0,0.0,0.0,0.6479288,0.0,0.0040690256,0.0,0.0,0.0,0.26614705,0.0,0.0,0.0,0.0,0.0,0.8745093,0.20597403,0.12932642,0.050531667,1.1971626,0.22603783,0.0,0.5795019,0.0,0.41705796,0.4287416,0.36047295,0.19390832,1.6971488,0.0,0.06887601,0.4381618,0.0,0.40155703,0.0,0.0,0.0,0.0,0.0,0.0,0.47513023,0.020250758,0.0,0.53318197,0.0,0.0,0.0,0.8341887,0.5769269,0.13836555,0.0924434,0.0,0.0,0.11086907,0.0,0.0,0.0,0.55000895,0.0,0.0935823,0.0,0.17728941,0.061323043,0.22661255,0.0,0.15408474,0.0,0.0,0.0,0.0,0.0,0.0,0.57856524,0.0,0.0,0.0,0.0,0.0,0.0,0.0,0.7433202,0.10742561,0.0,0.042447798,0.0,0.0,0.0,0.0,0.0,0.0,0.0,0.26318702,0.0,0.0,0.30493957,0.0,0.02841485,0.21629314,1.8716476,0.8158198,1.0685929,0.0,0.0,0.0,0.0,0.6055946,0.25467944,0.0,0.0,0.0,4.0
0.0,0.0,0.0,2.1377456,0.0,0.0,0.0,0.0,0.0,0.0,0.15661861,0.0,2.4071045,0.0,0.0,0.0,1.8615814,0.0,0.95002294,0.0,0.0,0.0,0.112715006,1.2445482,0.0,0.0,1.8058599,0.0,0.0,0.0,1.5042739,1.6458064,0.0,0.5022572,0.77508515,0.0,0.0,0.0,0.0,0.21110764,0.0,0.0,0.66731817,0.0,0.66976416,0.66858506,1.896085,0.0,0.0,0.13696428,0.20547609,0.0,1.2831228,0.30066377,1.91305,1.4875555,0.0,1.9101261,0.0,0.0,2.2326097,0.0,1.5703611,0.0,1.1167704,0.0,0.0,0.0,1.5329909,0.03380869,1.1729494,0.17010015,0.0012267773,1.4136747,1.4842489,1.3763019,0.0,0.0,0.0,0.0,0.0,0.0,1.3974618,0.0,0.0,2.3853776,0.4576634,0.14259385,0.0,2.0654347,0.0,0.013777756,0.0,0.2745379,0.0,1.6940372,1.1713148,0.0,0.86881244,0.0,2.07248,0.0,0.0,2.0512903,1.6752225,1.9061502,0.0,0.7177488,1.1830448,0.0,0.15120886,0.0,0.46433574,2.3943443,0.0,1.8568131,0.0,0.0,0.0,0.0,0.0,0.8979544,0.0,0.0,0.0,0.1250341,0.0,1.9878901,4.0
0.0,0.0,0.0,2.3512573,0.0,0.0,0.0,0.0,0.8811983,0.0,0.22497867,0.0,2.029192,0.0,0.0,0.0,1.9756072,0.1961982,0.98037577,0.94492805,0.0,0.0,0.08473402,0.96392673,0.0,0.0,1.6830485,0.0,0.0,0.0,1.5947901,1.2858932,0.0,0.76503485,0.52842265,0.0,0.0,0.0,0.08112028,0.0,0.0,0.059923306,0.5092389,0.0,0.0,0.11957135,0.6143447,0.20579833,0.0,0.0,0.0,0.0,1.7713172,0.19623975,1.7864519,1.5282149,0.0,2.1482594,0.0,0.0,1.97603,0.0,1.8696736,0.0,1.042339,0.0,0.0,0.0,1.8418877,0.27284595,1.3195525,0.0,0.79371,1.8589514,0.0,1.6900569,0.0,0.0,0.0027493164,0.11186454,0.0,0.0,1.8770859,0.0,0.0,2.3619242,0.66741097,0.05983589,0.0,2.5687695,0.0,0.86214507,0.081147306,1.1361524,0.0,2.1549773,1.957785,0.0,1.1598158,0.0,1.9921123,0.0,0.0,1.6137666,1.5601491,1.8265717,0.0,0.39496157,1.1047266,0.0,0.0,0.0,0.0,2.3154395,0.0,1.667264,0.0,0.0,0.0,0.0,0.0,1.1386269,0.0,0.0,0.0,0.2235977,0.0,1.9063575,4.0
0.10478735,0.0,0.15343532,0.0,0.0,0.0,0.0,0.5406722,0.0,0.0,0.097033344,0.06385163,0.0,0.0,0.0,0.5604753,0.0,0.28548774,0.0,0.16283251,0.0,0.56657803,0.0,0.61019194,1.5052911,0.0,0.0,0.9550863,0.0,0.0,0.0,0.0,0.0,0.99314123,0.0,0.0,0.0,0.36788017,0.0,1.502313,0.0,0.0,0.54389817,0.8647283,0.4173308,0.0,0.0,0.0,0.0,0.5091402,0.0,0.0,0.0,0.0,0.0,0.0,0.2917288,0.0604972,0.0,0.0,0.0,0.16275506,0.0,0.0,0.45852402,0.0,0.40082857,0.0,0.10392079,0.0,0.0,0.13873339,0.0,0.57465744,0.0,0.45333883,0.0,0.32201493,0.0947863,0.0,0.0,0.0,0.064770356,0.3189656,0.0,0.0,0.0,0.0,0.0,0.0,0.393704,0.0,0.0,0.0,0.48230207,0.0,0.033126175,0.0,0.0,1.1543685,0.0,0.0,0.84108335,0.0,0.0,0.0,0.0,0.026325721,0.0,0.0,0.06317795,0.53059375,0.8119851,0.0,0.0,0.0,0.0,0.0,0.19636852,0.0,0.0,0.0,0.0,0.8646987,0.68955743,0.0,0.0,0.0,4.0
0.0,0.0,0.0,0.0,0.0,1.3525194,1.2072834,0.0,0.63564646,0.0,0.0,0.0,0.0,0.0,0.34413382,0.47511515,0.0,0.82782286,0.0,0.0,1.3467368,0.0,0.0,0.0,0.19006927,0.15520376,0.0,0.12533103,0.15462935,1.1971488,0.0,0.0,0.0,0.0,0.0,0.0,0.26439995,0.22271244,0.0,0.0,0.0,0.819724,0.0,0.0,0.06923153,0.0,0.37156552,0.27013737,0.0551649,0.0,0.36156473,0.0,0.13027965,0.0,0.071017586,0.0,0.4884191,0.0,1.2237457,0.33281758,0.0,0.71977544,0.0,0.0,0.0,0.0,0.0,0.0,0.0,0.0,0.0,0.0,0.0,0.0,0.89381605,0.0,0.0,1.3082887,0.24224871,0.0,0.0,1.1922446,0.0,0.41361123,0.6613331,0.0,0.40266222,0.9315986,0.0,0.03340441,0.0,0.43198994,0.0,0.0,0.0,0.0,0.0,0.52390444,0.0,0.46973774,0.0,1.4172642,0.61843866,0.0,0.2594095,0.39858285,1.208189,0.0,0.0,1.214221,0.0,0.0,0.0946366,0.0,0.0,0.11342903,0.0,1.1238258,0.23400337,0.0,1.3565906,0.0,0.46858522,0.2599307,1.263024,0.0,0.047546577,0.13792327,4.0
0.1386535,0.0,0.21188934,0.0,0.0,0.0,0.0,0.3853065,0.0,0.0,0.0,0.09604956,0.0,0.0,0.0,0.705149,0.0,0.19521403,0.0,0.0,0.0,0.57815456,0.0,0.4464192,1.345807,0.0,0.0,0.9999149,0.0,0.0,0.0,0.0,0.0,0.84508926,0.0,0.0,0.0,0.48795846,0.0,1.247106,0.0366181,0.0,0.4229307,0.7724721,0.26970628,0.0,0.0,0.0,0.0,0.4019573,0.0,0.0,0.0,0.0,0.0,0.0,0.39975703,0.0,0.0,0.0,0.0,0.3258118,0.0,0.0,0.52133024,0.0,0.38188544,0.0,0.0,0.0,0.0,0.19645074,0.0,0.39042455,0.0,0.24499163,0.0,0.33028832,0.18097158,0.0,0.0,0.014511981,0.0,0.41447878,0.0,0.0,0.0,0.0,0.0,0.0,0.3630004,0.0,0.0,0.0,0.30659133,0.0,0.0,0.0,0.0,1.1574627,0.0,0.0,0.7641619,0.0,0.0,0.0,0.0,0.08421063,0.0,0.0,0.14791219,0.4009678,0.64992875,0.0,0.0,0.0,0.0,0.0,0.31568494,0.0,0.0,0.0,0.0,0.73796254,0.71663487,0.0,0.0,0.0,4.0
0.6692833,0.0,0.7632181,0.0,0.56288904,0.0,0.0,1.3535897,0.0,0.0,1.1947261,0.6941599,0.0,0.52840704,0.0,0.0,0.6501343,0.0,0.0,0.11070897,0.0,0.64639163,1.0805783,0.78732,0.6826313,0.0,0.0,0.30438593,0.0,0.0,0.0,0.012238697,0.49716008,1.3970243,0.0,0.0,0.0,0.28149727,0.0,1.1469646,0.71751285,0.0,1.7179375,1.1939206,1.694586,0.0,0.014321649,0.0,0.0,0.61233044,0.0,0.0,0.0,1.0438448,0.0,0.562995,0.0,0.12024582,0.0,0.0,0.0,0.0,0.01925829,0.4964475,0.0,0.6796606,0.66857886,0.0,0.3690669,0.7278451,0.0,0.17284437,0.0,0.43459728,0.0,0.88621026,0.0,0.0,0.16791987,0.0,0.0,0.0,0.11585718,0.0,0.0,0.0,0.0,0.0,0.0,0.0,0.69124407,0.0,1.2120106,0.0,1.3771527,0.0,0.40712354,0.0,0.40066445,0.0,0.0,0.0,0.19013189,0.0,0.0,0.0,0.0,0.12321822,0.0,0.0,0.18485105,0.65676224,1.7665634,0.0,0.0,0.0,0.42984477,0.0,0.27269772,0.97038597,0.0,0.0,0.0,1.7434632,0.0,0.0,0.0,0.0,4.0
0.4842754,0.0,0.4562762,0.0,0.5783107,0.0,0.0,0.49287632,0.0,0.0,0.0,1.0885625,0.0,0.5827007,1.6159446,0.0,0.100828715,0.0,0.0,0.0,0.0,0.30416864,0.0,0.49626902,0.0,0.0,0.0,0.13163982,0.0,0.0,0.0,0.0,0.0,0.888064,1.1875333,0.39102203,0.0,1.930862,0.037551433,0.0,1.1255342,0.0,0.12535934,0.66237587,0.2863298,0.61142856,2.4053068,0.0,0.0,0.43848526,0.0,0.6015789,0.0,0.0,0.0,0.32157785,0.0,0.0,0.79840314,0.0,0.0,0.88842875,0.0,0.0,0.0,1.2333456,0.21668592,0.30822057,0.0,0.0,0.0,0.13122143,0.0,0.0,0.48473802,0.77075076,0.0,0.0,0.0,0.6205428,0.0,0.0,0.0,0.0,0.0,0.0,0.7014118,0.0,0.059609514,0.0,0.26653862,0.0,0.0,0.0,0.0,0.0,0.0,0.0,1.5813932,0.0,0.0,0.0,0.0,0.0,0.0,0.0,0.0,0.0,0.0,0.0,0.042460516,0.0,0.01885015,0.0,0.0,0.6740055,2.0095484,1.3115648,1.8823189,0.0,0.0,0.0,0.0,0.42265943,0.0,0.04712637,0.0,0.0,4.0
0.22863941,0.0,0.24724911,0.0,0.0,0.524851,0.47435048,0.0,0.0,0.0,0.0,0.0,0.0,0.0,0.9238186,0.21191753,0.0,0.53306454,0.0,0.0,0.45908526,0.0,0.0,0.24689299,1.0160416,0.0,0.0,1.1645728,0.0,0.81078935,0.0,0.0,0.0,0.0,0.0,0.0,0.0,1.1506343,0.0,0.7226274,0.32576984,0.21693255,0.0,0.6952092,0.0,0.0,0.0,0.0,0.0,0.0,0.10567412,0.0,0.0,0.0,0.0,0.0,0.19513643,0.0,0.29848742,0.0,0.0,1.2545925,0.0,0.0,0.055545848,0.0,0.0,0.0,0.0,0.0,0.0,0.0,0.0,0.0,0.0,0.0,0.0,0.47250792,0.0,0.0,0.0,0.0,0.0,0.0,1.094898,0.0,0.0,0.25178662,0.0,0.0,0.0,0.0,0.0,0.0,0.0,0.0,0.0,0.0,0.0,1.3411591,0.0,0.3089136,1.1851596,0.0,0.0,0.0,1.1511586,0.0,0.0,0.0,0.0,0.0,0.2923132,0.0,0.0,0.0,0.0,0.9154713,1.0911906,0.0,0.60355115,0.0,0.0,0.4334857,0.9304484,0.0,0.0,0.0,4.0
0.3429845,0.0,0.40617636,0.0,0.19210324,0.0,0.0,1.7179278,0.0,0.0,1.2038357,0.17378223,0.0,0.049739525,0.0,0.0,0.61392504,0.0,0.0,0.0,0.0,0.0,1.665292,0.17360815,0.5591584,0.0,0.0,0.0,0.0,0.0,0.0,0.6490213,1.195727,1.2746732,0.34659135,0.0,0.0,0.31012395,0.0,0.655537,0.13033646,0.0,1.4303075,0.8555961,1.4797257,0.43431887,0.1961519,0.0,0.0,0.0,0.0,0.56687397,0.0,1.3932552,0.0,0.70595765,0.0,0.14170709,0.0,0.0,0.0,0.0,0.07492701,1.734314,0.0,0.1608981,0.08314803,0.7596501,0.29403412,1.2204099,0.0,0.6513146,0.0,0.29313728,0.0,0.7691346,0.0,0.22487883,0.36698896,0.0,0.0,0.2170338,0.19385628,0.07176232,0.0,0.0,0.0,0.0,0.16530862,0.0,0.12412354,0.0,1.5269887,0.0,1.4784538,0.0,0.30995813,0.0,1.1431733,0.0,0.0,0.0,0.0,0.0,0.027504165,0.0,0.0,0.7047785,0.0,0.0,0.50737834,0.8153407,1.507418,0.0,0.0,0.0,0.05529309,0.0,0.1522468,1.2538456,0.0,0.0,0.0,1.6817007,0.2248426,0.0,0.0,0.35426003,4.0
0.3161593,0.0,0.33226806,0.0,0.0,1.0801542,0.9886659,0.0,0.32730028,0.0,0.0,0.0,0.0,0.0,0.91109294,0.16724221,0.0,0.10489255,0.0,0.0,1.0557514,0.0,0.0,0.06096931,0.4665882,0.01579529,0.0,0.5982205,0.56156695,1.3167958,0.01135702,0.0,0.0,0.0,0.0,0.0,0.0,1.1484349,0.0,0.06386245,0.27586883,0.61248183,0.0,0.039701905,0.0,0.0,0.0,0.0,0.0,0.0,0.33335945,0.035353083,0.0,0.0,0.0,0.0,0.17295042,0.0,0.70430464,0.0,0.0,1.2792169,0.0,0.0,0.44513142,0.0,0.0,0.0,0.0,0.0,0.0,0.0,0.0,0.0,0.6459671,0.0,0.18780036,0.7649491,0.0,0.0,0.12827541,0.10223909,0.0,0.0,1.0073254,0.0,0.0,0.0,0.0,0.0,0.0,0.0,0.0,0.0,0.0,0.0,0.0,0.0,0.0,1.0020654,0.0,0.9135274,0.7382224,0.0,0.0,0.116533674,1.5257108,0.0,0.0,0.46591264,0.0,0.0,0.0,0.0,0.0,0.213857,0.0,1.2159371,1.0326941,0.0,1.1528207,0.0,0.0,0.15276332,1.1700152,0.0,0.31688538,0.0,4.0
1.3851931,0.63633686,1.3963832,0.0,0.0,1.0181748,0.43818662,0.0,0.21265516,0.0,0.0,0.0,0.0,0.0,1.2791599,0.0,0.0,0.0,0.0,0.0,0.6128872,0.0,0.0,0.8813117,0.0,0.4632201,0.41557223,0.3682647,1.3889514,1.2698221,0.70907414,0.58435994,0.0,0.0,0.0,0.0,0.0,1.1555308,0.0,0.0,1.3471277,0.41364574,0.0,0.22487973,0.0,0.09324902,0.0,0.0,0.0,0.0,0.7266485,1.1086701,0.0,0.0,0.31122407,0.0,0.0,0.0,0.16496691,0.0,0.0,1.3288985,0.0,0.0,1.3962585,0.3223922,0.0,0.4404694,0.0,0.0,0.0,0.9852345,0.4909541,0.0,0.59226966,0.0,1.1150861,0.0,0.0,0.0,0.7243473,0.0,0.0,0.0,0.9879985,0.0,0.0,0.0,0.0,0.0,0.029955685,0.042674284,0.0,0.2504996,0.0,0.0,0.0,0.0,0.0,0.29020017,0.69017637,0.35044906,0.14570059,0.54150903,0.040347427,0.30268645,1.5681773,1.0826232,1.0827038,0.0,1.0965576,0.0,0.0,0.0,0.046342526,0.34565246,0.19722351,1.3218325,1.0161119,0.09658095,0.8583501,0.0,0.0,0.0,0.34236586,0.0,1.002689,0.0,4.0
0.0,0.0,0.0,0.0,0.18502742,0.0,0.0,0.0,0.0,0.0,0.0,0.2208423,0.0,0.17112191,0.20748258,0.18236122,0.0,0.5996259,0.0,0.34165537,0.0,0.20964606,0.0,0.0,0.5321502,0.0,0.0,0.85881966,0.0,0.0,0.0,0.0,0.0,0.597251,0.0,0.0,0.0,0.40170044,0.0,0.28659555,0.0,0.0,0.98087066,0.6861203,0.518168,0.0,0.24132754,0.0,0.0,0.0,0.0,0.0,0.0,0.0,0.0,0.0,0.15031745,0.0,0.079823546,0.0,0.0,0.40429044,0.0,0.0,0.0,0.6120309,0.20809478,0.0,0.0,0.0,0.0,0.0,0.0,0.1459959,0.0,0.18640052,0.0,0.19556911,0.0,0.0,0.0,0.11771064,0.0,0.06539948,0.2569071,0.0,0.0,0.35059932,0.0,0.0,0.17703575,0.0,0.0,0.0,0.27196866,0.0,0.18625881,0.0,0.0,0.78772795,0.0,0.0,0.5924701,0.0,0.0,0.0,0.0,0.0,0.0,0.0022158157,0.0,0.0,0.68200773,0.0,0.0,0.0,0.39224273,0.24404477,0.50245357,0.0,0.0,0.0,0.0030212174,0.8091666,0.14525935,0.0,0.0,0.0,4.0
0.0,0.0,0.0,1.0901587,0.0,0.0,0.0,0.0,1.0363812,0.0,0.0,0.0,0.8904625,0.0,0.0,0.0,1.0510653,0.8399495,1.1593348,1.629975,0.0,0.0,0.084288865,0.1226697,0.0,0.0,0.30592734,0.0,0.0,0.0,0.35898533,0.0,0.0,0.0,0.0,0.0,0.0,0.0,0.0,0.0,0.0,0.28012162,0.15009059,0.0,0.0022160432,0.0,0.0,0.922927,0.0,0.0,0.21747683,0.0,1.2222116,0.0,0.39486432,0.5507716,0.0,0.9151798,0.0,0.0,0.71244484,0.0,0.9942336,0.0,0.0,0.0,0.0,0.0,0.63734704,0.36901984,0.6694786,0.0,0.5871754,0.5674705,0.0,0.43755773,0.0,0.0,0.0,0.0,0.0,0.0,0.7895955,0.0,0.4184803,1.3113288,0.0,0.6700206,0.0,1.914465,0.0,0.65616286,0.01432287,0.8163084,0.0,0.97085017,1.1769842,0.0,0.37087187,0.0,0.66010714,0.0,0.0,0.28024086,0.37916973,0.6213125,0.0,0.0,0.24766418,0.0,0.0,0.0,0.0,1.5935645,0.0,0.3897916,0.0,0.0,0.0,0.0,0.0,0.010029053,0.8663157,0.0,0.0,0.0,0.09389527,1.2605485,4.0
1.1606731,0.0,1.3792281,0.9915618,1.5067757,0.0,0.0,3.4775136,0.0,0.0,2.5860035,0.73468494,1.2163872,1.2575787,0.0,0.0,2.1250343,0.0,0.0,0.0,0.0,1.1513155,2.2833586,1.2476399,1.8418615,0.0,0.0,0.0,0.0,0.0,0.0,0.3607033,3.9031394,1.3747452,1.1605872,0.0,0.0,0.0,0.0,2.7146602,0.0,0.0,1.5173566,1.9566089,2.2532299,1.407469,0.0,0.0,0.0,0.12984727,0.0,0.49549192,0.0,2.5526125,0.0,2.1359236,0.0,0.85687375,0.0,0.0,0.44751173,0.0,0.9108249,2.5530543,0.0,0.0,1.3444067,0.9867044,1.6644444,1.8903332,0.0,0.77215815,0.0,1.6944976,0.0,1.612483,0.0,0.0,0.0,0.0,0.0,0.0,1.8602908,0.0,0.0,0.9512428,0.0,0.0,1.608508,0.0,1.5053551,0.0,2.4169514,0.0,3.75567,0.0,0.36931998,0.0,0.70468557,0.0,0.0,0.0,0.0,0.0,0.0,0.0,0.0,1.8058157,0.0,0.0,1.2745913,3.6644268,2.1152709,0.0,0.0,0.0,0.0,0.0,0.0,1.4553508,0.0,0.0,0.0,1.7196834,0.0,0.0,0.0,0.90033394,4.0
0.0,0.0,0.0,2.1402707,0.0,0.0,0.0,0.0,0.61320686,0.0,1.1702843,0.0,2.2539666,0.0,0.0,0.0,2.1151726,1.1938256,1.6235772,2.8379393,0.0,0.0,1.096972,1.0016991,0.0,0.0,1.1354066,0.0,0.0,0.0,1.177238,0.7491859,0.0,1.2709044,0.16735499,0.0,0.0,0.0,0.0,0.3477536,0.0,0.0,1.8065624,0.0,0.610057,0.0,0.0,1.8743113,0.0,0.0,0.0,0.0,2.5605035,0.5900166,1.384163,0.7790486,0.0,2.4901485,0.0,0.0,1.4103899,0.0,2.5355194,0.0,0.25909993,0.0,0.0,0.0,2.2179892,1.6878676,0.62119776,0.0,0.5845703,2.2602568,0.0,1.9501088,0.0,0.0,0.0,0.0,0.0,0.0,2.406658,0.0,0.375994,2.3201804,0.0,1.2053483,0.0,3.1417477,0.0,0.0,1.1826568,1.0685687,0.0,1.980913,3.03508,0.0,0.7637785,0.0,1.4539337,0.0,0.0,0.74779433,1.6035969,1.5319548,0.0,0.0,0.8005191,0.0,0.0,0.0,0.44617,2.4502728,0.0,0.9315136,0.0,0.0,0.0,0.0,0.0,0.0,1.1711135,0.17067172,0.0,0.0,0.0,1.3840445,4.0
0.0,0.0,0.0,0.7674134,0.0,0.0,0.0,0.0,0.43098548,0.0,0.8674013,0.0,0.74406344,0.0,0.0,0.0,1.1708655,1.2002833,0.9693763,1.6597682,0.0,0.0,0.0,0.7422293,0.37953213,0.0,0.0,0.6614164,0.0,0.0,0.0,0.0,0.07744753,0.0,0.0,0.0,0.0,0.0,0.0,0.8184399,0.0073535647,0.0,0.52863723,0.46377653,0.0,0.0,0.0,1.6133019,0.0,0.0,0.42569968,0.0,0.8216979,0.0,0.0,0.14227067,0.0,0.95161575,0.0,0.0,0.0,0.0,1.1462016,0.0,0.0,0.29886252,0.0,0.0,1.0301163,0.72884715,1.0908946,0.0,1.0522282,1.1927634,0.0,0.85759085,0.0,0.0,0.0,0.0,0.0,0.0,1.2626976,0.0,0.96000814,0.96763074,0.0,0.7917405,0.0,1.2632521,0.0,0.0,0.6500288,1.2926329,0.32552108,0.54154736,1.5093278,0.0,0.0,0.640063,0.06080046,0.0,0.5787552,0.0,0.0,0.0,0.0,0.0,0.0,0.0,0.0,0.73797387,0.0,1.0665617,0.0,0.0,0.0,0.0,0.0,0.0,0.0,0.0,1.4169917,0.0,0.0,0.0,0.0,0.26080456,4.0
0.0,0.0,0.0,0.0,1.64789,0.8954636,2.4754698,0.47980145,0.0,0.13705492,0.8806226,1.4239811,0.0,1.4953371,1.5609941,0.0,0.41476497,0.6726775,0.0,0.0,0.14767414,1.6575623,0.0,0.0,1.1470832,0.0,0.0,1.6553792,0.0,0.27631378,0.0,0.0,0.7710218,0.062419005,0.25508472,0.0,0.0,1.9742826,0.0,1.1098335,0.0,0.0,0.36973608,2.0333734,0.0,0.11086179,0.7769307,0.7207948,0.0,0.0,0.49902683,0.0,0.0,0.0,0.0,0.0,0.21091528,0.0,0.0,0.0,0.0,0.7853282,0.0,0.0,0.0,0.96511555,1.2208948,0.0,0.06651678,0.0,0.0,0.0,0.0,0.061314493,1.1978648,0.0,0.0,0.0,0.0,0.0,0.0,0.07118119,0.0,0.0,0.623029,0.0,0.0,0.91210306,0.51770395,0.0,0.08826806,0.0,0.0,0.0,1.2110002,0.0,0.0,0.0,0.0,1.3755342,0.0,0.35247406,1.2876239,0.0,0.0,0.0,0.528323,0.0,0.0,0.0,0.0,1.5017034,0.0,0.0,0.0,0.0,1.2832344,0.7486019,2.5199335,0.0,0.1712199,0.0,0.7793671,0.17854962,0.0,0.0,0.0,0.0,4.0
0.0,0.0,0.0,0.0,0.47709882,0.0,0.57553416,1.184091,0.0,0.0,2.5715096,0.2819409,0.0,0.0,2.0072372,0.0,1.3393159,0.0,0.80774856,0.0,0.0,0.0,0.24748969,0.06167342,0.75654393,0.0,0.0,2.723974,0.24262682,0.0,0.0,0.0,2.4972835,0.0,1.8410457,0.0,0.0,3.4377549,0.0,1.5891771,0.0,0.0,0.0031661922,4.16586,0.0,0.94805086,1.3189305,1.4147755,0.0,0.0,1.682405,0.0,0.0,0.43254033,0.0,0.0,0.0,0.0,0.17432013,0.0,0.0,1.5804511,0.0,0.0,0.0,2.8371613,0.0,0.0,0.0,1.9870831,0.0,0.0,0.0,0.0,1.0519459,0.18878858,0.0,0.0,0.0,0.0,0.0,0.0,0.0,0.0,0.0,0.5331334,0.0,0.0,0.0,0.0,0.0,0.0,1.3135194,0.017360551,1.9955273,0.0,0.0,0.0,2.485359,1.1056676,0.0,0.0,1.4947065,0.0,0.0,0.0,0.32584345,0.0,0.0,0.0,0.0,3.7559962,0.0,0.46010923,0.0,0.0,0.10741631,0.92889315,3.666235,0.0,0.0,0.3236506,1.0644019,0.026842117,0.0,0.0,0.0,0.17935422,4.0
0.5848797,0.876645,0.6802862,0.0,0.66701573,0.0,0.0,1.0422096,0.07483246,0.51806134,0.0,0.63477254,0.0,0.5628587,0.0,0.8161588,0.0,0.0,0.0,0.0,0.0,0.7667553,0.7962643,0.0,0.0,0.5750671,0.033735175,0.0,0.23812042,0.0,0.28503472,0.8354357,0.6332242,0.22206685,0.17255305,0.9273471,1.4555169,0.0,0.68045604,0.0,0.30353886,0.61763453,0.0,0.0,0.7115758,0.70686704,0.0,0.0,1.5244772,0.7702405,0.0,1.5907311,0.0,0.56370145,0.10154187,0.3743628,0.2682261,0.083341666,0.0,0.96807814,0.09489419,0.0,0.0,2.0628614,0.67561084,0.0,0.90289867,1.6492668,0.014592018,0.17807359,0.0,1.4010088,0.0,0.011112533,0.0,0.15059176,0.79418355,0.9856909,1.5911356,0.88666105,1.0586948,1.2999346,0.11942188,1.096947,0.0,0.0,0.82057744,0.0,0.7742563,0.0,0.97108036,0.37531653,0.10746601,0.0,0.51437,0.47396496,0.10548028,1.0893002,0.0,0.0,0.0,0.35931233,0.0,0.5826125,0.25549033,0.12223664,0.0,1.141922,0.41581702,0.9623852,1.2435794,0.0,0.3753135,0.0,1.1028917,0.0,1.0842261,0.0,0.0,1.4347917,0.0,0.0,0.0,0.29317957,1.0014583,1.1114498,0.54840636,0.0,4.0
1.6328673,2.3972208,1.9716363,0.0,1.6167254,0.0,0.0,0.7508835,0.0,0.98399645,0.0,1.7479455,0.0935116,1.39164,0.12009285,0.6421736,0.0,0.0,0.0,0.7834133,0.0,1.752693,0.0,0.3936505,0.0,0.6047545,0.77713865,0.0,0.12540765,0.0,0.3679318,0.6300844,0.0,0.098870784,0.0,0.82360274,1.8818802,0.0,1.3811797,0.0,1.952124,0.6287951,0.505802,0.0,1.6035086,0.31241778,0.0,0.0,1.7284447,1.8582362,0.0,1.8795413,0.0,0.0,0.8187356,0.44954756,0.0,0.4664081,0.0,0.4094117,0.0,0.0,0.3219179,1.4318932,0.9809964,0.5695999,1.9791871,1.5551044,0.0,0.0,0.0,1.1952304,0.0,0.26149052,0.0,0.63508844,1.751384,1.117854,1.2645427,0.67210585,2.0702684,0.98565423,0.13687284,0.5680184,0.18962875,0.0,0.81197613,0.0,0.0,0.0,2.3715463,0.0,0.0,0.0,0.0,0.6500301,0.7932484,0.43805367,0.0,0.0,0.0,0.0,0.0,0.22097452,0.82252145,0.5988416,0.0,0.78383833,0.36680257,0.8825196,0.7447615,0.0,0.9482132,0.0,1.6114223,1.056813,2.5656002,0.0,0.0,1.1992484,0.0,0.0,0.0,0.7439848,1.1679178,1.7514846,1.2103028,0.0,4.0
0.0,0.0,0.0,0.0,0.0,0.254619,0.28005475,0.70161605,0.0,0.0,0.5351015,0.0,0.04227457,0.0,0.0,0.0,0.0,0.0,0.016068157,0.088602595,0.39909837,0.0,0.915762,0.0,0.17983748,0.0,0.0,0.0,0.0,0.18847486,0.0,0.60953087,0.38311666,0.40262362,0.0,0.0,0.0,0.19111122,0.0,0.0,0.0,0.0,0.71836376,0.0,1.0086918,0.17157707,0.91554505,0.0,0.0,0.0,0.07401007,0.2963926,0.015864242,0.6608498,0.0,0.0,0.0,0.085281715,0.12629765,0.0,0.013323991,0.0,0.0057952297,0.94115126,0.0,0.0,0.0,0.4332362,0.0,0.9201406,0.0,0.18537179,0.0,0.0,0.46268862,0.008928577,0.0,1.1140187,0.0,0.0,0.0,0.7910885,0.0,0.034024145,0.0,0.28570244,0.0,0.0,0.0,0.2518327,0.0,0.0,0.75080997,0.0,0.49011034,0.0,0.034726772,0.0,1.1309974,0.0,0.0,0.5689841,0.0,0.46576503,0.20246439,0.0,0.03595215,0.14359188,0.19777079,0.6327998,0.04983832,0.0,0.93062276,0.31913382,0.0,0.0,0.0,0.035402372,0.0,0.68547165,0.25418684,0.0,0.0,1.0741704,0.8806092,0.0,0.0,0.4835872,4.0
0.0,0.0,0.0,0.18146656,0.0,0.019716341,0.12706584,0.9757698,0.0,0.0,0.30348527,0.0,0.24596809,0.0,0.0,0.0,0.0,0.0,0.0,0.0,0.19901697,0.0,0.73662454,0.0,0.07207497,0.0,0.0,0.0,0.0,0.0,0.0,0.7195979,0.64449406,0.53471255,0.27276266,0.0,0.0,0.2514278,0.0,0.0,0.0,0.0,0.54287714,0.0,0.8471037,0.55093426,1.0909541,0.0,0.0,0.0,0.0,0.7518956,0.0,0.54241735,0.0,0.08407643,0.0,0.21459986,0.0,0.0,0.27273425,0.0,0.13635643,1.324705,0.0,0.0,0.0,0.83653384,0.2063935,0.6615758,0.0,0.57506436,0.0,0.061921563,0.45553836,0.24905309,0.0,0.9225792,0.0,0.0,0.0,0.71625555,0.048105527,0.122652836,0.0,0.4869561,0.0,0.0,0.2983852,0.2261563,0.0,0.0,0.5348785,0.0,0.5464484,0.0,0.08441715,0.0,1.3564546,0.0,0.21749902,0.4147445,0.0,0.5341362,0.0,0.0,0.0,0.6070546,0.31375027,0.6535515,0.48786265,0.1381474,0.75265104,0.3999795,0.0,0.0,0.18255703,0.0,0.0,0.609231,0.044312727,0.0,0.0,0.9103314,0.7380424,0.0,0.0,0.3345226,4.0
1.1475699,0.4127359,1.2065047,1.8344951,0.67131793,0.0,0.0,0.0,0.0,0.026791492,2.3404524,0.72918177,2.8314953,0.44283247,0.46582708,0.0,0.0,0.0,2.3590984,1.4127772,0.0,0.33312318,2.4623687,1.6114953,0.0,0.0,2.4618425,0.0,0.4186023,0.0,2.7278636,2.660705,0.9606412,0.0,1.8583398,0.0,0.0,0.0,0.0,0.61319923,1.9417126,0.0,1.6048381,0.10600414,1.6527482,1.8633677,0.0,2.2293253,0.0,0.0,2.2305412,1.3892809,3.3083868,1.5547392,2.449859,0.0,0.0,2.5188956,0.0,0.0,1.6152195,0.038004883,2.2859783,1.396573,2.187123,1.2857069,0.087431036,1.4244227,1.2784343,2.7804627,0.51403105,0.9566816,1.2457106,1.5331951,0.0,1.2351383,0.7235033,0.0,0.0,0.0,0.0,0.0,2.2523937,0.0,2.0784278,1.8338397,0.0,1.4857153,0.0,1.315888,0.27858227,0.0,1.7335665,1.3476698,0.038378347,2.280234,2.3218737,0.0,0.0,0.0,2.144927,0.0,0.0,2.1773949,2.7635348,2.4361033,0.0,1.7126511,2.9108267,0.0,1.2484766,1.1259897,0.25504723,1.697777,0.0,1.1691805,0.0,0.0,0.0,2.7673638,0.0,0.0,0.9309107,0.0,0.0,0.0098995175,0.09819252,0.0,4.0
0.44869256,1.4621922,0.38669187,0.049115982,1.0632472,0.30872834,0.0,1.7297921,0.7639687,1.0984985,1.3139071,1.0145539,0.52166986,1.1248963,0.6833654,1.3591615,0.0,0.0,1.0253729,0.9109704,0.061320428,1.5470766,0.925823,0.059059616,1.5153993,1.7079263,0.0,1.125692,1.5690688,0.018047016,0.0,0.0,2.8652196,0.0,2.3425536,0.89330614,1.1234224,0.5579997,0.0,0.9122398,0.73786753,0.66652924,0.0,1.0735105,0.0,1.5783937,0.0,0.34837705,1.3832209,2.4024177,1.431681,0.66069365,0.0,1.1760832,0.0,0.0,0.9091471,0.6643443,0.07845347,0.97531676,0.06757353,0.0,0.39797255,1.7978354,0.0,1.3014283,1.3944916,0.82079464,0.20146833,0.5782545,2.252985,0.9778538,2.1650627,0.30619028,0.13964596,0.13783516,1.0557449,0.0,0.7301811,0.7533114,3.4592617,0.7705859,0.53526545,1.2822651,0.0,0.38512787,0.0,0.0,1.9650724,0.0,1.0057439,1.0393836,1.4918969,1.8777132,1.3705605,0.0,0.0,0.86122054,0.63805604,0.0,0.0,0.0015567695,0.23619807,0.0,0.0,0.0,0.12618971,0.42952737,0.0,0.45368192,0.5454531,2.6868925,0.0,0.57978123,1.6465967,0.0,1.3635631,0.18886492,0.6276468,0.8821578,0.63015515,1.3710405,0.9585283,0.0,0.8511418,0.456166,2.1503484,0.0,4.0
0.0,0.0,0.0,0.0,0.0,1.4564439,1.3744942,0.0,0.6718376,0.0,0.35689166,0.0,0.0,0.0,0.5898557,0.0,0.3607476,1.1935852,0.7809366,0.4069632,1.5033042,0.0,0.45867923,0.0,0.18547289,0.0,0.08086829,0.19814701,0.0,1.3153312,0.0,0.0,0.0,0.0,0.0,0.0,0.0,0.4391715,0.0,0.0,0.0,0.16605693,0.6759513,0.0,0.88741314,0.0,1.0283484,0.7612122,0.0,0.0,1.097088,0.0,0.6070269,0.24743184,0.14446762,0.0,0.0,0.0,1.2154585,0.0,0.0,0.9363699,0.0,0.0,0.0,0.0,0.0,0.0,0.0,0.8866774,0.0,0.0,0.0,0.0,1.3152694,0.0,0.0,1.5627202,0.0,0.0,0.0,0.7341884,0.0,0.0,0.9355473,0.0,0.0,1.1455667,0.0,0.36075962,0.0,0.0,0.40864542,0.0,0.0,0.0,0.0,0.0,0.17379516,0.3562908,0.0,1.442487,0.7778059,0.05177448,0.44543383,0.54720545,1.3982099,0.0,0.0,0.82055223,0.0,0.0,0.8710918,0.3561012,0.0,0.0,0.0,1.1905634,0.5304556,0.0,1.4451643,0.0,0.68870276,1.030142,1.2243177,0.0,0.0,0.9999281,4.0
0.0,0.0,0.0,0.03552971,0.3641776,0.0,0.0,0.7716543,0.0,0.20337714,0.0,0.44504398,0.0,0.15505698,0.31603712,1.4465826,0.0,0.0,0.0,0.0,0.0,0.0,0.0,0.0,0.0,0.03036048,0.0,0.48749706,0.0,0.0,0.0,0.0,0.27035755,0.70911163,0.994059,1.1277965,0.6723335,1.4778839,0.8250471,0.0,0.0,0.0,0.0,0.48689428,0.0,0.9448826,2.1540034,0.0,0.8374168,0.0,0.0,0.8864206,0.0,0.0,0.0,0.0,0.40900508,0.0,0.18486473,1.130066,0.19272593,0.08851726,0.0,1.2495118,0.0,0.0,0.0,0.95756066,0.26149747,0.0,0.0,0.63656896,0.0,0.14913376,0.25062177,0.65781623,0.055282142,0.8505896,0.44844967,1.2109249,0.81126523,1.5015392,0.071163,1.7612417,0.0,0.2301811,0.12961869,0.0,1.4724554,0.0,0.008443571,0.0,0.0,0.0,0.0,0.0,0.0,0.9122912,1.8597472,0.0,0.0,0.29749677,0.0,0.0,0.0,0.0,0.0,0.6812129,0.0,1.0229853,0.38764653,0.089518145,0.0,0.11541773,0.68397146,0.0,1.2733412,0.36096245,1.410377,0.0,0.0,0.0,0.0,0.0,0.9803696,0.46518338,0.18877792,0.0,4.0
0.0,0.0,0.0,0.40369737,0.0,0.0,0.0,0.0,0.2890479,0.0,0.8115672,0.0,0.4796592,0.0,0.0,0.0,0.8353814,1.0614043,0.8003719,1.1004533,0.0,0.0,0.8993151,0.2905934,0.0,0.0,0.6389042,0.19362868,0.0,0.0,0.5277947,0.4398091,0.0,0.25477365,0.0,0.0,0.0,0.0,0.0,0.11795898,0.0,0.0,1.1963767,0.0,0.7724774,0.0,0.0,1.4526634,0.0,0.0,0.18919145,0.0,1.639442,0.51999605,0.88309723,0.0,0.0,0.53076226,0.0,0.0,0.045769397,0.083226606,0.70830786,0.0,0.0035511854,0.0,0.0,0.0,0.4945894,1.2721155,0.0,0.0,0.09496612,0.54309,0.0,0.35016853,0.0,0.0,0.0,0.0,0.0,0.0,0.7526055,0.0,0.81807375,0.5549956,0.0,1.0018451,0.0,1.2211751,0.0,0.0,0.87867665,0.3557959,0.0,0.7379668,0.91159225,0.0,0.0,0.017576938,0.17999284,0.0,0.22240326,0.3249817,1.1327473,1.0098865,0.08052988,0.0,0.43516064,0.0,0.0,0.0,0.5288378,0.5172844,0.0,0.26756585,0.0,0.0,0.0,0.02806276,0.0,0.0,0.989718,0.29760993,0.0,0.0,0.0,0.11266892,4.0
0.0,0.0,0.0,0.0,0.16950886,0.0,0.0,0.7964812,0.0,0.0,1.3078243,0.23780124,0.0,0.14716573,0.6413967,0.0,0.0,0.081047855,0.0,0.06990364,0.0,0.0,1.0617446,0.0,0.49688065,0.0,0.0,0.7134582,0.0,0.0,0.0,0.22821422,0.6753759,0.6994184,0.1787063,0.0,0.0,1.0535927,0.0,0.58706295,0.32135352,0.0,1.3064764,1.3721064,1.1349237,0.22945979,0.4759131,0.02802406,0.0,0.0,0.0,0.037768867,0.0,0.86934876,0.0,0.0,0.0,0.0,0.0,0.0,0.0,0.55978954,0.0,0.5605691,0.0,1.1018144,0.0,0.15057604,0.0,1.1826683,0.0,0.08794899,0.0,0.0,0.0,0.25102493,0.0,0.15091883,0.0,0.0,0.0,0.0,0.0,0.0,0.0,0.0,0.0,0.0,0.0,0.0,0.0,0.0,1.3647084,0.0,1.0685383,0.0,0.0,0.0,1.0620607,0.0,0.0,0.0,0.19132432,0.0,0.0,0.0,0.0,0.0,0.0,0.0,0.0,0.8512625,1.2184452,0.0,0.0,0.0,0.66880226,0.22365327,0.95348597,1.0184141,0.0,0.0,0.0,1.3861357,0.022062654,0.0,0.0,0.0,4.0
0.0,1.5025445,0.3510641,2.106649,0.0,0.0,0.0,0.0,1.2158903,0.87635577,0.0,0.0,1.3206065,0.0,0.0,0.6580704,1.4275011,0.5204499,0.5508607,1.2867607,0.0,0.0,0.0,1.0709853,0.0,0.2960422,0.59103703,0.0,0.19312516,0.0,0.92888176,0.0,0.0,0.37560743,0.16606016,0.68351686,0.09658653,0.0,0.77634835,0.1889139,0.0,0.79195744,0.0,0.0,0.0,0.0,0.0,0.41728288,0.08470554,0.65538037,0.0,0.0,1.0789806,0.0,0.60983455,1.1084166,0.63367355,1.7963786,0.0,0.44192865,1.3710766,0.0,1.6089913,0.0,0.6999277,0.0,0.0,0.0,1.570612,0.0,2.1299372,0.0,1.9517736,1.8684132,0.0,1.5089346,0.6055855,0.0,0.32755196,0.7282188,0.33498222,0.0,1.8788352,0.5886099,0.0,1.8701421,0.3810044,0.04935368,0.38385302,2.1382902,0.49994284,1.3708981,0.0,2.064509,0.0,1.9692453,1.9654757,0.24273269,0.4702411,0.0,1.4184369,0.0,0.0,0.32649374,0.19813557,0.6001701,0.0,0.12481143,0.3714707,0.0,0.0,0.0,0.0,1.7009048,0.20178525,0.86224425,0.0,0.0,0.0,0.0,0.0,1.9491347,0.27968928,0.0,0.0,0.6051852,0.65966094,1.1136914,4.0
0.5720652,0.0,0.7964508,0.0,1.793879,0.0,1.2609953,0.06942297,0.0,0.64303243,0.5622519,1.5447528,0.10611967,1.7472144,0.0,0.0,0.0,0.0,0.0,0.0,0.0,1.3413787,0.0,0.0,0.19919851,0.0,0.0,0.3235744,0.022042157,0.0,0.0,0.0,1.3766901,0.71750194,0.06722138,0.22305696,0.0,0.6312151,0.18673617,0.27661464,0.0,0.0,0.39146844,1.094472,0.0,0.57470083,0.0,0.0,0.0,0.0,0.0,0.09519726,0.0,0.0,0.0,0.0,0.0,0.0,0.0,0.0,0.08544271,0.0,0.0,0.7544148,0.0,0.0,1.1989527,0.5993206,0.5802408,0.0,0.0,0.18866374,0.0,0.23300621,0.03998445,0.24838708,0.8323079,0.0,0.0,0.0,0.0,0.0,0.37322414,0.0,0.0,0.0,0.0,0.06828889,0.8785668,0.0,1.0538459,0.0,0.14839238,0.0,1.2504828,0.0,0.0,0.0520561,0.0,0.18004777,0.0,0.0,0.0,0.0,0.0,0.0,0.0,0.8258355,0.0,0.0,0.7821474,1.5938346,0.0,0.0,0.018257756,0.0,0.785358,0.0,0.121284515,0.58495796,0.0,0.0,0.42246807,0.0,0.0,0.0,0.0,0.0,4.0
2.4964838,0.0,2.2139482,0.0,1.2916328,0.0,0.0,2.7181048,0.0,0.0,2.303991,1.6490247,0.0,1.4719967,0.08238277,0.0,2.9102056,0.0,0.0,0.0,0.0,1.728203,2.2429345,2.7693691,0.411517,0.0,0.0,0.0,0.0,0.0,0.0,0.53151315,0.96103364,1.8739173,0.8435827,0.0,0.0,0.0,0.0,2.2885175,2.2798452,0.0,2.101458,1.3142426,2.9528215,0.31585824,0.0,0.0,0.0,2.3736775,0.0,0.46396437,0.0,2.8287501,0.0,3.0259683,0.0,0.13063824,0.0,0.0,0.0,0.0,0.17684361,0.6919789,0.015661007,0.72505295,1.7649306,0.25429705,0.61569625,1.0182871,0.0,0.8894212,0.0,0.35475412,0.0,1.5560577,0.0,0.0,0.33130765,0.0,0.0,0.0,0.14699823,0.0,0.0,0.0,0.0,0.0,0.0,0.0,1.9280341,0.379118,1.8884654,0.0,2.2489364,0.0,0.36439893,0.0,0.18100251,0.0,0.0,0.0,0.019043492,0.0,0.0,0.0,0.0,0.7416244,0.0,0.0,1.0593338,0.90149367,2.9583485,0.0,0.0,0.0,0.35218698,0.0,0.17749682,2.0398264,0.0,0.0,0.0,2.368544,0.0,0.0,0.0,1.4021409,0.0
0.0,0.0,0.0,0.0,0.0,0.62893057,0.51517725,0.0,0.29832715,0.0,0.0,0.0,0.0,0.0,0.69764763,0.4460628,0.0,1.0311723,0.4008769,0.21465698,0.51893866,0.0,0.0,0.0,0.69041485,0.15615909,0.0,1.2454667,0.20480165,0.5860495,0.0,0.0,0.0,0.0,0.0,0.0,0.014240448,0.60180837,0.0,0.13068186,0.0,0.17239964,0.0,0.5548404,0.0,0.0,0.0,0.7796201,0.0,0.0,0.80385226,0.0,0.0,0.0,0.0,0.0,0.67836004,0.0,0.68907076,0.07884487,0.0,0.7745868,0.0,0.0,0.0,0.73694533,0.0,0.0,0.0,0.0,0.22818798,0.0,0.19954112,0.0,0.19905575,0.0,0.11966994,0.3882573,0.0,0.0,0.091216564,0.48387337,0.0,0.21837533,0.96749496,0.0,0.0,0.6948101,0.0,0.0,0.0,0.0,0.0,0.24899173,0.05156174,0.0,0.0,0.2703667,0.0,1.0820479,0.0,0.5829106,1.0884244,0.0,0.0,0.0,0.82416695,0.0,0.0,0.43250722,0.0,0.14952236,0.0,0.0,0.027526079,0.0,0.034868523,0.88003236,0.8201329,0.0,0.6913902,0.0,0.9256892,0.0,0.4204802,0.0,0.09929913,0.0,0.0
0.023475904,0.7282134,0.23536289,0.6820941,0.337363,0.06688304,0.056140218,0.0,0.34213835,1.2069426,0.0,0.4268799,0.0,0.35181037,0.0,0.86715233,0.0,0.0,0.0,0.0,0.33997208,0.22036928,0.0,0.0,0.0,1.0237955,0.93366647,0.0,0.8268111,0.0,1.0819687,0.72202355,0.0,0.04516507,0.030688075,1.9291657,1.691373,0.0,1.5668957,0.0,0.0,0.8174695,0.0,0.0,0.0,0.6929005,0.482615,0.0,1.9526439,0.5681134,0.0,1.5727481,0.0,0.0,0.89258,0.0,0.93628764,0.0,0.16303585,1.7267026,0.7825974,0.0,0.0,0.6703655,1.3202776,0.0,0.37554413,1.4375361,0.0,0.0,0.14749412,1.5531558,0.27873206,0.0,0.1730409,0.0,0.918743,0.0,1.0535275,2.0499532,0.75872475,0.33611336,0.0,0.8703458,0.0,0.2920342,1.749948,0.0,1.7980589,0.24462424,0.5425992,0.80879277,0.0,0.0,0.0,0.88730276,0.0,1.6792387,0.7260504,0.0,0.875018,0.5039121,0.0,0.98697543,0.3843749,0.65961784,0.0,1.3993847,0.902987,0.69009024,1.4893856,0.0,0.0,0.0,1.4411783,1.136329,0.38804713,0.0,0.0,0.10917669,0.18435962,0.9924736,0.0,0.0,0.0,1.7061743,0.35923547,0.0,0.0
2.993535,3.2568312,3.447144,1.4107261,3.7213547,0.0,0.0,0.26086187,0.0,1.929195,0.0,3.5700102,2.7872152,3.4015765,0.0,0.0,0.29083806,0.0,0.0,1.8953454,0.0,3.421262,0.0,2.8481767,0.0,0.53319496,0.0,0.0,0.28267324,0.0,0.0,0.0,0.0,1.5609748,0.49236497,0.59633726,0.7206774,0.0,1.6476766,0.0,1.9476736,0.0,0.07655818,0.0,0.4526196,0.0,0.0,0.0,0.5092724,1.62741,0.0,0.6506598,0.0,0.0,0.0,1.7311066,0.0,3.0305731,0.0,0.0,2.312205,0.0,2.3302665,0.45028558,0.85086787,0.0,3.6987152,0.4038412,2.8853018,0.0,1.4325492,0.63794523,0.45624715,2.5269535,0.0,2.8623,3.2135332,0.0,1.0384138,0.4587451,2.5176494,0.0,2.4697912,0.0,0.0,1.1760794,0.013325806,0.45784846,0.12329927,1.6671879,4.342671,0.0,0.0,0.37590623,0.0,1.6793265,3.1874435,0.0,0.0,0.0,1.4617585,0.0,0.0,0.0,0.0,0.0,0.0,1.2407756,0.0,0.0,0.7503051,0.0,0.12716654,1.8808936,0.6981674,0.9022933,3.0829616,0.0,0.0,0.3490609,0.0,0.3750833,0.0,0.2872565,0.0,1.0210248,2.1992679,0.0,1.0
0.0,0.03319569,0.0,1.1226313,0.0,0.0,0.0,0.0,0.935428,0.3408726,0.0,0.0,0.353033,0.0,0.0,0.0,0.52874315,0.0,0.36215088,0.0,0.022609893,0.0,0.15983066,0.0,0.0,0.28428122,1.6882298,0.0,0.07531035,0.0,1.7002702,1.413122,0.0,0.26355743,0.06505191,0.7011623,0.5220484,0.0,0.4742208,0.0,0.0,0.38230905,0.0,0.0,0.0,0.44706836,0.18723789,0.0,0.4787972,0.0,0.0,0.8933837,1.2956098,0.14825666,1.6378956,0.32520747,0.0,0.37386507,0.0,0.5693812,1.101429,0.0,0.36038178,0.41828507,1.3386579,0.0,0.0,0.9905677,0.21899337,0.37466407,0.0,0.9296873,0.10752458,0.019379685,0.0,0.13174276,0.0,0.0,0.00054427626,0.83604664,0.0,0.0,0.26573238,0.0,0.0,0.8908116,1.5535252,0.0,0.5112801,0.98287845,0.0,0.98491067,0.0,0.10691157,0.0,1.2264268,0.52170575,0.6031223,1.126546,0.0,1.3670087,0.0,0.0,1.5798041,1.3782482,1.6350214,0.0,0.9655759,1.4491426,0.0,0.8207282,0.0,0.0,0.6243103,0.405626,1.4081924,0.0,0.0,0.0,0.5929238,0.0,0.80340415,0.0,0.0,0.0,0.78038895,0.0,1.0133992,0.0
0.0,0.10140435,0.016752377,0.5757034,0.17355843,0.17431685,0.1694297,0.29099655,0.0,0.45355,0.0,0.14550917,0.18403368,0.15256159,0.0,0.19553965,0.0,0.0,0.0,0.0,0.35714716,0.094610326,0.056055065,0.0,0.0,0.44971138,0.75080705,0.0,0.35708508,0.14190105,0.99878806,1.1862961,0.1258711,0.23954265,0.18940598,0.9098692,0.96228176,0.0,0.7462196,0.0,0.0,0.11196839,0.0,0.0,0.0,0.8313447,0.45093808,0.0,1.034679,0.0,0.0,1.6098559,0.095194265,0.04868131,0.7929406,0.0,0.06695091,0.0,0.0,0.8453548,0.749506,0.0,0.0,1.2762533,1.1782665,0.0,0.16403134,1.5116491,0.10559282,0.0,0.0,1.4392015,0.0,0.0,0.37776992,0.0,0.42063263,0.3228673,0.665031,0.9657106,0.20426492,0.47623253,0.011961996,0.36918297,0.0,0.4484989,1.0505298,0.0,1.114411,0.29308695,0.16605416,0.069510385,0.0,0.0,0.0,0.7326079,0.0,0.90296483,0.93579006,0.0,0.85689783,0.47482303,0.0,1.2167399,0.59126526,0.66359913,0.0,1.4654131,1.0731595,0.5750234,1.5043275,0.0,0.0,0.031793766,0.75103784,0.7188755,0.31624073,0.0,0.0,0.77227235,0.20869906,0.17500809,0.0,0.0,0.18224429,0.97546357,0.045687128,0.0,0.0
3.016231,0.7323489,2.4772358,0.0,1.2316731,0.0,0.0,2.7607152,0.0,0.0,0.5634657,1.931983,0.0,1.5095664,0.29054958,0.0,3.3830838,0.0,0.0,0.0,0.0,1.9276633,1.5897654,3.530796,0.0,0.0,0.5777679,0.0,0.0,0.0,0.0,0.57087594,0.0,2.3502514,1.3014101,0.25310922,0.0,0.0,0.0,1.3254386,2.9006433,0.27386293,1.4414585,0.0,3.015973,0.32085148,0.936598,0.0,0.0,3.276686,0.0,0.92438054,0.0,2.3591232,0.0,4.400071,0.0,0.08698117,0.0,0.0,0.0,0.0,0.11454287,0.54659927,0.5014007,0.0,2.0622487,0.58023626,0.55240476,0.0,0.0,1.1128327,0.0,0.11689886,0.0,1.9823357,0.0,0.0,1.4733121,1.203479,0.0,0.0,0.0,0.0,0.0,0.0,1.9729335,0.0,0.7288455,0.0,2.3556998,1.7862263,0.26272574,0.0,0.44689023,0.016855262,0.20263891,0.0,0.0,0.0,0.0,0.0,0.0,0.0,0.015584667,0.0,0.0,0.8274888,0.0,0.0,1.1472672,0.0,2.6799533,0.0,0.0,1.4893426,1.0091623,0.0,0.061628845,1.3268209,0.0,0.0,0.0,2.0644617,0.0,0.4299491,0.0,2.4527948,0.0
0.0,0.0,0.0,0.0,0.0,0.84524024,0.7937855,0.0,0.31160605,0.0,1.444805,0.0,0.0,0.0,0.69073874,0.0,0.3602915,1.7449849,0.84584904,0.7931818,0.84798646,0.0,1.1358927,0.0,0.6588643,0.0,0.0,0.92507225,0.0,0.7462417,0.0,0.0,0.0,0.0,0.0,0.0,0.0,0.6048515,0.0,0.37627408,0.0,0.0,1.5249288,0.7998593,1.2393032,0.0,0.5535762,1.4044628,0.0,0.0,1.0196558,0.0,0.9113583,0.7603429,0.0,0.0,0.0,0.0,0.6439229,0.0,0.0,0.99710256,0.0,0.0,0.0,0.63613707,0.0,0.0,0.0,1.8455707,0.0,0.0,0.0,0.0,0.47974023,0.0,0.0,1.246487,0.0,0.0,0.0,0.47690415,0.0,0.0,1.0212332,0.0,0.0,1.6524594,0.0,0.18703327,0.0,0.0,1.4651268,0.0,0.37319347,0.0,0.0,0.0,0.40920338,0.45229343,0.0,0.80379015,1.2116611,0.0,0.55314654,0.39230737,0.94505554,0.0,0.0,0.08418551,0.0,0.0,1.3302203,0.12622505,0.0,0.0,0.0,0.7048261,0.76963735,0.5669896,0.7855721,0.0,1.1352257,1.5060943,0.7840977,0.0,0.0,0.6422738,0.0
0.0,0.0,0.11157181,0.0,0.61020994,0.0,0.0,0.41120374,0.0,0.16501941,0.0,0.83417004,0.0,0.59717506,0.51655304,1.0226194,0.0,0.0,0.0,0.0,0.0,0.48908564,0.0,0.0,0.0,0.0,0.0,0.45359743,0.0,0.0,0.0,0.0,0.0,0.73326045,0.077513106,0.7280848,0.71485186,1.0681912,0.68126047,0.0,0.07176632,0.0,0.0,0.1977506,0.0,0.31906655,1.5178537,0.0,0.7635172,0.13775001,0.0,0.78694487,0.0,0.0,0.0,0.0,0.42620987,0.0,0.4551835,0.7824617,0.0,0.38475588,0.0,0.44828728,0.0,0.433566,0.49874318,0.567922,0.018368684,0.0,0.0,0.47905672,0.0,0.0,0.0,0.30195123,0.0,0.6757804,0.45528668,0.70486164,0.42284104,1.0061582,0.0,1.0375507,0.0,0.0,0.0,0.0,0.37197343,0.0,0.46640828,0.0,0.0,0.0,0.0,0.0,0.0,0.79102933,0.6791126,0.14909661,0.0,0.40339518,0.0,0.0,0.0,0.0,0.0,0.119480096,0.0,0.7805548,0.3042753,0.0,0.0,0.0,0.5368331,0.0016904406,1.7669507,0.6810747,0.99430984,0.0,0.0,0.0,0.0,0.2895642,0.8330445,0.34977135,0.0,0.0,0.0
1.226026,3.2357905,1.9210303,1.6973436,1.6459974,0.0,0.0,0.45413604,0.4049081,1.9192173,0.0,1.7251155,1.2078265,1.739138,0.0,1.566729,0.0,0.0,0.53164744,1.6018845,0.0,1.435351,0.0,1.4125949,0.30216426,1.4402102,0.0,0.0,1.406558,0.0,0.15899573,0.0,1.2038606,0.0,1.4368316,1.7398463,1.1293713,0.0,0.92763317,0.38824448,1.1351712,0.7012046,0.0,0.0,0.0,0.79010415,0.0,0.0,1.5671142,2.9158735,0.0,0.38276428,0.0,0.0,0.0,0.6706218,1.2590479,1.8417804,0.0,1.1759429,1.0446949,0.0,1.6626309,0.68176997,0.6232671,0.0,1.7929398,0.3452412,1.6365572,0.0,3.3717437,0.7472246,3.329787,2.0926895,0.0,1.6838576,2.2765174,0.0,0.84535486,1.6534562,3.2873497,0.0,2.172914,1.3485767,0.0,1.3769909,0.0,0.0,2.2404766,1.2158198,2.151168,1.1864581,0.0,3.0995638,0.0,1.8202033,1.7944475,0.6955747,0.12574036,0.0,1.0589069,0.0,0.0,0.0,0.0,0.0,0.0,0.681666,0.05015859,0.0,0.8250737,1.061534,0.0,1.278449,1.7519559,0.0,0.19297355,0.0,0.0,0.0,0.0,2.1738818,0.0047359406,0.0,0.0,1.3369408,2.419882,0.0,0.0
1.3096316,0.52987,1.5373148,0.0,1.0318011,0.0,0.0,0.0,0.0,0.0,1.3041555,1.2597016,0.06768258,1.3689321,0.4650822,0.0,0.0,0.0,0.0,0.11983837,0.0,1.8066905,1.4667782,1.3441865,0.6021056,0.0,0.26846892,1.4341604,0.0,0.0,0.90747285,1.1978477,0.9040226,0.36012354,0.070360586,0.0,0.0,0.0,0.0,0.94471514,1.555044,0.0,1.2419753,0.9257427,1.188345,0.8679169,0.0,0.68387026,0.0,0.8954499,0.0,1.2072403,1.1581252,1.0251414,0.73384535,0.0,0.0,0.46815857,0.0,0.0,0.0,0.6606568,0.57381034,1.1175379,1.3377197,0.7098004,1.2018418,0.65328306,0.83933944,1.3088647,0.8651725,1.1229565,1.1663873,1.3052276,0.0,0.83199424,0.69684774,0.0,0.23963338,0.0,0.06861179,0.0,1.4315163,0.0,0.62608284,0.0,0.0,0.0,0.0,0.0,0.74303657,0.0,1.3142697,1.0855755,0.8451196,1.0256428,0.62353283,0.0,0.0,0.0,0.20446178,0.0,0.18948618,0.39197874,0.9823503,0.2414248,0.0,1.5061206,0.98118204,0.0,1.9139178,1.5495054,0.5280634,0.0,0.0,0.0,0.0,0.14629175,0.0,1.7473205,0.0,0.0,0.08006237,0.0,0.0,0.0,0.0,0.0,0.0
0.0,0.0,0.0,1.0683831,0.0,0.0,0.0,0.0,0.7049755,0.0,1.5575404,0.0,1.425476,0.0,0.0,0.0,0.55089754,1.381347,1.946503,2.2346716,0.0,0.0,1.9688511,0.0,0.0,0.0,1.4249612,0.0,0.0,0.0,0.96818846,0.93914,0.0,0.0,0.0,0.0,0.0,0.0,0.0,0.12972012,0.14845116,0.19247542,1.237913,0.0,1.6296121,0.0,0.0,2.5313847,0.0,0.0,1.5203648,0.0,2.780194,1.3075192,1.5176436,0.22859907,0.0,1.5774747,0.0,0.0,0.7843145,0.0,1.3196537,0.31548226,0.0,0.10031406,0.0,0.0,0.16598447,2.2374768,0.23595634,0.0,0.14894629,0.29085577,0.0,0.39871925,0.0,0.53280514,0.0,0.0,0.0,0.23341848,0.9431336,0.0,1.9162794,1.2711418,0.10995583,3.2086892,0.0,1.887081,0.0,0.4539003,1.080511,0.4225578,0.0,1.1750275,1.833774,0.0,0.0,0.0,0.3826139,0.0,0.111016616,0.8713082,2.3327012,2.2019665,0.0,0.0,0.9052,0.0,0.0,0.0,0.595422,1.7428339,0.0,0.7037805,0.0,0.0,0.0,1.5374098,0.0,0.0,1.9483845,0.19781204,0.0,0.068881035,0.17247304,0.93995655,1.0
0.2914149,0.36897683,1.1232716,0.0,0.47871146,1.8748622,1.3179294,0.0,0.0,1.7785541,0.0,0.8282232,0.115010284,0.896675,2.0183156,0.0,0.0,0.46104634,2.8078077,0.7775955,1.2245002,0.0,0.0,0.0,0.0,2.034153,0.0,1.5519481,2.5659451,1.5952821,0.0,0.0,0.063682675,0.0,0.4082515,0.15624776,0.78815025,0.83691466,0.0,0.0,1.5371561,0.0,0.0,1.0375767,0.0,0.0,0.0,2.0193706,0.44130006,0.0,2.9032977,0.0,0.38379642,0.0,0.0,0.0,0.20900802,0.0,0.97880155,0.37691775,0.0,1.7337165,0.0,0.0,0.0,2.6923127,0.0,0.1377399,0.0,0.16237307,0.21877477,0.0,1.6124904,0.0,0.47875762,0.0,1.9938716,0.0,0.0,0.0,1.1592145,0.0,0.0,0.0,2.4812748,0.0,0.0,1.2259778,0.0,0.0,0.0,0.0,0.0,1.2560893,0.0,0.0,0.0,0.9586779,0.0,0.7247827,0.0,1.1842988,0.5439194,0.0,0.0,0.0,1.6509608,0.0,0.5383445,0.2609012,0.0,0.39637902,0.0,0.09726113,1.8920596,0.0,0.6797598,1.7953166,1.1216351,0.0,1.6515303,0.8387656,2.204169,0.0,0.0,0.0,1.5621234,0.0,2.0
0.5446247,0.38354144,1.1944894,0.69588387,0.0,0.0,0.0,0.0,0.21247615,0.8300561,0.0,0.7515231,0.75665146,0.0,0.0,0.17709817,0.0,0.0,0.0,0.055564497,0.0,0.0,0.0,0.33788186,0.0,0.5915831,0.28178033,0.0,0.6971395,0.0,0.8696996,0.0,0.0,0.6802377,0.8610315,0.98548126,0.69887763,0.0,0.90882456,0.0,0.35307196,0.091423,0.0,0.17614882,0.0,0.5741298,0.0,0.0,0.7498106,0.0,0.0,0.9312591,0.0,0.0,0.309898,0.0,0.32418457,0.5459353,0.0,0.76784635,1.077021,0.0,0.5127769,0.0,1.5694107,0.0,0.0,0.42179954,0.6563082,0.0,0.0,0.9452808,0.3108415,0.4606263,0.0,0.55805504,0.8950331,0.0,0.0,0.75654244,0.18989365,0.0,0.5080757,0.22776382,0.0,0.5740558,0.47724566,0.0,0.8169033,0.22763208,0.8325671,0.08513318,0.0,0.22651413,0.0,0.7531688,0.5582112,0.555876,0.6108144,0.17015134,1.2703043,0.0,0.0,0.15096238,0.0,0.0,0.0,1.222,0.8874916,0.0,1.1258905,0.10078389,0.0,0.3577877,0.62929213,0.9114744,0.0,0.0,0.0,0.0,0.0,0.5348955,0.0,0.0,0.0,0.71110445,0.38479987,0.16699572,0.0
0.0,0.0,0.0,0.0,0.0,0.87786204,0.75844187,0.0,0.39761978,0.0,0.0,0.0,0.0,0.0,0.48736677,0.6746478,0.0,1.4038947,0.0,0.30833763,0.81837046,0.0,0.0,0.0,0.71625566,0.0,0.0,0.8335566,0.0,0.7491018,0.0,0.0,0.0,0.0,0.0,0.0,0.0,0.40722615,0.0,0.0,0.0,0.46187797,0.41091815,0.0,0.24154848,0.0,0.123059265,0.6974179,0.0,0.0,0.13920589,0.0,0.11310909,0.0,0.0,0.0,0.5577646,0.0,0.9717578,0.03996343,0.0,0.8599548,0.0,0.0,0.0,0.0,0.0,0.0,0.0,0.11190048,0.0,0.0,0.0,0.0,0.16734104,0.0,0.0,1.1883655,0.31772044,0.0,0.0,1.1900911,0.0,0.5803915,0.81878227,0.0,0.0,1.4889952,0.0,0.0,0.0,0.054141145,0.07121347,0.0,0.0,0.0,0.0,0.3339474,0.0,0.8546791,0.0,0.9648203,1.1209213,0.0,0.14315271,0.06896684,0.8805147,0.0,0.0,0.77825576,0.0,0.0,0.3588398,0.0,0.0,0.0,0.0,0.8956412,0.44884795,0.0,0.8757697,0.0,0.7568689,0.5886649,1.1071548,0.0,0.0,0.0,0.0
0.0,0.025770992,0.0,0.0,0.0,0.54947364,0.059977084,0.0,0.36611974,0.0,0.0,0.0,0.0,0.0,0.0,0.51051533,0.0,0.5617164,0.0,0.29777005,0.28801212,0.0,0.04886013,0.0,0.31810173,0.0,0.0,0.18396477,0.0,0.40839648,0.0,0.0,0.0,0.0,0.0,0.0,0.042438727,0.0,0.0,0.0,0.0,0.56062955,0.05293216,0.0,0.38109174,0.0,0.0,0.16940236,0.015786983,0.0,0.0,0.0,0.30065572,0.0,0.0,0.0,0.4405986,0.0,0.4100677,0.1279273,0.0,0.33626834,0.0,0.0,0.0,0.0,0.0,0.0,0.0,0.0,0.113074645,0.0,0.0622403,0.0,0.0,0.0,0.066397995,0.44104344,0.4949714,0.0,0.09773432,0.6366185,0.0,0.4156779,0.40932947,0.0,0.092161186,0.5011203,0.0,0.3129525,0.0,0.35795987,0.0,0.12567858,0.0,0.0,0.0,0.1818512,0.0,0.362792,0.0,0.37142766,0.43434232,0.0,0.178159,0.11363514,0.59379387,0.0,0.0,0.46927014,0.0,0.0,0.23185489,0.0,0.0,0.0,0.0,0.6035997,0.0,0.0,0.44261843,0.0,0.37894562,0.16755927,0.57978386,0.0,0.18322244,0.0,0.0
0.0,0.0,0.0,1.9521921,0.0,0.0,0.0,0.0,0.0,0.0,0.0,0.0,2.333972,0.0040639113,0.0,0.0,0.53043413,0.0,1.681111,1.8560466,0.0,0.081863716,0.8784855,1.7654612,0.0,0.0,1.2358142,0.0,0.0,0.0,1.9086308,1.8700818,0.18179268,1.1354336,1.4569837,0.0,0.0,0.0,0.0,0.0,0.0,0.0,1.0759984,0.0,1.8778788,1.3102918,0.0,0.0,0.0,0.0,0.38886136,1.2659156,1.8845793,0.7051997,1.0292116,0.56797534,0.0,2.6201937,0.0,0.0,1.8921804,0.0,2.72004,1.1957253,1.7921524,0.0,0.0,1.1320647,2.2510738,0.5440834,0.6777446,1.1613114,0.8967897,2.2810075,0.0,2.085866,0.0,0.0,0.0,0.0,0.0,0.0,2.4793003,0.0,0.0,2.069915,0.0,0.0,0.28877857,2.3051486,0.0,0.0,0.0,0.9765852,0.0,2.2976856,2.3641744,0.0,1.62582,0.0,2.5928996,0.0,0.0,1.7447991,1.1080917,0.64992505,0.0,1.4108646,1.9723608,0.0,1.5274698,0.0,0.9273824,2.2114384,0.0,1.0818756,0.0,0.0,0.0,0.6109495,0.0,0.0,0.0,0.1281047,0.0,0.0,0.0,0.0,0.0
0.0,0.0,0.0,0.0,0.0,1.2038199,1.1399065,0.0,0.0,0.0,0.0,0.0,0.0,0.0,1.3312359,0.20792942,0.0,1.2259898,0.48524407,0.029228048,1.109419,0.0,0.0,0.0,0.7181847,0.0,0.0,1.4049088,0.0,1.1344519,0.0,0.0,0.0,0.0,0.0,0.0,0.0,1.2718352,0.0,0.0,0.0,0.0,0.059641074,0.70709145,0.0,0.0,0.64230543,0.53448945,0.0,0.0,1.0659106,0.0,0.0,0.0,0.0,0.0,0.46441567,0.0,1.2383018,0.0,0.0,1.3644735,0.0,0.0,0.0,0.95287144,0.0,0.0,0.0,0.0,0.0,0.0,0.0,0.0,0.75454944,0.0,0.0,0.84706676,0.0,0.0,0.0,0.58416325,0.0,0.0,1.1938276,0.0,0.0,1.0794635,0.0,0.0,0.0,0.0,0.0,0.0,0.0,0.0,0.0,0.20409212,0.0,1.258406,0.0,1.1326994,1.2864978,0.0,0.0,0.0,1.3504207,0.0,0.0,0.6950541,0.0,0.0,0.04348429,0.0,0.0,0.0,0.4926898,1.5535326,1.411633,0.0,1.2325068,0.0,0.62161046,0.22242,0.82686585,0.0,0.0,0.0,0.0
0.3977851,0.022293959,0.24094719,0.0,0.0,0.219877,0.0,0.0034524167,0.40002373,0.0,0.6683799,0.0,0.0,0.1441805,0.0,0.54362637,0.0,0.36009362,0.0,0.0,0.102187715,0.14240505,1.0487187,0.0,0.17977849,0.09485255,0.29158852,0.4783643,0.25154468,0.33613503,0.30054218,0.60501796,0.40735382,0.0,0.0,0.22741938,0.5231673,0.0,0.0,0.0,0.39384693,0.42778173,0.10839853,0.0,0.26913223,0.0,0.0,0.7600297,0.54409677,0.13402939,0.008680529,0.46856937,0.60778487,0.8042316,0.46789274,0.0,0.49456882,0.0,0.0,0.44991532,0.0,0.20161521,0.0,0.86203057,0.29432616,0.13352592,0.10606986,0.4974336,0.0,0.8355889,0.0,0.3950964,0.018921612,0.0,0.0,0.0,0.35758716,0.0,1.2905425,0.22444709,0.0,0.5356436,0.0,0.50924116,0.11803009,0.0,0.64618176,0.20097944,0.0,0.0,0.0,0.6921266,0.95534587,0.12941861,0.49680087,0.19137537,0.0,0.62516576,0.0,0.0,0.0,0.0061638337,0.17291789,0.37592152,0.61201286,0.5393325,0.4230652,0.45938918,0.3447819,0.0,0.6047653,0.26926547,0.180963,0.0,0.2619472,0.0,0.0,0.15309143,0.0,1.2634947,0.17587757,0.0,0.8348901,0.0,0.0,0.44943517,0.0,0.0,0.0
0.0,0.0,0.0,0.0,0.0,1.3601545,1.1710953,0.0,0.6449985,0.0,0.0,0.0,0.0,0.0,0.8057618,0.48766202,0.0,1.0254935,0.6332594,0.23538782,1.2615995,0.0,0.0,0.0,0.6221259,0.4774942,0.0,0.8041063,0.45786157,1.1629449,0.0,0.0,0.0,0.0,0.0,0.0,0.17237163,0.63410157,0.0,0.0,0.0,0.5909516,0.0,0.0,0.0,0.0,0.49703038,0.6411768,0.0,0.0,0.99892443,0.0,0.0,0.0,0.0,0.0,0.65024525,0.0,1.2846925,0.25119072,0.0,0.8820138,0.0,0.0,0.0,0.31586766,0.0,0.0,0.0,0.0,0.17830376,0.0,0.08555889,0.0,0.9732025,0.0,0.0,1.0174556,0.0,0.0,0.3182128,0.9940435,0.0,0.3461838,0.9237098,0.0,0.0,0.912264,0.0,0.0,0.0,0.2978195,0.0,0.10165496,0.0,0.0,0.0,0.47906202,0.0,0.84744203,0.0,1.3037934,1.005804,0.0,0.0,0.0,1.3056495,0.0,0.0,1.0745499,0.0,0.0,0.0,0.06706359,0.18512672,0.0,0.101934254,1.2855262,0.7758,0.0,1.4662607,0.0,0.8713612,0.0,1.1122078,0.0,0.38061297,0.0,0.0
0.0,0.0,0.0,1.4529424,0.04392215,0.0,0.0,0.0,0.0,0.0,0.0,0.0,1.1352341,0.0,0.0,0.0,0.33392498,0.0,0.0,0.0,0.0,0.027407935,0.0,0.028638521,0.0,0.0,2.108323,0.0,0.0,0.0,1.7951428,2.056791,0.0,1.1592221,0.0,0.48974872,0.0,0.0,0.9058109,0.0,0.0,0.0,0.3444713,0.0,0.33359993,0.90799254,1.1906717,0.0,0.0,0.0,0.0,1.1952899,1.0919771,0.0,2.3320854,0.4846441,0.0,0.78489906,0.0,0.0,1.7825409,0.0,0.61168075,0.5115455,1.8615323,0.0,0.04071218,1.0015426,0.9080964,0.0,0.0,1.5024979,0.0,0.6962581,0.7761708,0.8439663,0.0,0.0,1.0146511,0.92142606,0.0,0.0,0.64621514,0.0,0.0,1.1277195,1.5442371,0.0,0.80473477,1.3932135,0.0,0.0,0.0,0.0,0.0,1.6939869,0.30819535,0.0,0.82257026,0.0,1.8596847,0.0,0.0,2.0948632,2.20908,2.2117257,0.0,1.802764,1.3069232,0.0,1.4765995,0.0,0.24855164,0.87553227,0.0,2.1936693,0.0,0.0,0.0,0.93236345,0.0,0.0,0.0,0.0,0.0,1.1295643,0.0,0.28147238,0.0
0.0,1.8390639,0.16086383,2.2266371,0.5205154,0.0,0.0,0.0,1.049396,1.4811645,0.0,0.32775912,1.8233707,0.103687406,0.0,1.2923142,1.2848743,0.8442294,0.98398304,1.5801847,0.0,0.0,0.0,1.2912827,0.0,0.7744052,0.13009112,0.0,0.73494184,0.0,0.43483135,0.0,0.0,0.0,0.5476238,0.91159886,0.25588676,0.0,1.0614341,0.4934631,0.0,0.8709321,0.0,0.0,0.0,0.0,0.0,0.7404914,0.19253983,1.4205897,0.0,0.0,0.7073899,0.0,0.26081362,1.023898,1.1175646,2.1042366,0.0,0.5688886,1.4803431,0.0,1.7797805,0.0,0.095179096,0.0,0.15909207,0.0,1.877977,0.0,3.211123,0.0,2.6728833,2.274149,0.0,1.7191342,0.82245725,0.0,0.6075766,0.9695331,1.1205956,0.0,2.1940706,1.0684396,0.3451722,2.2062535,0.039173562,0.6050786,0.52322084,2.2241435,0.77258515,1.2544128,0.0,2.678274,0.0,1.9193857,1.9811724,0.44677362,0.118572794,0.2107339,1.1029496,0.0,0.010736499,0.0,0.0,0.11977311,0.0,0.0,0.0,0.0,0.0,0.0,0.0,2.1740265,0.5090593,0.53140664,0.0,0.0,0.0,0.0,0.0,2.6093674,0.4111807,0.0,0.0,0.76711017,1.3222336,0.8757585,0.0
0.0,0.0,0.0,0.0,1.0845519,0.31126484,1.0093113,0.0,0.0,0.78104424,0.0,1.0857064,0.5145823,1.2980546,0.0,0.0,0.0,0.0,0.0,0.0,0.080690585,0.5712172,0.24012151,0.0,0.0,0.16279884,1.180054,0.0,0.0,0.09159221,0.7738777,1.0229064,0.12161921,0.6293836,0.52803946,0.8960083,0.5768421,0.0,0.6499126,0.0,0.0,0.0,0.48685586,0.0,0.0,0.95993185,0.0,0.0,0.47071734,0.0,0.0,0.99210244,0.43958095,0.0,1.3431116,0.0,0.0,0.0,0.0,0.4041333,0.5780466,0.0,0.0,1.0315428,0.2419344,0.06515597,0.3586698,1.3895024,0.489201,0.0,0.0,0.81498283,0.0,0.0008121648,0.18157841,0.05723077,0.102892846,0.0,0.5819672,0.7661175,0.0,0.0,0.16993794,0.0,0.0,0.0,1.0940789,0.2726558,0.4036266,0.0,0.0,0.0,0.0,0.0,0.0,0.15400097,0.0,0.83945584,0.1951254,0.0,0.0,0.31795081,0.0,0.5201286,1.2807105,1.187905,0.0,1.0808146,0.7037489,0.0,1.1704366,0.11676559,0.0,0.0,0.4840992,0.731304,0.7611988,0.0,0.0,1.2528815,0.0,0.0,0.0,0.0,0.0,0.74522895,0.0,0.0,0.0
0.0,0.0,0.0,0.0,0.0,0.9494223,0.6641809,0.0,0.0,0.0,0.9121202,0.0,0.21420042,0.0,1.4222381,0.0,0.1085077,0.7264841,2.0637834,0.75269693,0.76591593,0.0,0.0,0.0,0.55566895,0.0,0.0,1.0936626,0.0,0.8800774,0.0,0.0,0.05682985,0.0,0.0,0.0,0.0,1.2357469,0.0,0.71564966,0.0,0.0,0.40400326,1.404164,0.41636235,0.0,1.0297713,0.7584533,0.0,0.0,2.0940394,0.0,0.26621965,0.0,0.0,0.0,0.0,0.033530425,0.65775967,0.0,0.0,1.1954592,0.16234931,0.0,0.0,1.4708549,0.0,0.0,0.0,0.9734902,0.0956035,0.0,0.0,0.0,1.2065206,0.0,0.0,0.09048201,0.0,0.0,0.0,0.0,0.0,0.0,1.2347022,0.36145753,0.0,0.4369727,0.0,0.18918279,0.0,0.0,0.43754274,0.0,0.21981637,0.0,0.0,0.0,0.75611347,0.7247475,0.0,0.46408644,0.92556405,0.0,0.0,0.0,1.2410129,0.0,0.0,0.0,0.0,0.79774046,0.37201342,1.1193504,0.0,0.0,0.044041693,1.3303071,1.2808514,0.0,0.89238465,0.0,0.705413,0.34804696,0.029550666,0.0,0.0,0.0,0.0
1.2046959,0.027212253,1.3926898,0.0,1.5805762,0.0,0.0,1.598629,0.0,0.0,1.5814756,1.3246144,0.0,1.2786913,0.44363528,0.0,1.7625197,0.0,0.0,0.0,0.0,1.6556629,0.056733426,1.8720677,1.032033,0.0,0.0,0.8315393,0.0,0.0,0.0,0.0,1.1259003,0.45850945,0.0,0.0,0.0,0.88073426,0.0,2.253018,0.673552,0.0,1.4462208,2.5183825,1.426486,0.0,0.28467503,0.0,0.0,1.5465935,0.0,0.0,0.0,0.62817603,0.0,1.0017267,0.0,0.09901515,0.0,0.0,0.0,0.17895286,0.2988008,0.0,0.0,1.9569796,1.6148286,0.0,0.299945,0.6281996,0.16086285,0.0,0.0,0.5459965,0.0,0.80054456,0.16895343,0.0,0.0,0.0,0.0,0.0,0.13726817,0.0,0.0,0.0,0.0,0.0,0.0,0.0,1.3963679,0.0,0.83360344,0.0,2.272797,0.0,0.33680728,0.0,0.0,0.586558,0.0,0.0,0.84058386,0.0,0.0,0.0,0.0,0.0,0.0,0.0,0.048362553,2.0030105,1.6167762,0.0,0.0,0.0,0.5161486,0.0,1.0144364,0.0,0.0,0.0,0.007946562,1.4749331,0.0,0.0,0.0,0.0,0.0
0.0,0.0,0.0,0.0,0.0,1.3727479,1.2742456,0.0,0.073533714,0.0,0.0,0.0,0.0,0.0,1.2475294,0.5507669,0.0,1.0149264,0.33984685,0.0,1.2723336,0.0,0.0,0.0,0.7039209,0.17685857,0.0,1.1543889,0.0138959205,1.2163519,0.0,0.0,0.0,0.0,0.0,0.0,0.17958596,1.2206151,0.0,0.0,0.0,0.159254,0.0,0.34104544,0.0,0.0,0.89797395,0.3003734,0.0,0.0,0.8639923,0.0,0.0,0.0,0.0,0.0,0.5971982,0.0,1.3981373,0.16676214,0.0,1.2841846,0.0,0.0,0.0,0.6727633,0.0,0.0,0.0,0.0,0.0,0.0,0.0,0.0,0.9318923,0.0,0.0,1.2357054,0.0,0.0,0.0,1.1088673,0.0,0.36299527,0.8769658,0.0,0.0,1.0131425,0.0,0.0,0.0,0.0,0.0,0.0,0.0,0.0,0.0,0.5462763,0.0,1.0207425,0.0,1.3888671,1.09242,0.0,0.0,0.0,1.3298602,0.0,0.0,1.0877682,0.0,0.0,0.0,0.0,0.079093345,0.0,0.76215816,1.6144682,1.2517388,0.0,1.4051625,0.0,0.42261538,0.21169978,1.2564029,0.0,0.0,0.0,2.0
0.0,0.0,0.0,0.0,1.207889,1.5289975,2.7372904,0.15760538,0.0,0.0,0.090383135,1.0804459,0.82555425,1.2020121,1.5275913,0.0,0.0,0.14034846,0.0,0.0,0.10664981,1.4434392,0.0,0.0,0.17032646,0.0,0.0,0.49268606,0.0,0.64013,0.0,0.0,0.0,0.525615,0.60211056,0.0,0.0,1.5845579,0.0,0.04055007,0.0,0.0,0.8718483,0.49357715,0.32626656,0.5955361,1.7109798,0.0,0.0,0.0,0.30733368,0.0,0.0,0.0,0.0,0.0,0.0,0.0,0.0,0.0,0.0,0.72836447,0.0,0.0,0.0,0.08609058,0.9119482,0.0,0.30680272,0.0,0.0,0.0,0.0,0.195166,1.7491778,0.13889676,0.0,0.4306245,0.16027282,0.0,0.0,0.51484466,0.0,0.0,0.447472,0.0,0.0,0.91507185,0.03498737,0.0,0.0,0.0,0.0,0.0,0.0,0.0,0.0,0.0,0.0,0.36541328,0.0,0.8702026,0.19066688,0.0,0.024681348,0.0,0.81334114,0.0,0.0,0.0,0.0,0.0,0.1609345,0.0,0.0,0.0,1.7991369,1.1774063,2.3914034,0.2209909,0.45974168,0.0,0.0,0.4802445,0.06461881,0.0,0.0,0.0,0.0
0.11761135,0.0,0.15319455,0.0,0.037588324,0.0,0.0,0.5045639,0.019383771,0.0,0.0,0.20008591,0.0,0.16417477,0.0,1.4932504,0.0,0.28481826,0.0,0.5401787,0.0,0.0591993,0.7423093,0.0,0.7301233,0.0,0.0,0.48593274,0.0,0.0,0.0,0.0,0.02746749,1.1783744,0.0,0.29930788,0.52528054,0.0,0.25338966,0.0,0.24341035,0.45719725,0.8107702,0.0,0.63537645,0.0,0.0,0.0,0.6593075,0.12736331,0.0,0.0,0.0,0.26438552,0.0,0.0,0.7720954,0.0,0.0,0.7067688,0.0,0.0,0.0,0.9642453,0.0,0.0,0.26263717,0.09932778,0.13085502,0.043428145,0.0,0.066387765,0.0,0.38979393,0.0,0.4484051,0.0,0.6587189,2.198611,0.25661513,0.0,1.3480827,0.12967423,1.6309322,0.0,0.0,0.10903415,0.30515653,0.0,0.0,0.35217986,0.17652942,0.5217822,0.0,0.47372848,0.0,0.4490608,0.7043989,0.0,0.021992195,0.0,0.0,0.0111889355,0.0,0.3357363,0.0,0.0,0.0,0.0,0.27183607,0.023677362,0.0,0.7267229,0.0,0.0,0.0,0.14792627,0.0,0.0,0.8473724,0.0,0.0,0.1871492,0.95746374,0.7791543,0.20042703,0.0,0.0,0.0
0.0,0.72401375,0.0,0.0,0.002700634,0.82478833,0.41031396,0.1275817,0.828107,0.54071194,0.0,0.0,0.0,0.10274831,0.5073527,1.1162232,0.0,0.62518436,0.6482594,0.59178126,0.6627481,0.2152993,0.0,0.0,0.9601164,1.085169,0.0,0.84159505,1.04557,0.5678541,0.0,0.0,0.24436747,0.0,0.0,0.29274127,0.7268624,0.27589026,0.0,0.012540953,0.037349086,0.92842746,0.0,0.0,0.0,0.0,0.035969157,0.4997529,0.7140545,0.8398405,0.7766725,0.0,0.0,0.0,0.0,0.0,1.1568426,0.0,0.8675447,0.77857435,0.0,0.3538216,0.0,0.0,0.0,0.4254688,0.24334611,0.0,0.0,0.0,1.1813642,0.0,1.0886952,0.0,0.4354998,0.0,0.69384605,0.52555835,0.28412136,0.2746394,1.6743554,1.0126754,0.0,0.96778685,0.51364225,0.0,0.0,0.31780976,0.5430471,0.022580056,0.036937,0.8171854,0.0,1.0221992,0.0,0.0,0.0,0.8583816,0.0,0.69614816,0.0,0.73884845,0.84244305,0.0,0.0,0.0,0.73032296,0.0,0.0,0.995918,0.0,0.31711885,0.0,0.2423133,0.9164838,0.0,0.41074973,0.7637288,0.474679,0.0,1.0416849,0.6653083,0.95905006,0.0,0.98167205,0.12591973,1.312444,0.0,1.0
0.0,0.0,0.0,0.0,0.0,0.0,0.0,0.21621074,0.0,0.0,0.8889802,0.0,0.0,0.0,0.05640888,0.21123186,0.0,0.38437474,0.0,0.78765786,0.0,0.0,1.1762999,0.0,0.5727978,0.0,0.0,0.52327585,0.0,0.0,0.0,0.31928533,0.29435387,0.77320176,0.0,0.0,0.0,0.4297182,0.0,0.0,0.0,0.0,1.0248586,0.41608065,0.6586709,0.0247418,0.042032357,0.5035195,0.0,0.0,0.0,0.0,0.3396827,0.6210745,0.0,0.0,0.0,0.095746994,0.0,0.0,0.0,0.27828154,0.0,0.8308466,0.0,0.19000743,0.0,0.054010816,0.07321298,1.1165596,0.0,0.0,0.0,0.06435278,0.0,0.2879617,0.0,0.6295475,0.58604306,0.0,0.0,0.9874151,0.0,0.7095505,0.0,0.0,0.0,0.64010787,0.0,0.03408501,0.0,0.0,1.274583,0.0,0.44101065,0.0,0.21949975,0.0,1.054251,0.0,0.0,0.0,0.06749196,0.0,0.53225523,0.0266372,0.0,0.0,0.0,0.0,0.0,0.2656583,0.6479051,0.0,0.0,0.0,0.25253832,0.0,0.18975863,0.9506261,0.0,0.0,0.2852049,0.98923594,0.5567396,0.0,0.0,0.0,0.0
0.0,0.0,0.0,0.7474982,0.23257147,0.0,0.017257925,1.7239164,0.0,0.0,1.3915857,0.0,0.8480821,0.009350848,0.0,0.0,0.0,0.0,0.0004171122,0.0,0.0,0.0,1.4714935,0.0,0.27286533,0.0,0.0,0.0,0.0,0.0,0.41704237,1.3356787,2.4601095,0.60992104,1.3557656,0.0,0.0,0.5079711,0.0,0.47597438,0.0,0.0,0.43113947,0.94012666,0.81001496,1.7543712,0.7016324,0.0,0.0,0.0,0.39576983,1.6656284,0.0,1.3703521,0.0,0.18039002,0.0,0.5142393,0.0,0.0,0.7695625,0.0,0.45136863,2.5603309,0.38029134,0.0,0.0,1.8093054,0.74807554,1.7294115,0.0,1.5337104,0.0,0.56877744,0.4708384,0.5834814,0.0,0.3040057,0.0,0.0,0.0,0.43483675,0.72871655,0.0,0.0,1.199115,0.0,0.0,1.245396,0.022511315,0.0,0.0,1.5340316,0.0,1.6704311,0.10452751,0.02049168,0.0,2.384465,0.0,0.5494645,0.0,0.0,1.1339042,0.0,0.0,0.0,1.871497,1.0338895,0.0,1.7317429,1.9278864,0.58821386,0.3919789,0.0,0.0,0.0,0.0,0.21349059,1.2982708,0.0,0.0,0.0,0.5724306,0.0713689,0.0,0.0,0.19129819,1.0
0.0,0.0,0.0,0.0,0.0,1.165392,1.0592182,0.0,0.60621834,0.0,0.0,0.0,0.0,0.0,0.34761998,0.62091213,0.0,0.79214674,0.0,0.0,1.2081156,0.0,0.0,0.0,0.35331723,0.19834232,0.0,0.37240487,0.13325237,1.0198317,0.0,0.0,0.0,0.0,0.0,0.0,0.40480453,0.28816694,0.0,0.0,0.0,0.790038,0.0,0.0,0.0028983075,0.0,0.3605143,0.25297922,0.18857816,0.0,0.3342274,0.0,0.0,0.0,0.0,0.0,0.6679002,0.0,1.1665105,0.46995905,0.0,0.64707386,0.0,0.0,0.0,0.0,0.0,0.0,0.0,0.0,0.0,0.0,0.0,0.0,0.72234553,0.0,0.0,1.272264,0.28229192,0.0,0.0,1.2227151,0.0,0.5409257,0.5457961,0.0,0.247377,0.71721965,0.0,0.0,0.0,0.40419236,0.0,0.0,0.0,0.0,0.0,0.64935404,0.0,0.57779205,0.0,1.3333284,0.6640076,0.0,0.0,0.0064822333,1.0376667,0.0,0.0,1.2498419,0.0,0.0,0.08822538,0.0,0.13146707,0.0,0.027967734,1.0225978,0.35583663,0.0,1.195186,0.0,0.54678273,0.25475657,1.2202295,0.0,0.06441522,0.029975925,2.0
0.3140882,0.7313205,0.16138594,0.0,0.0,0.86206007,0.6241252,0.19464391,1.2065386,0.62648886,0.0,0.0,0.0,0.14563838,0.15649725,1.6074072,0.0,0.71473795,0.0,0.0,0.8680788,0.11035665,0.24846186,0.0,0.7491817,1.1196656,0.0,0.6081259,1.1410816,0.67204,0.0,0.0,0.1538291,0.0,0.0,0.82909864,1.4042034,0.0,0.49109358,0.0,0.36086184,1.6113703,0.0,0.0,0.0,0.0,0.0,0.7482667,1.4892992,0.7606683,0.16531235,0.0,0.0,0.18501446,0.0,0.09287978,1.5644602,0.0,0.7851613,1.4189265,0.0,0.2039071,0.0,0.30640033,0.0,0.18605363,0.22446276,0.0,0.0,0.0,0.5676173,0.0,0.57156634,0.0,0.20906956,0.0,0.9012633,0.929965,1.7264402,0.9210348,1.2755343,1.6933166,0.0,1.5152957,0.29171118,0.0,0.78840363,0.54709417,0.63525397,0.0,0.09033419,1.5596606,0.26018846,0.60521877,0.22018306,0.0,0.0,1.5515634,0.0,0.32506526,0.0,0.98719585,0.76099646,0.0,0.0,0.0,0.66233647,0.0,0.0,1.2769032,0.0,0.0,0.0,0.0,1.1320183,0.0,0.2826174,0.48897535,0.054731887,0.056454554,1.0253615,0.35424984,1.2011188,0.0,1.2295651,0.7196895,1.1197112,0.0959072,0.0
1.6578804,0.0,1.533571,0.0,1.1737376,0.0,0.0,1.9872893,0.0,0.0,3.4061363,1.2476411,0.0,1.3327181,0.45031768,0.0,1.8655972,0.8168,0.0,0.0,0.0,1.4438404,2.5653362,1.8373178,1.2044444,0.0,0.0,0.57826066,0.0,0.0,0.0,0.36839163,1.5106742,1.2714925,0.3703151,0.0,0.0,0.23779863,0.0,2.665944,1.8245442,0.0,2.4901528,2.3161745,2.6785593,0.118980564,0.0,0.44876823,0.0,1.6140957,0.0,0.0,0.38958552,2.8617058,0.0,1.3538028,0.0,0.13124311,0.0,0.0,0.0,0.055160332,0.11761536,0.3804109,0.0,1.531228,1.324601,0.0,0.39774558,2.1445978,0.0,0.34587806,0.0,0.3903682,0.0,0.9968508,0.0,0.0,0.0,0.0,0.0,0.0,0.10827763,0.0,0.0,0.0,0.0,0.5682946,0.0,0.0,1.2617462,0.0,2.9990973,0.0,2.981198,0.0,0.45851225,0.0,0.1959473,0.0,0.0,0.0,0.96954876,0.0,0.114168786,0.0,0.0,0.2081179,0.0,0.0,0.5287139,2.02456,2.8163836,0.0,0.0,0.0,0.16938731,0.0,0.4494504,2.4429688,0.0,0.0,0.52659243,2.3082333,0.0,0.0,0.0,0.20255327,0.0
0.5609303,2.5683293,0.91943955,1.7702404,1.1110628,0.0,0.0,0.72149885,0.4654011,1.2451842,0.09826266,1.048299,2.0422714,0.9047463,0.0,0.4677327,0.0,0.0,1.664815,2.453975,0.0,1.1201552,0.0,1.4455701,0.47428063,1.3660641,0.0,0.0,1.3034083,0.0,0.0,0.0,1.5086333,0.0,2.155142,0.50991565,0.33627495,0.0,0.0,0.80719006,0.71451676,0.23181991,0.0,0.0,0.0,1.091362,0.0,0.0,0.42670575,2.388863,0.96510375,0.15177488,0.029475534,0.19070914,0.0,0.7125407,0.08226669,2.348852,0.0,0.010204899,1.3652323,0.0,2.1096358,0.8917287,0.2357823,0.40961218,1.3175429,0.2191283,1.594367,0.0,3.216126,0.36324307,2.9798462,1.9578968,0.0,1.5343846,1.4264381,0.0,0.0,0.33130452,3.195149,0.0,2.0663795,0.30840746,0.02209366,1.9076096,0.0,0.0,1.287829,1.5641736,1.5399302,0.65507394,0.0,2.8460565,0.12987722,1.5793607,1.9202493,0.0,0.04456608,0.0,1.2960835,0.0,0.0,0.054357987,0.0,0.0,0.0,0.24611467,0.24946961,0.0,0.12249648,1.3233281,0.0,2.3263254,1.239894,0.0,0.33030853,0.0,0.0,0.0,0.0,1.790284,0.40340084,0.0,0.0,0.5618995,2.4453015,0.35771957,1.0
1.1833966,2.425388,1.5744885,0.8202549,1.4315755,0.0,0.0,0.26209894,0.0,0.8747043,0.0,1.6472665,0.995369,1.6330901,0.120140545,0.6041834,0.0,0.0,1.02844,1.5265931,0.0,1.9001508,0.0,1.7900195,0.62209946,0.7210091,0.0,0.53392243,0.9568586,0.0,0.0,0.0,0.6220498,0.0,1.0737609,0.57760847,0.0,0.0,0.0,0.61763465,1.0656962,0.0,0.0,0.09465051,0.0,0.74579316,0.0,0.0,0.3133201,2.468094,0.34099376,0.41492176,0.0,0.0,0.0,0.0,0.4061369,1.4141484,0.0,0.0,0.49044937,0.0,1.4275596,0.260082,0.40757245,0.4205577,1.7877426,0.05839222,1.2594732,0.0,2.907259,0.61850834,2.9384444,1.8278117,0.0,1.2662094,1.8649799,0.0,0.0,0.3919187,2.8123262,0.0,1.7170997,0.22629501,0.23783189,0.8030924,0.0,0.0,1.3373674,0.74337196,1.6142164,0.0,0.0,2.6228933,0.0,1.2574096,1.1653377,0.0,0.0,0.35178894,0.8564203,0.0,0.0,0.0,0.0,0.0,0.0,0.44270837,0.08753893,0.0,0.7836794,0.9485214,0.0,0.8925497,0.81026125,0.0,0.470805,0.14907812,0.0,0.0,0.0,0.9199729,0.0,0.0,0.0,0.47160202,1.9572673,0.0,0.0
2.4105694,0.33495647,1.9794351,0.0,0.047047485,0.0,0.00856209,3.7798073,1.0047128,0.0,1.8135598,1.7366811,0.0,1.7463093,0.23008521,0.0,1.958037,0.21394391,0.0,0.0,0.22409695,1.3624982,2.51653,1.3099979,0.65620935,0.33403182,0.0,0.44739467,0.0,0.21434416,0.0,0.0,1.2535464,0.41676185,0.037060115,0.7962216,0.6657197,0.3322692,0.0,0.10764272,2.9318817,1.7137107,0.0,0.31003416,0.96834517,0.47804087,0.0,0.0,0.9499492,2.1697226,0.0,0.0052016424,0.0,3.5473428,0.0,3.2430103,0.0,0.0,0.3957501,0.3850707,0.0,0.0,0.0,0.40987992,0.0,0.33982047,1.5562056,0.0,0.0,0.0,0.0,0.0,0.0,0.0,0.0,0.0,0.4147997,0.0,1.6081917,0.0,1.3539149,0.0,0.0,0.0,0.0,0.0,1.4195652,0.10238306,0.9644998,0.0,1.6272084,2.4778993,1.5601469,0.0,2.7844918,0.0,0.0,0.0,0.0,0.0,0.0,1.0480034,0.6678033,0.0,0.0,0.0,0.0,0.0,0.0,0.40660566,0.33718762,1.0286571,2.4546068,0.0,1.0846059,0.0,0.4144116,0.0,0.61167026,1.6002171,0.124428175,0.29065078,0.17337811,1.6397047,0.6057991,0.0,1.4961455,0.037066076,0.0
0.0,0.0,0.0,0.0,0.0,1.2194773,1.1181566,0.20460102,0.54932916,0.047997143,0.0,0.0,0.0,0.0,0.6772268,0.46609464,0.0,0.27571586,0.23066813,0.0,1.314177,0.0,0.0,0.0,0.47537202,0.61247206,0.0,0.6315658,0.5367598,1.0846553,0.0,0.0,0.0,0.0,0.0,0.0020032688,0.5967007,0.7186239,0.0,0.0,0.0,0.6470053,0.0,0.10866687,0.0,0.0,0.8096102,0.030075386,0.3987879,0.056821857,0.93200284,0.0,0.0,0.0,0.0,0.0,0.58303195,0.0,1.1868452,0.5593532,0.0,0.6441882,0.0,0.0,0.0,0.59180206,0.0,0.0,0.0,0.0,0.0,0.0,0.0,0.0,1.0874643,0.0,0.11546514,1.2442533,0.0,0.045867387,0.6004331,1.0930269,0.0,0.40002847,0.2879764,0.0,0.0,0.0,0.18508464,0.0,0.0,0.3402185,0.0,0.0,0.0,0.0,0.0,0.6863093,0.0,0.44587657,0.0,1.4056056,0.49995688,0.0,0.0,0.0,1.0748388,0.0,0.0,1.3761244,0.0,0.0,0.0,0.0,0.5379924,0.0,0.6166414,1.1466116,0.87239385,0.0,1.3357733,0.040157616,0.46345603,0.057590086,1.2878261,0.0,0.4130873,0.11255608,0.0
0.0,0.42690107,0.009926998,0.0,0.6669948,0.46354103,0.46609178,0.44394773,0.0,0.80910885,0.0,0.5925343,0.0,0.5700715,0.14436857,1.0713873,0.0,0.0,0.0,0.0,0.5778881,0.5319059,0.0,0.0,0.0,0.7718792,0.0,0.0,0.5355692,0.13688156,0.0,0.0,0.0,0.0,0.06588545,1.1015747,1.2567763,0.6976448,1.0394093,0.0,0.0,0.22203174,0.0,0.0,0.0,0.40647897,1.7042593,0.0,1.2623805,0.40139955,0.0,0.9592717,0.0,0.0,0.0,0.0,0.7695246,0.0,0.7731013,1.231874,0.0,0.045448076,0.0,0.52747005,0.0,0.016448045,0.6253482,0.770827,0.0,0.0,0.0,0.57882875,0.0,0.0,0.7623424,0.0,0.71185094,0.97933304,0.2004621,1.1067888,1.2945966,1.2497125,0.0,1.0952293,0.0,0.020443661,0.19533007,0.0,1.1842468,0.0,0.4925667,0.0,0.0,0.0,0.0,0.0,0.0,1.2583017,0.67611957,0.096655354,0.0,0.9943361,0.0,0.0,0.0,0.0,0.02680823,0.3307869,0.0,1.5483973,0.47139695,0.0,0.0,0.14452891,1.2178764,0.0,1.5521518,0.6892282,0.60670465,0.0,0.53642195,0.39292002,0.0,0.0,1.1283661,0.731367,0.67925066,0.0,0.0
1.1569906,0.5314344,1.8649689,0.0,0.0,2.6074064,2.1970553,0.0,0.1393504,1.1368476,0.0,0.32794288,0.0,0.0,2.620461,0.0,0.0,0.0,1.4291013,0.0,2.2609458,0.0,0.0,0.0,0.10782498,2.0930707,0.0,1.3861839,3.0251884,2.6944804,0.0,0.0,0.20573674,0.0,0.0025963865,0.0,0.95349,1.9304172,0.0,0.0,2.1728024,0.0530388,0.0,1.1125584,0.0,0.0,0.0,0.95026463,0.6570014,0.0,2.856079,0.62605685,0.0,0.0,0.0,0.0,0.0,0.0,1.5313449,0.4043954,0.0,2.4264376,0.0,0.0,0.0,2.6453838,0.0,0.46306184,0.0,0.1407371,0.0,0.0,0.9149466,0.0,1.4919442,0.0,2.1295369,0.58818036,0.0,0.0,1.4634564,0.0,0.0,0.0,2.2368925,0.0,0.0,0.10215913,0.0,0.0,0.0,0.0,0.0,0.5233828,0.0,0.0,0.0,0.6547988,0.0,0.7870042,0.0,2.098418,0.68411034,0.0,0.0,0.0,2.5922482,0.0,0.8450455,1.04059,0.0,0.09970921,0.0,0.0,1.7165778,0.0,0.86199576,2.5372758,2.0030634,0.0,2.4761307,0.71027964,1.3696427,0.0,1.109366,0.0,1.8706949,0.0,0.0
0.06361244,1.238297,0.55226314,0.54017717,0.018213853,0.0,0.0,0.0,1.0070779,0.92094815,0.0,0.07228428,0.10673782,0.030863106,0.0,1.3070202,0.21951321,1.1081424,0.4105463,1.1201032,0.0,0.0,0.0,0.12513152,0.42393133,0.72081983,0.0,0.32924742,0.7638434,0.0,0.0,0.0,0.0,0.0,0.0,0.5444584,0.5595968,0.0,0.5521287,0.0038594168,0.3477127,0.9605633,0.0,0.0,0.0,0.0,0.0,1.0623283,0.5269529,0.61158407,0.0,0.0,0.35314304,0.0,0.0,0.16057777,1.3670297,0.25932884,0.0,0.7902544,0.0,0.0,0.3460936,0.0,0.0,0.0,0.0029372422,0.0,0.3335871,0.0,1.5871025,0.0,1.605705,0.54980797,0.0,0.21053115,1.0887918,0.0,0.7232395,0.5076667,1.0410906,0.31707215,0.65926033,1.130383,0.6984734,0.5043589,0.0,0.81042945,0.18358077,0.95731425,0.3842265,1.1179636,0.0,1.6413673,0.0,0.71503675,0.7243171,0.7722994,0.0,0.7162122,0.0,0.0,0.6593985,0.0,0.0,0.0,0.0,0.0,0.0,0.0,0.0,0.0,0.0,0.5081638,0.66938096,0.0,0.0,0.0,0.0,0.0,0.0,0.91049945,1.2646642,0.0,0.0,0.3974423,1.1689667,0.05205179,2.0
0.0,0.0,0.0,0.0,0.0,1.0625081,0.983079,0.0,0.19580404,0.0,0.0,0.0,0.0,0.0,0.23057579,0.3642687,0.0,0.0,0.35155532,0.0,1.0903552,0.0,0.0,0.0,0.08873984,0.43873408,0.0,0.0,0.34382516,0.8496442,0.0,0.0,0.0,0.0,0.0,0.0,0.44901067,0.4675873,0.03659663,0.0,0.0,0.2296287,0.0,0.0,0.0,0.0,1.1729513,0.0,0.23342758,0.0,0.52617705,0.038393456,0.0,0.0,0.0,0.0,0.24132925,0.0,1.0036018,0.42937642,0.0,0.36735526,0.0,0.01800608,0.0,0.0,0.0,0.019207193,0.0,0.0,0.0,0.0,0.0,0.0,1.0741521,0.0,0.0,1.230366,0.0,0.0,0.31812397,1.1847314,0.0,0.5005494,0.0,0.1604881,0.0,0.0,0.099080086,0.18164289,0.0,0.0,0.0,0.0,0.0,0.0,0.0,0.63101834,0.6264061,0.07282408,0.0,1.277891,0.0,0.17509216,0.0,0.0,0.754098,0.0,0.00848364,1.3071837,0.0,0.0,0.0,0.41108513,0.41592407,0.0,0.4731283,0.9170525,0.31868142,0.0,1.1279863,0.0,0.0,0.0,1.1900104,0.0,0.2927017,0.027210547,0.0
0.0,0.0,0.0065384596,0.0,0.23466618,0.0836291,0.0,0.057279445,0.0,0.0,0.0,0.26374575,0.0,0.1822737,0.3281848,0.60282636,0.0,0.0783681,0.0,0.0065715457,0.078121185,0.42622268,0.0,0.0,0.40380803,0.0,0.0,0.4941498,0.0,0.0,0.0,0.0,0.0,0.20085047,0.0,0.0,0.20144942,0.485259,0.19215079,0.0,0.0,0.0,0.23071171,0.123728186,0.20860359,0.0,0.6826804,0.0,0.052080955,0.2757465,0.0,0.0,0.0,0.0,0.0,0.0,0.44053918,0.0,0.455353,0.19753988,0.0,0.4109407,0.0,0.0,0.0,0.25339997,0.3693486,0.0,0.0,0.0,0.0,0.0,0.0,0.0,0.0,0.0,0.037599135,0.5583621,0.0,0.0,0.18581735,0.61142206,0.0,0.46688607,0.043157674,0.0,0.0,0.0,0.0,0.0,0.24306567,0.0,0.0,0.0,0.0,0.0,0.0,0.27081925,0.0,0.62936,0.0,0.3236485,0.29702386,0.0,0.0,0.0,0.068648145,0.0,0.0,0.65174747,0.0,0.0,0.2501719,0.0,0.0494103,0.0,0.82934785,0.63631546,0.45622125,0.0,0.025326343,0.0,0.0,0.36943045,0.71450204,0.0,0.0,0.0,2.0
0.67485386,0.7200775,1.4654306,0.5522665,0.0,0.0,0.0,0.0,0.5938714,1.1662767,0.0,0.64838177,0.5282548,0.0,0.0,0.17272557,0.0,0.0,0.0,0.0,0.0,0.0,0.0,0.26068908,0.0,1.1087776,0.55155236,0.0,1.3128282,0.0,1.0529014,0.0,0.0,0.0,0.6956087,1.1642772,1.0097989,0.042689312,0.970237,0.0,0.8385146,0.37029478,0.0,0.11662448,0.0,0.46043307,0.0,0.0,0.9873368,0.0,0.004420069,0.9908866,0.0,0.0,0.54094654,0.0,0.36225715,0.15066347,0.0,1.0074147,0.879998,0.0,0.20361838,0.0,1.4976405,0.009519791,0.0,0.50475615,0.1648091,0.0,0.0,0.85116965,0.7348305,0.01628075,0.0,0.042889062,1.3758016,0.0,0.0,0.94713604,0.5942473,0.0,0.16345417,0.1658491,0.0,0.42944628,0.7670799,0.0,0.62054515,0.064384304,0.6878643,0.39465407,0.0,0.6080131,0.0,0.7263619,0.24201545,0.7949235,0.29888058,0.17475477,1.2029814,0.0,0.0,0.25999132,0.0,0.15040609,0.0,1.0958359,1.1773611,0.0,0.9759443,0.0,0.0,0.16952492,1.0909824,1.0141337,0.0,0.0,0.0,0.0,0.0,0.9521506,0.0,0.0,0.0,0.8296615,0.82859236,0.1786242,0.0
0.0,0.6891497,0.41641372,1.0643228,0.7234646,0.0,0.0,0.0,0.0,1.4132497,0.0,0.7830939,0.3535961,0.6725863,0.0,0.9917556,0.0,0.0,0.0,0.0,0.0,0.39315552,0.0,0.0,0.0,0.8992287,0.71681106,0.0,0.6380799,0.0,0.9684937,0.3948472,0.0,0.55627984,0.11705006,1.9092908,1.5945805,0.0,1.7261325,0.0,0.0,0.35857266,0.0,0.0,0.0,0.76320577,0.575169,0.0,1.7907609,0.4448948,0.0,1.3795102,0.0,0.0,0.7152072,0.0,1.0124044,0.21276824,0.0,1.6168514,1.0492587,0.0,0.18626069,0.48984158,1.175253,0.0,0.5685748,1.2401202,0.5749822,0.0,0.36318484,1.3645875,0.41761884,0.38891605,0.0,0.4047798,1.0001506,0.0,0.84916186,1.9198238,0.7223477,0.16908255,0.39610237,0.9015635,0.0,0.6824928,1.2752454,0.0,1.8325348,0.6345487,0.8599329,0.137185,0.0,0.0,0.0,1.038924,0.13591744,1.6302904,0.96991557,0.0,0.97553045,0.12169716,0.0,0.62473667,0.15549152,0.4438486,0.0,1.4476264,0.6867895,0.39747664,1.4595593,0.0,0.0,0.2321092,1.4172593,1.1229151,0.3488437,0.0,0.0,0.0,0.0,1.0374517,0.0,0.0,0.0,1.632815,0.26598448,0.0,0.0
0.25624448,0.0,0.0,0.0,0.0,0.5312112,0.42594507,0.8924226,1.7946154,0.0,1.5655344,0.0,0.0,0.0,0.0,0.0,1.8966042,1.133536,0.0,0.7115361,0.7912634,0.0,1.7595276,0.9984882,1.1093345,0.0,0.0,0.0,0.0,0.7403643,0.0,0.0,0.0,0.0,0.0,0.0,0.0,0.0,0.0,1.1957442,0.0,1.4723492,0.5887619,0.0,1.417583,0.0,0.0,0.80327535,0.0,0.0,0.26161906,0.0,0.05370642,1.5635542,0.0,1.6655717,0.0,0.0,0.4129026,0.0,0.0,0.35704815,0.0,0.0,0.0,0.0,0.0,0.0,0.0,1.6106398,0.0,0.0,0.0,0.0,0.46231908,0.0,0.0,1.7223613,0.0,0.0,0.0,0.2973089,0.0,0.0,0.7704619,0.0,0.0,0.6627469,0.0,0.050587036,0.0,1.3987836,1.7564287,0.0,0.669702,0.0,0.0,0.0,0.0,0.31796634,0.0,0.5594039,1.2876178,0.0,0.0,0.008502065,0.7464266,0.0,0.0,0.41377687,0.0,0.0,1.5965446,0.0,0.0,0.0,0.0,0.0,0.18625158,0.0,0.83099586,0.0,0.8668099,1.6609952,1.8703886,0.0,0.0,3.0186572,0.0
0.038166296,0.92970115,0.9036936,1.2686926,1.0298758,0.0,0.0,0.0,0.0836303,1.9506367,0.0,1.1973146,1.4609752,1.0938371,0.0,0.22071137,0.14263363,0.05525132,1.6446083,1.0193858,0.0,0.0,0.0,0.20500031,0.0,1.2627234,0.72855043,0.0,1.2718995,0.0,0.85188985,0.027613297,0.15998651,0.0,1.1293999,1.2167838,0.814571,0.0,0.8304026,0.0,1.0115407,0.0,0.0,0.1511955,0.0,0.3796011,0.0,1.2568893,0.6742731,0.1514008,0.6885468,0.0,0.97469634,0.0,0.838707,0.0,0.3976511,1.1812892,0.0,0.667228,1.0058708,0.0,1.0658756,0.0,0.15341651,0.9520868,0.18178797,0.2712701,1.2905705,0.0,1.4118268,0.0,2.0887792,1.2768579,0.0,0.880436,1.4186805,0.0,0.21595547,1.0364103,0.5152042,0.0,1.494586,0.12937948,0.7140433,1.2427022,0.6271329,0.5205993,0.29973322,0.972931,0.71028787,0.26328164,0.0,1.852119,0.0,1.2869978,1.4152393,0.9593794,0.20170793,0.0,0.5467781,0.0,0.0,0.04098157,0.3084821,0.5842555,0.0,0.24950758,0.82246333,0.0,0.15191852,0.46340537,0.0,1.1873002,1.3101181,0.4865779,0.0,0.0,0.0,0.0,0.0,1.8063729,1.0278487,0.0,0.0,0.8445014,0.78456056,0.0,0.0
0.0,0.0,0.0,0.40984887,0.0,0.0,0.0,0.0,0.8799116,0.0,0.6025223,0.0,0.4245069,0.0,0.0,0.20303419,1.1686548,2.1993072,0.8569775,2.0790613,0.0,0.0,0.10482728,0.25743204,0.5191416,0.0,0.0,0.7372109,0.0,0.0,0.0,0.0,0.0,0.34760708,0.0,0.0,0.0,0.0,0.0,0.3411338,0.0,0.0,1.0381958,0.0,0.0,0.0,0.0,2.237172,0.0,0.0,0.0,0.0,1.5219522,0.0,0.24687263,0.0,0.12251834,0.6572082,0.0,0.0,0.0,0.0,0.89151263,0.0,0.0,0.0,0.0,0.0,0.68061346,0.83723193,0.5716188,0.0,0.5287897,0.88382864,0.0,0.53859264,0.0,0.0,0.0,0.0,0.0,0.0,0.9090944,0.10577052,1.2542564,0.6815754,0.0,2.0465581,0.0,1.781173,0.0,0.22464506,0.6280569,0.82618517,0.0,0.5965693,1.3870438,0.0,0.0,1.0093952,0.0,0.0,1.0774541,0.0,0.50402,0.4937373,0.0,0.0,0.0,0.0,0.0,0.0,0.0,0.8596477,0.0,0.0,0.0,0.0,0.0,0.0,0.0,0.0,1.7907428,0.049462613,0.0,0.0,0.0,0.2721307,0.0
0.0,0.26526284,0.0,0.7812007,0.0,0.0,0.0,0.0,0.879138,0.7051378,0.0,0.0,0.0,0.0,0.0,0.13184875,0.101473354,0.0,0.0,0.0,0.14826018,0.0,0.0,0.0,0.0,0.5339585,1.5668623,0.0,0.28742737,0.021417417,1.5112923,1.0860841,0.0,0.11850127,0.0,1.3065557,1.0590413,0.0,0.9790548,0.0,0.0,0.6909724,0.0,0.0,0.0,0.32854387,0.0,0.0,1.1583878,0.0,0.0,1.0054884,1.0125749,0.0,1.5125657,0.04401545,0.42031568,0.0,0.0025258958,1.1804855,0.71910083,0.0,0.0,0.29738852,1.2738562,0.0,0.0,1.0636142,0.0,0.0,0.0,1.0763948,0.19039409,0.0,0.0,0.0,0.34868848,0.0,0.553359,1.4440333,0.0,0.0,0.0,0.22363925,0.0,0.38981286,1.8428352,0.0,0.93751585,0.54819924,0.0,1.1460165,0.0,0.07744712,0.0,1.0187048,0.06965247,1.2278962,0.8280041,0.0,0.9830431,0.14739072,0.0,1.2780135,1.1864808,1.4714823,0.0,0.9948864,1.1637335,0.0,0.9640429,0.0,0.0,0.038523864,0.83165085,1.3893468,0.0,0.0,0.0,0.45344153,0.0,0.9031881,0.0,0.0,0.0,1.2029958,0.0,0.48599216,2.0
1.2253464,2.2566192,1.7977377,0.14369631,1.4520272,0.0,0.0,0.4194241,0.9902352,1.9725584,0.7601484,1.4171401,0.0,1.6288172,0.0,2.6907463,0.0,0.6949461,0.0,0.05341734,0.0,1.2223992,0.28668177,0.0,1.0494171,1.4424348,0.0,1.044297,1.4720473,0.0,0.0,0.0,1.668918,0.0,0.30634424,1.9334526,2.0278327,0.0,1.1772923,0.5483829,1.5539703,1.3930659,0.0,0.375926,0.0,0.22107123,0.0,1.2174481,2.3788316,2.3423834,0.0,0.26543126,0.0,0.3010258,0.0,0.0,2.4521027,0.0,0.0,2.0834432,0.0,0.0,0.0,1.0497143,0.025176296,0.5961445,1.5275799,0.3501958,0.25477514,0.052422225,2.1069856,0.49139395,2.1345134,0.5539231,0.0,0.29269898,2.0375028,0.0,2.754956,1.79559,2.3256073,0.72028124,0.86454886,2.4505558,0.0,0.0,0.62572914,0.10134381,1.4233147,0.0,1.7376127,1.9289851,1.0312587,2.0462174,1.2005761,0.73668176,0.3442413,2.1032248,0.0,0.10464406,0.0,0.0,0.67987007,0.0,0.0,0.0,0.0,0.58802676,0.0,0.0,0.8086146,1.7852485,0.0,0.0,1.9672567,0.0,0.19612311,0.0,0.0,0.3839563,0.0,1.4475387,1.5355314,0.0,0.0,1.4848671,1.5144731,0.0,0.0
0.03781189,0.06896574,0.0,1.8224117,0.0,0.07316871,0.0,0.0,0.0,0.0,0.03394386,0.0,2.203459,0.0,0.0,0.0,0.0,0.0,2.1708107,1.2579119,0.0632988,0.0,1.491846,0.0,0.0,0.020397613,3.073017,0.0,0.0,0.23860882,2.7438934,3.03904,0.0,0.0,1.1486315,0.0,0.0,0.0,0.0,0.0,0.16126153,0.0,1.169403,0.0,1.9414933,1.2235303,0.0,0.2986135,0.0,0.0,1.7103447,1.9789057,2.841045,0.92398006,2.973776,0.0,0.0,1.6512728,0.0,0.0,2.1458519,0.0,1.6043648,1.7189119,2.160872,0.0,0.0,2.0151079,0.36867163,1.4264085,0.0,1.2973152,0.0,0.0,0.39126533,0.43632698,0.0066316435,0.3795591,0.0,0.0,0.0,0.0,0.8028525,0.0,0.72988135,2.0353467,1.0271026,0.49326283,0.0,1.8773584,0.0,0.0,0.0,0.0,0.0,2.1210396,1.6422026,0.0,0.0,0.0,2.3241723,0.0,0.0,2.8793883,3.169774,3.222362,0.0,1.4533769,3.1673646,0.0,0.90722704,0.0,0.8613552,2.2160215,0.22435586,2.4570525,0.0,0.0,0.0,2.3103511,0.009464466,0.0,0.0,0.41431975,0.0,0.9868933,0.1624296,0.32028747,1.0
0.15497333,0.0,0.14910188,0.0,0.0,0.91571957,0.882842,0.0,0.14578895,0.0,0.0,0.0,0.0,0.0,1.1964055,0.17019197,0.0,0.7449636,0.0,0.0,0.8329113,0.0,0.0,0.0031446074,0.9780733,0.0,0.0,1.3167237,0.12462791,1.2180382,0.0,0.0,0.0,0.0,0.0,0.0,0.0,1.3688363,0.0,0.56257844,0.34796605,0.31153616,0.0,0.7014867,0.0,0.0,0.0,0.0,0.0,0.0,0.4590777,0.0,0.0,0.0,0.0,0.0,0.20442584,0.0,0.5595185,0.0,0.0,1.5621468,0.0,0.0,0.0,0.12927172,0.0,0.0,0.0,0.0,0.0,0.0,0.0,0.0,0.23029213,0.0,0.0,0.61521745,0.0,0.0,0.0,0.0015305682,0.0,0.0,1.4180925,0.0,0.0,0.5053862,0.0,0.0,0.0,0.0,0.0,0.0,0.0,0.0,0.0,0.0,0.0,1.4219266,0.0,0.6476777,1.3684425,0.0,0.0,0.0,1.5646652,0.0,0.0,0.03167266,0.0,0.0,0.17714186,0.0,0.0,0.0,0.0,1.2029052,1.3496951,0.0,1.0156046,0.0,0.0,0.3735127,1.0499599,0.0,0.0,0.0,0.0
0.0,0.5418864,0.038531184,0.5324065,0.0,0.0,0.0,0.0,0.8962075,0.9824998,0.0,0.0,0.0,0.0,0.0,0.63625497,0.0,0.0,0.0,0.0,0.2084761,0.0,0.0,0.0,0.0,0.74877083,1.4362698,0.0,0.5028429,0.051249787,1.3524734,0.8073875,0.0,0.0,0.0,1.7498007,1.4603047,0.0,1.3619269,0.0,0.0,0.98772913,0.0,0.0,0.0,0.22905141,0.0,0.0,1.6741318,0.09227461,0.0,1.083336,0.7573401,0.0,1.3869776,0.0,0.93740684,0.0,0.10321985,1.6285369,0.44820228,0.0,0.0,0.19046444,1.2605606,0.0,0.0,1.0852095,0.0,0.0,0.0,1.1867646,0.30043477,0.0,0.0,0.0,0.6752182,0.0,0.93876576,1.878706,0.0,0.0,0.0,0.6564402,0.0,0.022799043,2.0366945,0.0,1.2268726,0.21742657,0.030656347,1.3151896,0.0,0.10805087,0.0,0.8780219,0.0,1.6474985,0.52578974,0.0,0.71215093,0.24556802,0.0,1.0226846,0.9955491,1.3064072,0.0050592674,1.0174571,0.9512752,0.11970553,1.0632128,0.0,0.0,0.0,1.1621232,1.36019,0.0,0.0,0.0,0.29221243,0.057560038,1.0053878,0.0,0.0,0.0,1.5209519,0.0,0.15254869,1.0
0.0,0.0035764473,0.03641345,1.9855559,0.01115247,0.0,0.0,0.0,0.45144886,0.1049093,1.9028317,0.0,1.8647536,0.0,0.0,0.0,0.93048865,0.0,1.0197527,1.2762413,0.0,0.0,1.8251655,0.35535324,0.0,0.0,1.006655,0.0,0.0,0.0,1.6334122,1.7916994,2.026028,0.5901744,1.7112099,0.0,0.0,0.0,0.0,0.2612777,0.16589256,0.0,0.64195794,0.0,0.07567787,1.1699362,0.0,1.3088981,0.0,0.0,0.36337176,0.80718535,1.7271589,1.4788445,1.0477322,0.57815385,0.0,2.066071,0.0,0.0,1.4772961,0.0,1.9388703,1.8106571,1.2769179,0.0,0.0,1.0945385,1.9620106,2.1871574,0.62263846,0.6256325,0.82860994,1.7201898,0.0,1.6275356,0.0,0.0,0.091693684,0.0,0.0,0.0,2.2337804,0.0,0.0,1.9420882,0.00912136,0.0,0.0,1.6710986,0.0,0.27120852,2.1092682,1.1875529,0.90621746,1.9638221,2.3064466,0.0,1.296221,0.0,1.600419,0.0,0.0,1.6205969,0.8945087,0.84647506,0.0,1.4400998,1.6503034,0.0,1.1108084,1.6853237,0.0,1.5137672,0.0,0.075725496,0.0,0.0,0.0,1.5662098,0.0,0.20752767,1.001103,0.0,0.0,0.17786953,0.0,0.5738605,0.0
0.0,1.3596238,0.799599,1.2816042,1.4877937,0.0,0.0,0.0,0.0,2.2689602,0.0,1.4468685,1.494122,1.3627276,0.16757318,0.63097507,0.56233275,0.2640543,1.7008888,0.7447121,0.0,0.5794753,0.0,0.84499437,0.0,1.452482,0.3893754,0.0,1.7622404,0.0,0.34252664,0.0,0.0,0.0,0.9828362,1.3817382,0.7257465,0.0,1.2074791,0.0,0.79190207,0.0,0.0,0.22906075,0.0,0.10964139,0.0,1.0693874,0.5522728,1.1850307,0.88720006,0.0,0.367982,0.0,0.4773363,0.0,0.8135258,1.1618357,0.0,0.6846526,0.9469282,0.0,1.0071745,0.0,0.0,1.0420195,0.7956328,0.0,1.2937474,0.0,2.4727058,0.0,2.5908604,1.4500116,0.0,0.922464,1.5685097,0.0,0.22332385,1.3312551,1.2314053,0.0,1.5148731,0.36281842,1.1226932,1.3605362,0.3586365,0.6901484,0.5676361,0.84199166,1.0179663,0.36709836,0.0,2.3083048,0.0,1.0743258,1.0930411,0.8358389,0.0,0.16941871,0.34035975,0.0,0.0,0.0,0.0,0.040523924,0.0,0.0,0.22742118,0.0,0.0,0.3504896,0.0,1.4075605,1.2795864,0.40911186,0.012082248,0.0,0.0,0.0,0.0,2.5528898,0.71688217,0.0,0.0,0.93944794,1.3222091,0.0,0.0
0.0,0.2901659,0.0,0.79007804,0.0,0.0,0.0,0.0,0.89024436,0.71146995,0.0,0.0,0.0,0.0,0.0,0.12529689,0.10724506,0.0,0.0,0.0,0.14184883,0.0,0.0,0.0,0.0,0.5462352,1.5643883,0.0,0.3042411,0.018669127,1.5125432,1.0831538,0.0,0.10601073,0.0,1.3011454,1.0608166,0.0,0.97771496,0.0,0.0,0.7006005,0.0,0.0,0.0,0.3314268,0.0,0.0,1.1566961,0.0,0.0,1.0062305,1.0101472,0.0,1.5093263,0.0568915,0.4096249,0.0,0.0010148227,1.172852,0.7303244,0.0,0.0,0.29464802,1.2816827,0.0,0.0,1.0609642,0.0,0.0,0.0,1.0770948,0.20482914,0.0,0.0,0.0,0.36435425,0.0,0.5385153,1.4349439,0.0,0.0,0.0,0.21689783,0.0,0.40250784,1.8364154,0.0,0.92604595,0.5552787,0.0,1.1516391,0.0,0.09300431,0.0,1.0277132,0.07993992,1.2162762,0.80935204,0.0,0.99262893,0.14175053,0.0,1.2765924,1.179989,1.4670684,0.0,0.9951081,1.1705122,0.0,0.95923257,0.0,0.0,0.053914815,0.84018016,1.3907616,0.0,0.0,0.0,0.44394812,0.0,0.91513425,0.0,0.0,0.0,1.2031436,0.0,0.5016263,0.0
0.0,0.5717321,0.0,0.0,0.0,0.49240234,0.25841892,0.0,1.1501011,0.4680274,0.0,0.0,0.0,0.0,0.0,1.0233902,0.0,0.74208856,0.22315568,0.31251666,0.49419454,0.0,0.0,0.0,0.32120207,0.80012363,0.0,0.15385816,0.7997097,0.34299985,0.0,0.0,0.0,0.0,0.0,0.4406688,0.8222265,0.0,0.31415692,0.0,0.009326685,1.1813394,0.0,0.0,0.0,0.0,0.0,0.76354194,0.78472894,0.21725056,0.13894247,0.0,0.20820522,0.0,0.0,0.177364,1.0525357,0.0,0.5563648,0.90866935,0.0,0.0,0.0,0.0,0.0,0.0,0.0,0.0,0.0,0.0,0.6452794,0.0,0.66319907,0.0,0.0,0.0,0.6350944,0.49628517,0.9434404,0.49961913,0.7440916,1.0703217,0.0,0.9981499,0.3221624,0.03704834,0.5237481,0.5455062,0.2814779,0.35564625,0.0,1.2591703,0.020930622,0.73854184,0.0,0.20985873,0.0,1.00991,0.0,0.23037262,0.0,0.576039,0.44382322,0.0,0.0,0.0,0.3730811,0.0,0.0,0.79465866,0.0,0.0,0.0,0.008102909,0.7098657,0.0,0.0,0.13797763,0.0,0.0,0.6657548,0.4354214,1.0829148,0.0,0.6207458,0.4281522,0.87295914,0.42618686,0.0
1.366908,1.104088,1.9939922,1.2458097,1.1528714,0.0,0.0,0.0,0.0,0.92295116,0.0,1.7823796,1.2265372,0.95237947,0.0,0.5548909,0.2324135,0.0,0.0,0.8847459,0.0,0.7937135,0.0,1.3942902,0.0,0.0,0.0,0.0,0.0,0.0,0.57014316,0.0,0.0,1.869417,1.0964652,1.2120571,0.36419162,0.0,1.2979317,0.032779824,0.98010933,0.0,0.0,0.0,0.0,0.38187185,0.0,0.0,0.69293535,0.42350888,0.0,0.61523753,0.0,0.0,0.0,0.5669815,0.39113984,1.8267957,0.0,0.50893724,1.4022797,0.0,1.5702713,0.0,1.711337,0.0,1.100653,0.21764968,2.080383,0.0,0.34463754,0.892288,0.5561585,1.9775908,0.0,2.1645784,1.1552398,0.0,0.8990406,0.9387767,0.4032424,0.0,1.980446,0.71143,0.0,0.8457856,0.19924091,0.0,0.9423201,0.8242085,2.1700706,0.0,0.0,0.55584884,0.0,1.4402825,2.0712693,0.15258346,0.0,0.02599279,1.1862638,0.0,0.0,0.0,0.0,0.0,0.0,1.4921925,0.057048265,0.0,1.2830424,0.3852257,0.0,0.7334125,0.09837819,0.82490253,0.0,0.0,0.0,0.0,0.0,0.23605627,0.0,0.0,0.0,0.9321446,0.40948746,0.0,1.0
0.0,0.0,0.0,0.5940641,0.80987394,0.33091956,0.78306955,0.0,0.0,0.84605354,0.2381524,0.6599586,1.283011,0.7620623,0.29634225,0.0,0.3420719,0.0,1.2444675,0.0,0.16011278,0.40188757,0.0,0.0,0.0,0.496474,1.1967121,0.0,0.7265433,0.16100477,0.8075325,0.83239144,0.0,0.0,0.9426859,0.32166848,0.0,0.009123512,0.26440164,0.0,0.0,0.0,0.1157755,0.090117514,0.0,0.8937208,0.8635642,0.2862991,0.0,0.0,1.1036015,0.47160268,0.47433174,0.0,1.2727197,0.0,0.0,0.38020054,0.0,0.0,1.0041621,0.0,0.32661816,0.12514532,0.13800378,0.62686926,0.16763313,0.74001926,0.6231892,0.04608005,0.14601885,0.23068468,0.2174573,0.3122592,1.0983269,0.20968002,0.0,0.0,0.0,0.42244276,0.0,0.0,0.39860946,0.0,0.22375542,0.92286557,0.7109147,0.26499864,0.25506112,0.33670524,0.0,0.0,0.0,0.046315365,0.0,0.33936146,0.043727014,0.118918836,0.5881862,0.0,0.51497346,0.151941,0.0,0.8261447,0.81905574,0.9482765,0.10638354,0.5874953,0.87365687,0.0,0.55029154,0.16425584,0.0,0.9521328,0.23616564,0.76557314,0.39493445,0.11904322,0.0055580824,0.17666844,0.06131584,0.9338673,0.0019727198,0.0,0.0,0.34592953,0.0,0.0,0.0
0.46034345,1.1648546,0.840189,0.0,0.38465154,0.0,0.0,0.0,0.47521922,0.9913007,0.0,0.4263587,0.0,0.4723653,0.0,1.2818574,0.0,0.47009644,0.0,0.0,0.0,0.24153827,0.0,0.0,0.22493176,0.7868401,0.0,0.372897,0.9173114,0.0,0.0,0.0,0.0,0.0,0.0,0.90688145,1.0338124,0.0,0.8464074,0.0,0.5136943,0.8522127,0.0,0.0,0.0,0.0,0.0,0.35857058,1.1068286,0.77502954,0.0,0.0,0.06614768,0.0,0.0,0.0,1.370286,0.0,0.016457908,1.0870181,0.0,0.0,0.0,0.0,0.03398768,0.0,0.47277895,0.0,0.0,0.0,0.9327746,0.0,1.0476326,0.0,0.0,0.0,1.3154644,0.0,1.0009418,0.89024377,1.0449475,0.4469661,0.07002218,1.0864688,0.4157113,0.0,0.47438768,0.30603185,0.44244397,0.07250776,0.6132296,0.80262226,0.0,0.9578424,0.0,0.40011388,0.0,1.1332206,0.0,0.46133295,0.0,0.0,0.38566822,0.0,0.0,0.0,0.0023027742,0.0,0.0,0.18462798,0.067608364,0.0,0.0,0.0,0.991894,0.0,0.0,0.0,0.0,0.0,0.0,0.6622566,0.6225836,0.0,0.0,0.7842933,0.93783826,0.0,0.0
0.0,0.701573,0.0,0.0,0.0,0.93266517,0.646332,0.0,0.7099553,0.5245071,0.0,0.0,0.0,0.0,0.16209702,0.7040321,0.0,0.2733641,0.2693433,0.03496884,0.91760176,0.0,0.0,0.0,0.10179515,0.92451483,0.0,0.0,1.0002719,0.7495574,0.0,0.0,0.0,0.0,0.0,0.40980116,0.8012731,0.0,0.42107567,0.0,0.0,1.000526,0.0,0.0,0.0,0.0,0.28979433,0.0,0.73826635,0.287025,0.41332826,0.0,0.0,0.0,0.0,0.0,0.8699646,0.0,0.97589236,0.8154785,0.0,0.24565832,0.0,0.0,0.0,0.0,0.0,0.0,0.0,0.0,0.58502984,0.0,0.57240766,0.0,0.66147727,0.0,0.7889083,0.6668411,0.11508834,0.5055186,1.0263786,0.8387249,0.0,0.5836764,0.44971496,0.0,0.37474364,0.13435115,0.36224622,0.20351544,0.0,0.71828026,0.0,0.49679857,0.0,0.0,0.0,0.8551265,0.0,0.4539546,0.0,0.9974006,0.29683697,0.0,0.0,0.0,0.78472674,0.0,0.0,1.1999854,0.0,0.0,0.0,0.13965692,0.839603,0.0,0.15011644,0.80764323,0.055840753,0.0,1.0420574,0.6146567,0.3447047,0.0,0.8800669,0.39300504,1.0438123,0.16085847,0.0
2.630163,0.48286685,2.6602407,0.0,0.0060114,2.442575,1.6436589,0.8168756,0.0,0.26236087,1.8793298,0.7960312,0.0,0.36411715,3.3625352,0.0,0.0,0.0,0.4730822,0.0,1.7645863,0.98016506,2.1625502,0.43377027,0.54757184,1.4615184,0.0,2.099505,2.7734911,2.7218745,0.10626572,1.2243437,2.0679486,0.0,0.65458673,0.0,0.5300547,2.5381353,0.0,0.4510857,3.3528538,0.0,0.0,2.4047582,0.59211725,1.0708697,0.0,1.0527704,0.45346907,0.0,2.8156495,2.381445,0.0,1.8728298,0.0,0.0,0.0,0.0,0.55018234,0.0,0.0,2.852614,0.0,1.810104,0.6403027,3.7746723,0.31856203,2.0272973,0.0,2.0133216,0.0,1.6662886,0.4126784,0.0,1.4856887,0.0,1.9837115,0.40601298,0.0,0.0,1.3036758,0.0,0.0,0.0,1.5558789,0.0,0.0,0.0,0.0,0.0,0.30235785,0.0,2.164251,0.07183937,1.7208549,0.0,0.0,0.0,0.0,0.0,0.0,1.4894868,0.6042069,0.64074,0.0,0.0,2.6352131,1.5682533,1.5662717,0.1862534,2.0118976,1.7984325,0.11069927,0.0,0.97847277,0.0,1.9437788,2.5664034,2.6582637,2.1351182,1.9924793,0.0,1.2501024,0.16492338,1.0305957,0.0,1.4861743,0.0,0.0
0.6739422,0.6765221,0.30010933,0.0,0.12729053,1.0531573,0.1977416,0.19915059,0.0,0.0,0.0,0.14839965,0.0,0.48914123,0.6267155,0.13079293,0.0,0.0,0.14752455,0.0,0.50696474,0.94985014,0.20036747,0.0,0.03574962,0.49251756,0.05687294,0.22643058,0.7229991,0.92425966,0.12911916,0.2128787,0.0,0.0,0.0,0.25188175,0.4314594,0.04312229,0.0,0.0,0.27058452,0.33535793,0.0,0.0,0.6235977,0.07975503,0.0,0.0,0.62769955,0.8522077,0.50000715,0.7686291,0.084580086,0.18271391,0.0,0.0,0.25930956,0.0,0.2988506,0.2540029,0.0,0.6563845,0.0,0.46517104,0.30472043,0.19452907,0.6345729,0.58818257,0.0,0.0,0.3579808,0.62535375,0.4938195,0.0,0.52667993,0.0,0.83108586,0.00958845,0.23397839,0.33496237,0.9792073,0.13882917,0.0,0.0,0.21150015,0.0,0.33648887,0.0,0.53228503,0.0,0.10913819,0.14466108,0.0,0.36633325,0.0,0.043528862,0.0,0.26065284,0.0,0.0,0.0,0.4575377,0.0032028435,0.2504676,0.03928315,0.0,1.1526161,0.27736053,0.32649657,0.41981378,0.61181307,0.0,0.20289925,0.0,0.54847926,0.0,0.6729562,1.3228998,0.091275685,0.528989,0.74754053,0.0,0.0,0.0,0.40808576,0.528616,0.68478376,0.0,0.0
0.0,0.0,0.0,0.0,0.0,1.4652433,1.3385857,0.0,0.9430512,0.0,0.0,0.0,0.0,0.0,0.3268228,0.8474209,0.0,1.1256634,0.0,0.0,1.4832294,0.0,0.0,0.0,0.3991577,0.3734151,0.0,0.3159448,0.3455795,1.2533028,0.0,0.0,0.0,0.0,0.0,0.0,0.5488735,0.14529699,0.06024626,0.0,0.0,1.1939654,0.0,0.0,0.0,0.0,0.15460335,0.4977271,0.36050975,0.0,0.30332884,0.0,0.022384036,0.0,0.0,0.0,0.9654104,0.0,1.4173975,0.67310274,0.0,0.71101785,0.0,0.0,0.0,0.0,0.0,0.0,0.0,0.0,0.0,0.0,0.0,0.0,0.8573385,0.0,0.0,1.4118569,0.5392567,0.0,0.0,1.4554838,0.0,0.7202859,0.75147134,0.0,0.56475115,1.1136321,0.0,0.0,0.0,0.8246777,0.0,0.0,0.0,0.0,0.0,0.87069356,0.0,0.71950465,0.0,1.5964305,0.9093846,0.0,0.0,0.18380941,1.2896179,0.0,0.0,1.4676245,0.0,0.0,0.0,0.0,0.21371138,0.0,0.0,1.1604362,0.23235181,0.0,1.4966605,0.0,0.83176047,0.13780022,1.376655,0.0,0.25802207,0.19141543,2.0
0.0,0.0,0.0,0.0,0.0,0.58590937,0.34775615,0.0,0.54254925,0.0,0.0,0.0,0.0,0.0,0.0,0.9243843,0.0,0.8150754,0.0,0.26502246,0.51103616,0.0,0.0,0.0,0.3419974,0.08686345,0.0,0.1351969,0.0,0.42914376,0.0,0.0,0.0,0.0,0.0,0.0,0.3736743,0.0,0.16241045,0.0,0.0,0.78808445,0.0,0.0,0.0,0.0,0.0,0.28886503,0.2805199,0.0,0.0,0.0,0.16931431,0.0,0.0,0.0,0.78704554,0.0,0.68552214,0.5042692,0.0,0.27336305,0.0,0.0,0.0,0.0,0.0,0.0,0.0,0.0,0.0,0.0,0.0,0.0,0.0,0.0,0.011497221,0.8128004,0.7423013,0.0,0.028880853,1.1200651,0.0,0.8807935,0.40604895,0.0,0.26936164,0.89979297,0.0,0.35536668,0.0,0.46673414,0.0,0.0,0.0,0.0,0.0,0.6432648,0.0,0.4823698,0.0,0.68727946,0.52115464,0.0,0.18256924,0.21945651,0.490687,0.0,0.0,0.8300985,0.0,0.0,0.0,0.0,0.0980785,0.0,0.0,0.46644267,0.0,0.0,0.6126833,0.0,0.50107425,0.07385644,0.87615865,0.06970587,0.20050672,0.0,0.0
0.0,0.0,0.09639919,0.7277519,0.88087285,0.0,0.5458486,0.0,0.0,0.38220108,1.9872855,0.7600379,1.3937718,0.95151967,0.0,0.0,0.065919064,0.0,0.9751154,0.0,0.06969623,0.0,2.002924,0.0,0.0,0.108631656,0.9367778,0.0,0.10977867,0.0,1.2061895,1.7773094,2.223881,0.6147067,1.4620355,0.0,0.0,0.0,0.0,0.0,0.0,0.0,1.065619,0.88330156,0.4652519,1.6281282,0.0,0.78193164,0.0,0.0,0.8978485,1.2963716,1.1870313,1.4988109,0.9304649,0.0,0.0,0.74451715,0.0,0.0,1.0691135,0.0,0.75737876,2.152102,0.38343498,0.79340744,0.0,1.9092131,0.9077138,2.125064,0.0,0.89098215,0.0,0.40731296,0.20710193,0.3556936,0.19204576,0.0,0.0,0.0,0.0,0.0,0.70107937,0.0,0.0,1.1076288,0.17300971,0.0,0.032608073,0.5389333,0.052203033,0.0,1.9390172,0.0,1.4186466,0.50310355,0.82138866,0.0,1.4713401,0.0,0.86503655,0.0,0.0,1.2835432,1.1140846,0.88715833,0.0,1.4259306,1.4209745,0.0,1.4401345,1.9239767,0.049741834,0.793791,0.17204893,0.0,0.0,0.0,0.0,2.2393966,0.0,0.0,1.0356652,0.07542295,0.0,0.0,0.0,0.0,0.0
0.0,0.0,0.0,0.0,0.0,1.1510344,0.9822887,0.0,0.7194927,0.0,0.0,0.0,0.0,0.0,0.4534254,0.7427054,0.0,1.1777968,0.24176261,0.34053263,1.072496,0.0,0.0,0.0,0.7064294,0.20022523,0.0,0.6949276,0.10323539,0.9683303,0.0,0.0,0.0,0.0,0.0,0.0,0.19526437,0.34841487,0.0,0.0,0.0,0.7076597,0.0,0.0,0.0,0.0,0.12294003,0.74749106,0.0,0.0,0.44977537,0.0,0.0,0.0,0.0,0.0,0.698677,0.0,1.1260259,0.29453582,0.0,0.7613399,0.0,0.0,0.0,0.0,0.0,0.0,0.0,0.046379842,0.0,0.0,0.0,0.0,0.53388566,0.0,0.0,1.2300411,0.2524623,0.0,0.0,1.3262491,0.0,0.7022079,0.7658142,0.0,0.0,1.199003,0.0,0.05232573,0.0,0.3729909,0.012024776,0.0,0.0,0.0,0.0,0.560823,0.0,0.7513772,0.0,1.1865475,0.9980339,0.0,0.0,0.0,1.0446402,0.0,0.0,1.0524477,0.0,0.0,0.0,0.0,0.0,0.0,0.0,0.94789064,0.39022255,0.0,1.241108,0.0,0.94343364,0.16450547,1.2695191,0.0,0.15213408,0.0,0.0
0.0,0.0,0.0,0.0,0.0,1.1099693,1.0177099,0.0,0.4308194,0.0,1.1610568,0.0,0.0,0.0,0.8717875,0.0,0.50845,1.3301022,1.7175335,0.97675645,1.070128,0.0,0.51925236,0.0,0.3985706,0.0,0.0,0.91406727,0.0,1.0206136,0.0,0.0,0.0,0.0,0.0,0.0,0.0,0.8174102,0.0,0.2811693,0.0,0.0,0.82092583,0.8701288,0.63341284,0.0,0.9229261,1.3403372,0.0,0.0,1.8776168,0.0,0.7751523,0.39565352,0.0,0.0,0.0,0.0,0.8385697,0.0,0.0,1.0162771,0.0,0.0,0.0,0.8103463,0.0,0.0,0.0,1.6393018,0.0,0.0,0.0,0.0,1.04724,0.0,0.0,0.8795588,0.0,0.0,0.0,0.0,0.0,0.0,1.1258628,0.25194633,0.0,0.9733369,0.0,0.51862085,0.0,0.0,1.0008721,0.0,0.10334812,0.0,0.0,0.0,0.7681032,0.5276571,0.0,0.9416311,0.93163764,0.0,0.0,0.01587292,1.2617599,0.0,0.0,0.055111296,0.0,0.24396034,0.7215606,0.9638211,0.0,0.0,0.0,0.9978158,0.98444307,0.0,1.1344371,0.0,1.2066579,0.85663533,0.44317818,0.0,0.0,0.8416596,0.0
0.0,0.0,0.0,0.0,0.0,1.8117337,1.4970001,0.0,0.0,0.0,2.2470455,0.0,0.3211721,0.0,1.785025,0.0,0.0,0.80936,3.0399036,0.87128097,1.392726,0.0,2.4315362,0.0,0.0,0.006448597,0.88600063,1.334533,0.0,1.5411896,0.30914313,1.2516792,1.1430708,0.0,0.8310615,0.0,0.0,1.09097,0.0,0.0,0.09214685,0.0,1.3327976,1.8472075,0.7138693,0.50605506,0.0,2.7585526,0.0,0.0,3.16073,0.0,1.9913671,1.3610338,1.0352885,0.0,0.0,0.0,0.5323982,0.0,0.0,1.7233078,0.0,0.91095865,0.0,2.855609,0.0,0.9012919,0.0,3.3036299,0.0,0.0,0.0,0.0,0.76902115,0.0,0.0,0.53124064,0.0,0.0,0.0,0.0,0.0,0.0,1.7884216,0.0,0.0,1.6930515,0.0,0.0,0.0,0.0,2.3192153,0.0,0.6705147,0.0,0.0,0.0,1.2194138,0.0,0.0,1.2270862,0.0,0.7346905,1.5136915,1.3418729,1.469772,0.0,1.2963401,0.0,0.0,1.3398182,0.28000572,0.536749,0.0,0.0,0.0,1.1713419,1.1767384,2.166631,1.3478773,0.0,2.4418476,0.50832134,0.0,0.0,0.0,0.0,2.0
2.194092,0.073319204,1.8436828,0.0,1.8070091,0.0,0.0,1.559508,0.0,0.0,3.0253384,2.0808525,0.0,1.8982474,1.368376,0.0,1.9619665,0.7954291,0.013521177,0.0,0.0,2.429921,1.4012115,2.7485604,0.7966881,0.0,0.0,0.4981412,0.0,0.0,0.0,0.0,0.60793114,0.71128505,0.8719073,0.0,0.0,0.871016,0.0,2.8727527,2.5343952,0.0,1.7449135,2.1880126,2.3704436,0.30425933,0.0,0.0,0.0,2.793299,0.0,0.0,0.0,2.2305937,0.0,1.4167844,0.0,0.13386779,0.0,0.0,0.0,0.6015193,0.18344288,0.0,0.0,1.9393837,2.1138933,0.0,0.44230413,0.99554956,0.079623364,0.04905207,0.0,0.18238942,0.0,1.1096594,0.0,0.0,0.0,0.0,0.0,0.0,0.0,0.0,0.0,0.0,0.0,0.46884778,0.0,0.0,1.9097255,0.0,1.9573064,0.0,2.1908457,0.0,0.0,0.0,0.0,0.09635484,0.0,0.0,1.1334026,0.0,0.0,0.0,0.0,0.0,0.0,0.0,0.6008308,1.6171942,2.3396623,0.0,0.0,0.0,1.0706587,0.051466137,1.0233175,1.4134105,0.0,0.0,0.0,1.6747267,0.0,0.0,0.0,0.0,0.0
0.0,0.0,0.0,0.7186852,0.0,0.58687615,0.0,0.0,0.0,0.0,0.0,0.0,0.55420154,0.0,0.0,0.0,0.0,0.0,0.74423987,0.0,0.27691782,0.0,0.7600745,0.0,0.0,0.0,1.3057139,0.0,0.07852169,0.51637316,1.4815568,1.7487447,0.0,0.0,0.28771514,0.0,0.0,0.0,0.0,0.0,0.0,0.0,0.08425632,0.0,1.0308546,0.82192284,0.48225594,0.0,0.0,0.0,0.5533405,1.3847624,1.1016005,0.72257847,1.1846725,0.39931944,0.0,0.36440992,0.0,0.0,0.949434,0.0,0.40555218,1.0713483,1.3006328,0.0,0.0,1.380791,0.12606387,0.34314904,0.0,1.2576787,0.0,0.0,0.7594267,0.042433444,0.0,0.0,0.0,0.11748511,0.0,0.0,0.23365833,0.0,0.0,0.78784376,0.80409145,0.0,0.49064353,0.76879585,0.0,0.0,0.0,0.0,0.0,1.0451652,0.13603216,0.0,1.028323,0.0,1.4217607,0.12597135,0.0,1.7521204,1.1765251,1.1249423,0.5848328,1.1486454,1.6554911,0.0,1.2121062,0.0,0.5285528,0.6682235,0.0,1.0334843,0.0,0.485209,0.0,1.168789,0.31784686,0.0,0.0,0.0,0.0,0.43800762,0.0,0.40692592,0.0
0.88281816,1.4983016,1.3154544,0.4884198,1.2130182,0.0,0.0,0.47637004,0.6422501,1.4286871,1.1841437,1.1573513,0.0,1.3293667,0.0,1.6155229,0.0,0.19862294,0.0,0.041970003,0.0,0.9728858,0.7439703,0.0,0.5487574,0.9212816,0.0,0.64777416,0.9869655,0.0,0.18590057,0.20551832,1.9097527,0.0,0.7234536,1.3493855,1.3331298,0.0,0.641343,0.52407,1.1710043,0.5925064,0.0,0.47790667,0.0,0.6555024,0.0,1.1101147,1.4747722,1.6478245,0.0,0.6669771,0.18195851,0.7178845,0.0,0.03355649,1.3977525,0.38623723,0.0,1.300901,0.0,0.0,0.24332914,1.4135128,0.38239494,0.6383099,1.1738945,0.7393962,0.62165785,0.6760327,1.5837564,0.7070568,1.6227032,0.7354114,0.0,0.5732264,1.3830732,0.0,1.9568397,1.2177557,1.5189825,0.16668445,1.1087675,1.4978883,0.0,0.17714278,0.38450214,0.0,1.0847858,0.0,1.3243555,1.2844183,1.4111137,1.6587529,1.2850425,0.8704528,0.65060204,1.3258994,0.0,0.0,0.0,0.0,0.026046699,0.05520128,0.0,0.0,0.0,0.98884076,0.16701037,0.0,1.090451,1.939042,0.0,0.0,1.3366677,0.0,0.04325596,0.0,0.0,0.9309535,0.0,1.0106554,1.2564503,0.0,0.0,1.0793308,0.8502102,0.0,0.0
0.0,0.6396648,0.0,0.17712523,0.0,0.08872474,0.0,0.0,1.0764346,0.39297223,0.10716273,0.0,0.0075654956,0.0,0.0,1.091454,0.0,0.943951,0.60643667,1.1057004,0.0,0.0,0.0,0.0,0.7858457,0.65517837,0.0,0.57943016,0.6499021,0.0,0.0,0.0,0.14477162,0.0,0.0,0.15299459,0.35646793,0.0,0.0,0.13214843,0.00480353,0.8914193,0.0,0.0,0.0,0.0,0.0,1.0271977,0.28249556,0.49999768,0.32325295,0.0,0.060563073,0.0,0.0,0.073078565,1.0418247,0.11744298,0.29609653,0.5404959,0.0,0.0,0.14804597,0.0,0.0,0.0,0.0,0.0,0.031559553,0.0,1.3004977,0.0,1.1951056,0.1481015,0.0,0.0,0.504693,0.051756993,0.5643368,0.12583035,1.096583,0.73568547,0.2766945,0.9917581,0.5048652,0.3647484,0.0,0.5919526,0.23856834,0.6561989,0.0,1.019133,0.20011379,1.2686923,0.03937742,0.22690152,0.303735,0.5491036,0.0,0.5813549,0.0,0.05068146,0.73676836,0.0,0.0,0.0,0.11953471,0.0,0.0,0.36418855,0.0,0.26478305,0.0,0.51804924,0.46208775,0.0,0.0,0.0,0.0,0.0,0.32834145,0.4616878,1.3051655,0.0,0.3563331,0.079511434,1.035256,0.3191792,0.0
0.49441287,0.0,0.3879224,0.0,0.0,1.4451044,1.278665,0.0032808678,0.94280887,0.0,0.0,0.0,0.0,0.0,0.9774878,0.0,0.17181362,0.35943294,0.0,0.0,1.4703456,0.0,0.09276612,0.36138096,0.46595103,0.042513978,0.0,0.33154553,0.78500485,1.6948051,0.0,0.0,0.0,0.0,0.0,0.0,0.0,1.0313997,0.0,0.14910144,0.44857392,1.0167809,0.0,0.0,0.1576559,0.0,0.0,0.0,0.0,0.0,0.8573598,0.0,0.0,0.0,0.0,0.12587255,0.0,0.0,0.9813891,0.0,0.0,1.3299468,0.0,0.0,0.02688358,0.0,0.0,0.0,0.0,0.13500805,0.0,0.0,0.0,0.0,1.1021672,0.0,0.10670772,1.089516,0.0,0.0,0.05885717,0.05483787,0.0,0.0,1.3245704,0.0,0.0,0.115805164,0.0,0.0,0.0,0.48449782,0.0663738,0.0,0.0,0.0,0.0,0.0,0.0,0.779797,0.0,1.2125219,0.9346704,0.0,0.0,0.11659046,1.8340291,0.0,0.04911766,0.68243176,0.0,0.0,0.3146869,0.0,0.0,0.0,0.0,1.297076,1.0529078,0.0,1.5874223,0.0,0.2451668,0.45006585,1.4860268,0.0,0.55909634,0.90970105,0.0
0.0,1.5718244,0.3529368,1.772059,0.011949481,0.0,0.0,0.0,1.2781291,1.063277,0.0,0.0,0.74962485,0.0,0.0,1.1895647,1.1072311,0.6148099,0.12986542,0.811374,0.0,0.0,0.0,0.71092504,0.0,0.4446039,0.46259472,0.0,0.27298027,0.0,0.7521345,0.0,0.0,0.27774253,0.0,1.102844,0.5376173,0.0,1.1198812,0.05268369,0.0,1.1286814,0.0,0.0,0.0,0.0,0.0,0.22018409,0.6186373,0.94004446,0.0,0.0,0.85669804,0.0,0.5017756,0.90271586,1.1915594,1.3004322,0.0,0.9426433,1.0296288,0.0,1.1475692,0.0,0.6028095,0.0,0.0,0.0,1.1975291,0.0,2.0731175,0.0,1.8401104,1.5178837,0.0,1.1912316,0.7580063,0.0,0.8017287,1.1751181,0.5370336,0.0,1.5195433,1.0744274,0.0,1.4382784,0.65061307,0.053508602,0.71263796,1.7680433,0.57623464,1.5859919,0.0,1.887507,0.0,1.7274224,1.5111111,0.76289666,0.3153581,0.0006740317,1.0627959,0.0,0.0,0.14071266,0.063158624,0.50040126,0.0,0.10099479,0.115558125,0.0,0.0,0.0,0.0,1.1922625,0.49688345,0.7947718,0.0,0.0,0.0,0.0,0.0,1.9779155,0.16034725,0.0,0.0,0.90666837,0.6636088,0.8412898,0.0
0.0,0.0,0.0,0.20495632,0.0,0.39806396,0.35557795,0.0,0.7383121,0.0,1.3618462,0.0,0.0852766,0.0,0.0,0.0,0.89127,0.3031308,0.5016223,0.11401233,0.4760959,0.0,2.1128087,0.0,0.0,0.0,1.122303,0.0,0.0,0.41322854,0.93311775,1.613061,0.279033,0.28444853,0.0,0.0,0.0,0.0,0.0,0.0,0.0,0.0,1.2733784,0.0,1.4569899,0.0,0.0,1.0452687,0.0,0.0,0.58357775,0.08601134,1.645983,1.6393398,1.3082954,0.43185103,0.0,0.13667084,0.0,0.0,0.1809394,0.0,0.16629376,1.1239783,0.18309802,0.0,0.0,0.4550701,0.0,2.242998,0.0,0.0,0.0,0.0,0.34806037,0.0,0.0,0.73347646,0.24961424,0.0,0.0,0.35886538,0.031060668,0.0,0.0,0.4520766,0.6332958,0.18341091,0.0,0.756677,0.0,0.43660954,1.7027528,0.0,0.25602254,0.35831913,0.3664688,0.0,0.73259395,0.0,0.142355,0.40946707,0.0,1.4248734,1.6457906,1.5488732,0.38699573,0.14384031,1.0300865,0.0,0.0,0.0,1.2080668,0.30853674,0.0,0.26494947,0.0,0.0,0.0,1.7562723,0.29468605,0.0,0.7484118,1.1002367,0.0,0.0,0.0,1.2914509,0.0
1.1883929,1.484469,1.3328705,0.0,1.3683019,0.0,0.0,1.0036355,0.7944554,1.4027835,1.5319479,1.2394979,0.0,1.651276,0.0,2.4317207,0.0,0.41437766,0.0,0.0,0.0,1.5339322,1.3017335,0.0,1.1818146,1.0504988,0.0,1.2292902,1.0727495,0.0,0.0,0.13846943,2.3475566,0.0,0.4255492,1.6735324,1.9175986,0.0,0.7350371,0.59901595,1.3547434,1.1280968,0.0,0.647885,0.0,0.6819573,0.0,1.2218907,2.2298715,2.1972256,0.0,0.88476557,0.0,1.187235,0.0,0.0,2.0683377,0.0,0.0,1.892681,0.0,0.0,0.0,1.9862108,0.10620444,0.832852,1.6003137,1.0023507,0.0,0.909753,1.3541467,0.9823525,1.3083609,0.107448526,0.0,0.042290386,1.4230853,0.0,3.098892,1.5929015,1.8940446,1.0166448,0.54521114,2.2686515,0.0,0.0,0.7012675,0.0,1.3725905,0.0,1.444741,1.7571436,1.9740677,1.3139545,1.7940817,0.3651086,0.0,1.9540908,0.0,0.0,0.0,0.0,0.4843324,0.0,0.0,0.0,0.0,1.0145049,0.0,0.0,1.3053117,2.2404447,0.0,0.0,1.6507608,0.0,0.5782753,0.0,0.0,1.7363536,0.0,0.6372401,1.5200926,0.0,0.0,1.3779562,0.8535723,0.0,0.0
0.0,0.0,0.0,0.0,0.0,0.40742332,0.26382062,0.0,0.16654107,0.0,0.0,0.0,0.0,0.0,0.3064277,0.9742564,0.0,1.1716485,0.0,0.27956963,0.33610907,0.0,0.0,0.0,0.72046465,0.0,0.0,0.86271393,0.0,0.30431327,0.0,0.0,0.0,0.0,0.0,0.0,0.14995821,0.25278032,0.0,0.0,0.0,0.45889527,0.37173495,0.0,0.0838377,0.0,0.0,0.36295295,0.0,0.0,0.0,0.0,0.0,0.0,0.0,0.0,0.86073333,0.0,0.69202375,0.28033078,0.0,0.64579254,0.0,0.0,0.0,0.029780524,0.0,0.0,0.0,0.0,0.0,0.0,0.0,0.0,0.0,0.0,0.0,0.7933241,0.54823893,0.0,0.0,1.009881,0.0,0.7812168,0.6702911,0.0,0.0,1.1736478,0.0,0.0,0.0,0.0,0.0,0.0,0.0,0.0,0.0,0.4749524,0.0,0.9812393,0.0,0.5585541,1.0059409,0.0,0.0,0.0,0.4762013,0.0,0.0,0.6438297,0.0,0.0,0.22997697,0.0,0.0,0.0,0.108765766,0.66745496,0.34694135,0.0,0.39320317,0.0,0.50277436,0.41556314,0.83013505,0.0,0.0,0.0,0.0
0.24626477,1.9329062,0.87820756,0.5532856,0.6870822,0.0,0.0,0.0,0.65402186,1.4111344,0.0,0.73667616,0.3475915,0.66674244,0.0,1.762657,0.0,0.8388268,0.7655142,1.4259849,0.0,0.40239525,0.0,0.35467803,0.91982085,1.2825596,0.0,0.76048994,1.3205651,0.0,0.0,0.0,0.0,0.0,0.030391596,0.82007605,0.7971912,0.0,0.6196977,0.2737175,0.5328476,0.8404682,0.0,0.0,0.0,0.0,0.0,0.7076973,0.92679894,1.4906634,0.051569503,0.0,0.0,0.0,0.0,0.0,1.74681,0.50445634,0.0,0.97342914,0.01771135,0.0,0.5233593,0.0,0.0,0.0068298904,0.70793164,0.0,0.48421887,0.0,2.5059216,0.0,2.4564133,0.8509415,0.0,0.34564936,1.6722465,0.0,0.47755355,0.66449094,2.3184028,0.26187083,0.8359353,1.4908991,0.7496706,0.6023196,0.0,0.50076705,0.76787984,0.84707445,0.90765655,0.81618506,0.0,2.2644732,0.0,0.67046326,0.6168929,0.9347801,0.0,1.0873432,0.0,0.0,0.9068074,0.0,0.0,0.0,0.0,0.0,0.0,0.0,0.0,0.39970285,0.0,0.7535908,1.2353873,0.0,0.0,0.0,0.0,0.0,0.0,1.4511185,0.9895176,0.0,0.0,0.52215934,2.0275924,0.0,0.0
0.0,1.3071125,0.056055874,1.5296701,0.36387032,0.0,0.0,0.0,0.88492316,1.2683643,0.0,0.20117845,0.7147482,0.10116485,0.0,1.1576629,0.782907,0.34485415,0.18787047,0.21106924,0.0,0.0,0.0,0.48438323,0.0,0.6357306,0.7341129,0.0,0.5514815,0.0,0.76930386,0.0,0.0,0.028753622,0.0,1.3386258,0.73516864,0.0,1.3499197,0.0,0.0,0.9706746,0.0,0.0,0.0,0.0,0.0,0.0,0.7926165,1.1506364,0.0,0.0,0.7038504,0.0,0.8104777,0.65495,1.1502424,1.0001566,0.0,1.0416583,1.0141416,0.0,0.8301603,0.0,0.5965259,0.0,0.17074186,0.0,0.9702275,0.0,1.9507922,0.033619482,1.6417576,1.2036127,0.0,0.93466896,0.7374134,0.0,0.9764667,1.4766414,0.6820209,0.0,1.2134496,1.0112101,0.0,1.262216,0.9421597,0.13898574,0.8741469,1.4087191,0.56301075,1.3109848,0.0,1.5770372,0.0,1.5167974,1.004051,0.9349248,0.16481456,0.0,0.9010682,0.0,0.0,0.305936,0.25784913,0.67003614,0.0,0.2644032,0.22127214,0.0,0.0,0.0,0.0,1.0585047,0.6938524,0.9874,0.0,0.0,0.0,0.0,0.0,1.9761298,0.0,0.0,0.0,1.1827762,0.6530134,0.4976559,0.0
0.14606225,1.844684,1.1888093,1.3454944,1.1435934,0.0,0.0,0.0,0.55215406,2.470147,0.0,1.2870865,1.3081812,1.0779728,0.0,0.87512594,0.01862772,0.15408105,1.6398909,1.154137,0.0,0.102268085,0.0,0.23869397,0.0,1.894969,0.1326629,0.0,1.8702812,0.0,0.44967294,0.0,0.045557152,0.0,0.9950319,1.6024039,1.3782008,0.0,1.2151275,0.0,0.9430384,0.4266575,0.0,0.079530224,0.0,0.2058651,0.0,1.0006301,1.2728083,0.9260974,0.7187583,0.0,0.4503276,0.0,0.20024608,0.0,1.1003245,1.1201247,0.0,1.1796271,0.9753164,0.0,0.97480285,0.0,0.0,0.9171059,0.48039705,0.0,1.0815535,0.0,2.209824,0.0,2.6392174,1.2019669,0.0,0.74619836,1.9924034,0.0,0.24178548,1.4152012,1.5691072,0.0,1.3577697,0.6936685,0.7820884,1.3496889,0.5231176,0.40048215,0.8015948,0.98273945,1.141086,0.78788394,0.0,2.312693,0.0,1.2113854,1.227488,1.4071412,0.0007127854,0.123986654,0.4438588,0.0,0.0,0.0,0.0,0.0,0.0,0.0,0.42283085,0.0,0.0,0.41921917,0.0,1.2933593,1.9368163,0.1683912,0.0,0.0,0.0,0.0,0.0,2.5424287,0.98107296,0.0,0.0,1.1053319,1.6113919,0.0,0.0
0.0,0.0,0.0,0.0,0.0,1.1490136,0.8863682,0.0,0.44197416,0.0,0.0,0.0,0.0,0.0,0.6387565,0.97392184,0.0,1.0282338,0.021598525,0.05937062,0.98253655,0.0,0.0,0.0,0.72067416,0.32947975,0.0,0.7617827,0.28643614,0.9622299,0.0,0.0,0.0,0.0,0.0,0.0,0.41603914,0.45025018,0.0,0.0,0.0,0.7284311,0.0,0.0,0.0,0.0,0.065983675,0.40323228,0.27104723,0.0,0.3086364,0.0,0.0,0.0,0.0,0.0,0.94958967,0.0,1.1160561,0.4722263,0.0,0.8732119,0.0,0.0,0.0,0.0,0.0,0.0,0.0,0.0,0.04500053,0.0,0.0,0.0,0.49713343,0.0,0.0060581462,1.0252264,0.37649548,0.0,0.30860135,1.2467387,0.0,0.79806703,0.8071003,0.0,0.0,1.1015145,0.0,0.0,0.0,0.24842286,0.0,0.0,0.0,0.0,0.0,0.73206544,0.0,0.8982702,0.0,1.1023911,1.0351123,0.0,0.0,0.0,1.0955232,0.0,0.0,1.0658314,0.0,0.0,0.0,0.0,0.2344276,0.0,0.24120471,1.1752503,0.48829743,0.0,1.1727116,0.0,0.6239841,0.0,1.2091088,0.0,0.31698862,0.0,2.0
0.791925,0.7130076,0.79536974,0.0,0.3802483,0.22807355,0.0,0.0,0.0,0.28725326,0.0,0.5457727,0.0,0.7078751,0.44258568,0.0,0.0,0.0,0.6423344,0.0,0.0,0.6345773,0.3206615,0.32154897,0.0,0.39936298,0.3553027,0.43786865,0.74843687,0.18744327,0.5640332,0.47958952,0.0,0.0,0.0,0.24980713,0.17965354,0.0,0.012957234,0.0,0.7672022,0.0,0.0,0.0,0.11620012,0.18945572,0.0,0.36221352,0.26772866,0.5155094,0.48894566,0.7063974,0.71280724,0.22540312,0.41809985,0.0,0.085269384,0.0,0.0,0.02520464,0.0,0.39351776,0.0,0.39125016,0.5211367,0.51696086,0.4897354,0.5068993,0.0,0.05090407,0.60408336,0.5847404,1.0195068,0.025653446,0.0,0.0,1.1329236,0.0,0.23618005,0.20224443,0.59598386,0.0,0.26696116,0.0,0.5496657,0.0,0.13641565,0.0,0.11706005,0.0,0.25797597,0.0,0.0,0.9594826,0.0,0.61559,0.0,0.13587797,0.0,0.0,0.20448859,0.0,0.0,0.33653525,0.38238984,0.32736263,0.5281585,0.6311255,0.7799267,0.0,0.86429083,0.11821298,0.0,0.0,0.40479243,0.09599859,0.10306959,0.56305516,0.0,0.38914764,0.0,0.0,0.2982353,0.0,0.0,0.4770011,0.58899474,0.0,0.0
1.4982468,1.0601934,1.9712095,0.0,0.0,1.1968653,0.5801179,0.0,0.121634535,0.8596667,0.0,0.58847505,0.0,0.0,1.3778882,0.0,0.0,0.0,0.5223649,0.0,0.81022835,0.0,0.0,0.60205466,0.0,1.4421916,0.23445317,0.25379655,2.2498655,1.2296679,0.72569793,0.344656,0.054443065,0.0,0.3954845,0.3947816,0.6562957,0.9826075,0.024532814,0.0,1.8058958,0.16518193,0.0,0.40309197,0.0,0.5018969,0.0,0.0,0.6258149,0.0,1.3345243,1.3746842,0.0,0.0,0.026934545,0.0,0.0,0.0,0.36991745,0.28429002,0.016923537,1.1814468,0.0,0.08792194,1.1993893,1.1631955,0.0,0.91418254,0.0,0.0,0.0,0.96782833,1.0148076,0.0,0.6193829,0.0,1.9608259,0.0,0.0,0.24462694,1.3810477,0.0,0.0,0.0,0.9658685,0.0,0.12409499,0.0,0.12760922,0.0,0.44421342,0.0,0.0,0.71092224,0.0,0.041164298,0.0,0.09786478,0.0,0.13288127,0.88570297,0.6689821,0.0,0.3816353,0.0,0.0,1.3254704,1.0458376,1.3531561,0.26930213,1.1293464,0.0,0.0,0.0,1.1215363,0.32043213,0.59254473,1.3262929,0.85713196,0.0,0.985674,0.6981238,0.0,0.0,0.27415583,0.23174307,1.6806926,0.0,0.0
0.0,0.819497,0.0,0.17023958,0.5820198,0.4061164,0.0,0.0,0.1734732,0.70889276,0.0,0.32180515,0.25563025,0.81295186,0.29289868,1.079464,0.0,0.17793098,0.68190134,0.06260731,0.0,0.8800384,0.0,0.13616125,0.07565179,0.87867105,0.0,0.044294395,1.0194155,0.10548618,0.0,0.0,0.0,0.0,0.18547752,0.6750185,0.48298565,0.0,0.41381845,0.0,0.0,0.60948163,0.0,0.0,0.0,0.08982561,0.042640317,0.09035239,0.63549984,1.4941247,0.5534705,0.0,0.08313686,0.0,0.0,0.0,0.8715362,0.09372293,0.12177076,0.59019786,0.09903461,0.010282763,0.0,0.0,0.0,0.06717672,0.7308804,0.0,0.07844157,0.0,1.6312963,0.0,1.3928332,0.24419722,0.34550264,0.050720956,0.55512935,0.0,1.0114869,0.88153636,1.563028,0.40250555,0.2800734,0.8165968,0.47230518,0.21505001,0.37288025,0.315865,0.7236488,0.28858358,0.13968799,0.60266554,0.0,1.334297,0.0,0.5036773,0.0,0.5540549,0.0,0.15549952,0.0,0.0,0.25437203,0.01518683,0.0,0.0,0.44002247,0.0,0.0,0.15385841,0.0,0.0,0.0,0.423273,0.7051038,0.0,0.5682128,0.7045383,0.045497958,0.0,0.43260196,0.8485374,0.0,0.0,0.17862871,0.7753681,1.2282196,0.0,1.0
0.0,0.29149774,0.0,0.0,0.0,1.6496979,1.6626282,0.0,2.5824993,0.0,0.0,0.0,0.0,0.0,0.0,1.523686,0.5712281,1.1356635,0.0,0.0,1.9932095,0.0,0.0,0.0,0.16792955,0.90415615,0.0,0.0,0.6283302,1.2082175,0.0,0.0,0.0,0.0,0.0,0.69665664,1.4255399,0.0,0.87939966,0.0,0.0,2.8645144,0.0,0.0,0.0,0.0,0.42792976,0.26291722,1.3197296,0.0,0.0,0.0,0.0,0.0,0.0,1.3452958,1.5426258,0.0,1.8889122,1.7279547,0.0,0.064070076,0.0,0.0,0.0,0.0,0.0,0.0,0.0,0.0,0.0,0.0,0.0,0.0,1.2367026,0.0,0.2923823,2.6432304,1.7205333,1.0160832,0.30122206,2.663072,0.0,1.6442366,0.03508306,0.0,1.5854447,0.69976157,0.45350748,0.23499529,0.0,2.44799,0.0,0.0,0.0,0.0,0.0,1.7917329,0.0,0.6320251,0.0,2.3402486,0.78708196,0.0,0.0,0.15004091,1.0667958,0.0,0.0,2.8879356,0.0,0.0,0.0,0.0,0.48865107,0.20096181,0.0,0.65741265,0.0,0.0,1.7887143,0.19999197,0.751659,0.18448834,2.6025195,0.59613734,0.99740136,2.1253505,0.0
0.0,0.0,0.0,0.0,0.0,1.6081251,1.661006,0.0,2.6566825,0.0,0.0,0.0,0.0,0.0,0.0,1.0776856,0.9756393,1.222906,0.0,0.006192963,1.9813,0.0,0.0,0.0,0.015979882,0.5690008,0.0,0.0,0.32387498,1.2067968,0.0,0.0,0.0,0.0,0.0,0.26407757,0.9621058,0.0,0.5404621,0.0,0.0,2.7138205,0.0,0.0,0.0,0.0,0.6120758,0.41124782,0.7523413,0.0,0.0,0.0,0.013910689,0.0,0.0,1.5145551,1.0636562,0.0,1.8311374,1.2784169,0.0,0.022749115,0.0,0.0,0.0,0.0,0.0,0.0,0.0,0.0,0.0,0.0,0.0,0.0,1.3309822,0.0,0.0,2.7110465,1.3862809,0.6144135,0.0,2.493459,0.0,1.2749509,0.06841048,0.0,1.4579763,0.7986133,0.0935027,0.4802816,0.0,2.3934243,0.0,0.0,0.0,0.0,0.0,1.3295547,0.0,0.47208965,0.0,2.2927444,0.72189426,0.0,0.0,0.3951424,1.0432916,0.0,0.0,2.7082193,0.0,0.0,0.046408344,0.0,0.041276854,0.31790698,0.0,0.5631307,0.0,0.0,1.7461089,0.0,0.7651294,0.44709945,2.5365555,0.27128556,0.6818283,2.5585759,0.0
0.0,0.0,0.0,1.270478,0.0,0.0,0.0,0.0,0.95143706,0.16529791,0.0,0.0,0.59471405,0.0,0.0,0.0,0.72242934,0.0,0.55649513,0.0,0.0,0.0,0.41092288,0.0,0.0,0.14776449,1.7255559,0.0,0.0,0.0,1.7681087,1.5567162,0.0,0.36067653,0.21049751,0.43160653,0.27035886,0.0,0.2366972,0.0,0.0,0.22533259,0.030197069,0.0,0.0,0.49265876,0.28181395,0.0,0.17173426,0.0,0.00911585,0.8211181,1.4334186,0.35380203,1.6816474,0.44355938,0.0,0.60664505,0.0,0.30608606,1.2529904,0.0,0.5702303,0.49445397,1.3233602,0.0,0.0,0.9557557,0.38057363,0.656983,0.0,0.8418339,0.055232473,0.1602244,0.0,0.26821643,0.0,0.0,0.0,0.5725004,0.0,0.0,0.41015947,0.0,0.0,1.1104879,1.4228377,0.0,0.34437478,1.1835496,0.0,0.9134745,0.06883548,0.104329616,0.0,1.3055286,0.73461145,0.34190062,1.3122948,0.0,1.5118107,0.0,0.0,1.710157,1.4616019,1.7000571,0.0,0.93244076,1.5482019,0.0,0.7483261,0.0,0.0,0.8754498,0.19316837,1.3832829,0.0,0.0,0.0,0.6736735,0.0,0.7436216,0.0,0.0,0.0,0.581354,0.0,1.2381381,1.0
0.0,0.4420307,0.0,0.61449057,0.0,0.0,0.0,0.0,0.88260853,0.8998396,0.0,0.0,0.0,0.0,0.0,0.4813004,0.0,0.0,0.0,0.0,0.19031397,0.0,0.0,0.0,0.0,0.6796096,1.47474,0.0,0.42198387,0.04046446,1.397116,0.8955209,0.0,0.02808864,0.0,1.6150783,1.3394843,0.0,1.2399888,0.0,0.0,0.8849461,0.0,0.0,0.0,0.26228505,0.0,0.0,1.5161839,0.0,0.0,1.0524818,0.847899,0.0,1.4228367,0.0,0.78409016,0.0,0.072626956,1.4938258,0.52967787,0.0,0.0,0.23472491,1.2422196,0.0,0.0,1.0837595,0.0,0.0,0.0,1.1453978,0.26342854,0.0,0.0,0.0,0.5617949,0.0,0.8328562,1.7483207,0.0,0.0,0.0,0.52590674,0.0,0.14353715,1.9779427,0.0,1.1476936,0.32991058,0.0,1.2592067,0.0,0.0947281,0.0,0.92131793,0.0,1.5324774,0.64144576,0.0,0.7867585,0.21935202,0.0,1.1029488,1.0571401,1.3587329,0.0,1.0011622,1.0078757,0.060680106,1.0267425,0.0,0.0,0.0,1.0611669,1.3582813,0.0,0.0,0.0,0.3560331,0.03743148,0.97412,0.0,0.0,0.0,1.4216903,0.0,0.24741952,0.0
0.0,0.0,0.0,1.530565,0.0,0.0,0.0,0.0,0.88348055,0.0,1.0311095,0.0,1.5182753,0.0,0.0,0.0,1.4766604,0.8857583,1.3382614,2.0516143,0.0,0.0,0.74072176,0.69525987,0.0,0.0,0.53494704,0.0,0.0,0.0,0.69621277,0.3524018,0.03520669,0.2159323,0.18688641,0.0,0.0,0.0,0.0,0.3512771,0.0,0.0,0.68812406,0.0,0.16752909,0.0,0.0,1.6289697,0.0,0.0,0.2743191,0.0,1.6442424,0.4876398,0.6439785,0.69383633,0.0,1.6015238,0.0,0.0,0.95078695,0.0,1.6542883,0.0,0.15475541,0.0,0.0,0.0,1.3467697,1.2858089,0.8677245,0.0,0.8804007,1.3425949,0.0,1.1095725,0.0,0.0,0.0,0.0,0.0,0.0,1.6192365,0.0,0.5479051,1.6969714,0.0,0.78277254,0.0,2.0893466,0.0,0.4292187,0.9891299,1.2128601,0.0,1.4314572,1.9920746,0.0,0.21180665,0.0,0.9447278,0.0,0.0,0.47691923,0.6316261,0.742435,0.0,0.0,0.580473,0.0,0.0,0.10759356,0.046136558,1.7470486,0.0,0.24825409,0.0,0.0,0.0,0.0,0.0,0.0,1.3335024,0.0,0.0,0.0,0.0,1.1410812,0.0
0.06066186,0.0,0.13801204,0.9726737,0.03147164,0.0,0.0,0.62371373,0.42600965,0.0,2.5498817,0.0,0.88662523,0.13002333,0.0,0.0,0.2811001,0.0,0.087724,0.2960938,0.0,0.0,2.7054632,0.0,0.0,0.0,0.65010136,0.0,0.0,0.0,1.2650354,2.0239537,2.6267035,0.30274084,1.4919181,0.0,0.0,0.0,0.0,0.3571807,0.4287086,0.0,0.639274,0.3200384,0.5620298,1.366059,0.0,1.3362142,0.0,0.0,0.3597286,1.3739014,1.271247,2.2679663,0.81459975,0.38508612,0.0,1.1138351,0.0,0.0,0.6415049,0.0,0.95493716,2.6654484,1.2254411,0.33731952,0.0,1.6245048,1.1678708,2.7164705,0.0,1.1723673,0.07569503,0.8458036,0.0,0.95479065,0.0,0.0,1.0820009,0.0,0.0,0.0,1.4798837,0.0,0.0,0.8098632,0.22401366,0.0,0.032748964,0.47532988,0.0,0.5326131,2.9955637,0.4461654,1.6138635,1.2628721,1.2804649,0.0,0.8210119,0.0,0.7104731,0.0,0.0,1.6131519,0.8342558,0.5871949,0.0,1.7599341,1.4518932,0.0,1.6091373,2.1169145,0.45997185,0.17363364,0.0,0.0,0.0,0.0,0.0,2.7979548,0.0,0.0,1.0804162,0.1552147,0.0,0.2570735,0.0,0.2019891,0.0
0.0,0.0,0.0,1.1568677,0.0,0.0,0.0,0.0,1.074164,0.0,0.23257986,0.0,0.91371185,0.0,0.0,0.0,1.2840704,0.8746854,1.0270342,1.5186694,0.0,0.0,0.36824447,0.11656921,0.0,0.0,0.61376923,0.0,0.0,0.0,0.6276353,0.2719441,0.0,0.19063313,0.0,0.0,0.0,0.0,0.0,0.0,0.0,0.23484246,0.46672007,0.0,0.10632792,0.0,0.0,1.0540447,0.0,0.0,0.03179158,0.0,1.4529117,0.15856,0.7590832,0.6389788,0.0,0.9281619,0.0,0.0,0.7946314,0.0,0.9985296,0.0,0.010487405,0.0,0.0,0.0,0.66072375,0.67596465,0.31793085,0.0,0.3371512,0.5779168,0.0,0.46368268,0.0,0.0,0.0,0.0,0.0,0.0,0.8107334,0.0,0.3608612,1.3212899,0.06682907,0.78010154,0.0,1.9438312,0.0,0.68459696,0.30620137,0.61309695,0.0,1.0714841,1.2944317,0.0,0.43097746,0.0,0.79828537,0.0,0.0,0.48617306,0.7902448,1.0132937,0.0,0.0,0.47297713,0.0,0.0,0.0,0.080069534,1.48183,0.0,0.6255312,0.0,0.0,0.0,0.0,0.0,0.0,0.9275207,0.0,0.0,0.0,0.0,1.4265871,0.0
0.15431927,0.0,0.0,0.02920687,0.0,0.72591907,0.48657322,2.5186694,1.4325564,0.0,1.078097,0.0,0.0,0.0,0.0,0.12918292,0.0,0.0,0.0,0.0,1.2040598,0.12621953,2.8169572,0.0,0.0,0.3504936,0.0,0.0,0.0,0.5226743,0.28842333,1.5849223,2.663244,0.0,1.4135529,0.9473294,1.1464429,0.0,0.0,0.0,0.0,1.289986,0.0,0.0,1.6008708,1.3932202,0.9303906,0.0,1.382066,0.6686503,0.63289034,2.0290802,0.0,2.6877508,0.0,1.820937,0.0,0.23495528,0.34696394,0.99328053,0.19053915,0.0,0.0,3.7653053,0.34465688,0.03109807,0.16765374,2.527527,0.0,1.6299671,0.0,1.8557692,0.0,0.0,0.961472,0.0,0.0,1.8652866,2.091993,1.2829772,0.67255163,1.536279,0.0,0.5421965,0.0,0.102739364,1.5038538,0.0,2.216884,0.0,0.0,2.0031126,1.9688165,0.0,1.255688,0.20601308,0.0,0.65933186,0.9872763,0.0,0.0,1.2991225,0.0,1.5537729,0.0,0.0,0.15129246,1.1916667,0.73500514,1.5994111,1.2754328,0.8226499,1.2942837,0.0,0.6101163,0.0,0.6641667,0.0,0.0,3.347049,0.7937248,0.0,0.0,1.1887302,1.7016653,0.9808803,0.0,2.2362826,1.0
2.9658096,0.0,2.4308105,0.0,2.4594235,0.0,0.6733096,4.8366513,0.0,0.0,2.9650545,1.8102777,0.0,2.323068,0.0,0.0,4.357111,0.4492776,0.0,0.0,0.0,3.4229903,2.9896274,3.2629893,3.122793,0.0,0.0,0.0,0.0,0.0,0.0,0.0,2.7600896,1.9818794,0.0,0.0,0.0,0.0,0.0,4.5256085,0.18532583,0.0,2.883509,1.6577907,3.6518946,0.0,0.0,0.0,0.0,2.0441344,0.0,0.0,0.0,3.1784122,0.0,4.615039,0.0,0.0,0.0,0.0,0.0,0.0,0.0,1.1228786,0.0,0.0,3.2142835,0.0,0.622387,0.7448284,0.0,0.0,0.0,1.278991,0.0,1.5521016,0.0,0.0,0.40668613,0.0,0.0,0.0,1.0834734,0.0,0.0,0.0,0.0,0.0,1.8263878,0.0,2.3587222,0.0,2.0165524,0.0,5.1104093,0.0,0.0,0.0,0.0,0.22275987,0.0,0.0,1.1657287,0.0,0.0,0.0,0.0,0.7405205,0.0,0.0,0.6942415,2.6399179,3.7241154,0.0,0.0,0.0,0.0,0.0,0.33818147,1.4185166,0.0,0.0,0.6653795,3.397057,0.0,0.0,0.0,0.78751594,0.0
0.0,0.0,0.0,1.7642201,0.0,0.0,0.0,0.0,0.0,0.023917627,0.0,0.0,1.1170188,0.0,0.0,0.0,0.015363777,0.0,0.0,0.0,0.0,0.0,0.0,0.0,0.0,0.0,1.788057,0.0,0.0,0.0,1.9691464,1.9613917,0.0,1.0631295,0.16013223,0.6397588,0.33978298,0.0,0.96062255,0.0,0.0,0.0,0.0,0.0,0.11740526,1.0572462,0.8494442,0.0,0.4077527,0.0,0.0,1.6847177,1.0069103,0.0,1.8325804,0.37023568,0.0,1.0284063,0.0,0.2465913,2.020966,0.0,0.88246363,0.8700859,2.236848,0.0,0.0,1.4094795,0.84027237,0.0,0.0,1.8444815,0.0,0.58290917,0.31735805,0.7886553,0.0,0.0,0.27882907,0.7864182,0.0,0.0,0.62634045,0.0,0.0,1.4382998,1.3308794,0.0,0.9969398,1.6213647,0.12667322,0.006149153,0.0,0.0,0.0,1.9196842,0.7533384,0.10335102,1.1020838,0.0,2.3882225,0.0,0.0,2.0942988,1.6491743,1.7407109,0.0,2.0701268,1.6375145,0.0,1.7422565,0.0,0.0,1.1491292,0.03937103,2.0136018,0.0,0.0,0.0,0.8885424,0.0,0.2701346,0.0,0.0,0.0,1.1930364,0.0,0.4290691,1.0
0.0,0.0,0.0,0.0,0.35701507,0.0,0.0,0.6372065,0.0,0.0,1.8475398,0.2589241,0.0,0.36898547,0.8108968,0.0,0.30352074,0.828421,0.0778743,0.22254822,0.0,0.3271975,1.2326063,0.22029835,0.83637017,0.0,0.0,0.93233,0.0,0.0,0.0,0.0,0.52464074,0.6508437,0.0,0.0,0.0,0.8509248,0.0,1.1815033,0.44419894,0.0,1.8066964,1.7176063,1.5639837,0.0,0.086069085,0.54900175,0.0,0.08517991,0.0,0.0,0.26593354,1.1109831,0.0,0.0,0.0,0.0,0.0,0.0,0.0,0.6584487,0.0,0.0,0.0,1.4419749,0.14618787,0.0,0.0,1.4584577,0.0,0.0,0.0,0.0,0.0,0.25227594,0.0,0.0,0.0,0.0,0.0,0.0,0.0,0.0,0.07572332,0.0,0.0,0.7190484,0.0,0.0,0.0,0.0,1.750915,0.0,1.420975,0.0,0.08594016,0.0,0.6192049,0.03660055,0.0,0.0,0.8339628,0.0,0.070583366,0.0,0.0,0.0,0.0,0.0,0.0,1.0352702,1.6075119,0.0,0.0,0.0,0.5041505,0.20272689,0.85235876,1.0764594,0.0,0.0,0.40815738,1.6107584,0.0,0.0,0.0,0.0,0.0
0.44953874,0.0,0.0,0.0,0.0,1.1426988,1.4463614,2.951793,2.6983697,0.0,2.7366135,0.0,0.0,0.0,0.0,0.0,1.2826371,0.0,0.0,0.0,2.0994406,0.0,4.3981647,0.0,0.0,0.0,0.5093038,0.0,0.0,1.2896584,0.8215847,2.7289865,2.462612,0.037712302,0.34107104,0.1723387,0.73794943,0.0,0.0,0.0,0.0,2.2771199,0.27578446,0.0,2.525887,0.72803605,0.54304004,0.0,0.784707,0.0,0.12812386,2.1005912,0.121818416,4.179415,0.5468982,2.979903,0.0,0.0,0.5012215,0.4669553,0.0,0.0,0.0,3.9052863,0.848319,0.0,0.0,2.550965,0.0,3.4504693,0.0,2.2646441,0.0,0.0,1.6670389,0.0,0.0,3.3268251,2.5365605,0.54088974,0.0,2.1186326,0.0,0.048377153,0.0,0.0,2.409446,0.0,1.0518501,0.0,0.0,3.1582334,3.7463255,0.0,2.2405736,0.0,0.0,0.3291329,1.0795499,0.0,0.0,1.9700571,0.0,2.3638632,1.0766671,0.8495061,0.5466972,1.5986279,1.222232,1.8801198,1.4761963,0.52621853,2.427853,0.0,0.0,0.0,0.0,0.0,0.0,4.6037335,1.2789783,0.0,0.2599928,2.393796,2.5351062,0.293273,0.0,4.019508,1.0
0.2515325,0.0,0.27508613,0.5975362,0.12515648,0.0,0.0,1.0226907,0.24453548,0.0,2.9834604,0.11393175,0.5764126,0.27345797,0.0,0.0,0.17690077,0.0,0.0,0.0,0.0,0.061989184,2.999985,0.0,0.0,0.0,0.475518,0.2167165,0.0,0.0,1.091021,2.0840633,3.1659615,0.26947048,1.5431263,0.0,0.0,0.0,0.0,0.5836868,0.5385054,0.0,0.78926724,0.90596,0.8374161,1.5695553,0.0,1.3086243,0.0,0.0,0.5984684,1.6982973,1.0303597,2.5862586,0.55211014,0.29365793,0.0,0.84335595,0.0,0.0,0.2859461,0.0,0.72591513,3.024006,1.1495211,0.7909523,0.057034075,1.9138659,0.96830523,3.1040077,0.0,1.420871,0.0,0.6173583,0.0,0.7875666,0.0,0.0,0.9486062,0.0,0.0,0.0,1.2880958,0.0,0.0,0.45049873,0.0,0.0,0.034266513,0.0,0.052013654,0.30042523,3.4401596,0.12048493,2.1382763,0.84789944,1.0454695,0.0,0.74282694,0.0,0.45347717,0.0,0.0,1.584266,0.6121621,0.24066474,0.0,1.9333367,1.3231969,0.0,1.8781273,2.6614985,0.7599252,0.0,0.0,0.0,0.0,0.0,0.0,3.2750654,0.0,0.0,1.1121831,0.49783805,0.0,0.064499915,0.0,0.056283373,0.0
0.0,0.0,0.0,1.8152516,0.0,0.0,0.0,0.0,0.0,0.0,0.012800229,0.0,2.0425432,0.0,0.0,0.0,0.5642813,0.0,1.6005963,1.1835433,0.0,0.0,1.211452,1.1203305,0.0,0.0,1.5870692,0.0,0.0,0.0,2.1112056,2.2466881,0.31712735,0.8382597,1.2266711,0.0,0.0,0.0,0.0,0.0,0.0,0.0,1.0455042,0.0,1.671822,1.2897608,0.0,0.0,0.0,0.0,0.5592573,1.3424975,2.02539,0.99802387,1.4430318,0.47378272,0.0,2.0956597,0.0,0.0,1.8118169,0.0,2.173435,1.3075725,1.8384954,0.0,0.0,1.3522098,1.7355618,1.0421765,0.23205784,1.229682,0.5398607,1.6204531,0.0,1.5268098,0.0,0.0,0.0,0.0,0.0,0.0,1.9553615,0.0,0.0,1.9340457,0.0,0.0,0.0,2.0143354,0.0,0.0,0.10249915,0.6191322,0.0,2.0973258,1.8906639,0.0,1.6734866,0.0,2.4815652,0.0,0.0,2.0754826,1.5171225,1.1983318,0.0,1.5099478,2.2269566,0.0,1.5256993,0.0,0.85896236,1.8931938,0.0,1.1898425,0.0,0.0,0.0,1.1141603,0.0,0.0,0.0,0.07564793,0.0,0.0,0.0,0.18177545,0.0
0.0,0.0,0.0,2.163589,0.0,0.0,0.0,0.21793671,0.0,0.0,0.0,0.0,1.5449023,0.0,0.0,0.0,1.1150222,0.0,0.0,0.0,0.0,0.0,0.63382393,0.45075628,0.0,0.0,1.5111443,0.0,0.0,0.0,1.8873669,2.1465073,0.0997096,1.4074764,0.34722066,0.0,0.0,0.0,0.0,0.0,0.0,0.0,0.5869165,0.0,0.7052557,0.9237347,0.80223745,0.0,0.0,0.0,0.0,1.0532706,1.3227184,0.6590602,1.555118,1.102013,0.0,1.5515963,0.0,0.0,2.162339,0.0,1.3960966,1.0942899,1.8872788,0.0,0.0,1.016911,1.369249,0.38941276,0.009587651,1.2790556,0.0,1.0923722,0.29098636,1.2133679,0.0,0.0,0.0,0.0,0.0,0.0,1.1437637,0.0,0.0,1.9553506,0.74677366,0.0,0.74947506,2.1322281,0.0,0.0745214,0.117930226,0.0,0.0,2.017186,1.3266865,0.0,1.8377694,0.0,2.5726175,0.0,0.0,2.2425706,1.6112455,1.5943316,0.0,1.7902447,1.5355562,0.0,1.3639954,0.0,0.5901797,1.5932392,0.0,1.4696482,0.0,0.0,0.0,1.0061132,0.0,0.2082828,0.0,0.23246634,0.0,0.27468377,0.0,1.3213497,0.0
0.35632703,0.0,0.88440245,0.5700936,0.24017613,0.0,0.0,0.0,0.0,0.5148916,0.0,1.0922935,0.75282174,0.15034544,0.0,0.6125488,0.0,0.0,0.0,0.0,0.0,0.28970557,0.0,0.15000205,0.0,0.0,0.0,0.0,0.0,0.0,0.425565,0.0,0.0,1.701094,0.9202491,1.0478444,0.47538868,0.0,1.0842277,0.0,0.0,0.0,0.0,0.40009493,0.0,0.61544603,0.0,0.0,0.77214724,0.0,0.0,0.79383665,0.0,0.0,0.0,0.0,0.70296377,0.7876313,0.0,0.73588306,1.0959239,0.0,0.683231,0.0,1.5503635,0.0,0.3423348,0.23843734,1.2379737,0.0,0.0,1.0961435,0.0,0.9654886,0.0,1.150709,0.3101798,0.0,0.19131127,0.76839244,0.0,0.0,0.8799102,0.65052384,0.0,0.39644906,0.10208754,0.0,1.3133559,0.074332744,1.1106958,0.0,0.0,0.0,0.0,0.55737704,0.70035267,0.5515471,0.79527646,0.5541639,0.9926088,0.0,0.0,0.0,0.0,0.0,0.0,1.3573383,0.21164769,0.0,1.3555565,0.48379984,0.0,0.20575824,0.13293482,0.7167228,0.0,0.0,0.0,0.0,0.0,0.0,0.0,0.0,0.0,0.72412395,0.0,0.0,0.0
0.0,0.83101904,0.15995568,0.4565833,0.0,0.0,0.0,0.0,0.94364667,0.1941284,0.21870495,0.0,0.34259084,0.0,0.0,1.2164246,0.14917764,0.9919859,0.44379774,1.7310402,0.0,0.0,0.0,0.5387496,0.95745915,0.20251271,0.0,0.6178517,0.20801473,0.0,0.0,0.0,0.2514756,0.0,0.0,0.07921351,0.0,0.0,0.0,0.4724307,0.25133407,0.69664323,0.0,0.0,0.0,0.0,0.0,1.0808779,0.0,0.82023656,0.0,0.0,0.22762045,0.0,0.0,0.2724172,0.9803791,0.7078714,0.0,0.22744492,0.0,0.0,0.7581943,0.0,0.0,0.0,0.13462703,0.0,0.66937816,0.0,1.7449938,0.0,1.5923978,0.95572203,0.0,0.6405527,0.4251684,0.0,0.77796006,0.026598461,1.1550801,0.17180586,0.9857549,1.0234364,0.48301944,0.50678235,0.0,0.5486703,0.22257785,1.0199069,0.2867786,0.9646592,0.35249445,1.6960946,0.12916201,0.6490489,0.9900994,0.020092683,0.0,0.6481931,0.0,0.0,0.7169655,0.0,0.0,0.0,0.0,0.0,0.0,0.0,0.0,0.4770517,0.0,0.66231567,0.05556152,0.0,0.0,0.0,0.0,0.0,0.0,0.19475886,1.2687254,0.0,0.0,0.00041073764,0.96825063,0.12305316,0.0
0.0,0.0,0.0,0.0,0.0,1.3483784,1.2547194,0.0,0.17937674,0.0,0.0,0.0,0.0,0.0,0.7736107,0.45231572,0.0,0.56855315,0.19571593,0.0,1.3445622,0.0,0.0,0.0,0.36883727,0.21565707,0.0,0.48553845,0.09964399,1.1631856,0.0,0.0,0.0,0.0,0.0,0.0,0.28312,0.82621175,0.0,0.0,0.0,0.3393524,0.0,0.0,0.0,0.0,1.0916226,0.0,0.009588619,0.0,0.61222786,0.0,0.0,0.0,0.0,0.0,0.4284388,0.0,1.3609085,0.28387114,0.0,0.92214024,0.0,0.0,0.0,0.13973151,0.0,0.0,0.0,0.0,0.0,0.0,0.0,0.0,1.0821811,0.0,0.0,1.3926724,0.0,0.0,0.013347703,1.1930062,0.0,0.39268175,0.5191548,0.0,0.0,0.59307,0.0,0.0,0.0,0.0,0.0,0.0,0.0,0.0,0.0,0.5519929,0.0,0.62952304,0.0,1.4877614,0.59563696,0.0,0.0,0.0,1.1671058,0.0,0.0,1.3322405,0.0,0.0,0.030020237,0.0,0.1505488,0.0,0.56979555,1.393034,0.78212196,0.0,1.3768535,0.0,0.12693761,0.2487112,1.3822573,0.0,0.0,0.0,0.0
0.7943079,0.0,0.63890684,0.0,0.0,0.0,0.0,2.761731,0.35666135,0.0,2.6455498,0.0,0.0,0.0,0.0,0.0,1.7515807,0.6766959,0.0,1.4362566,0.0,0.023507152,2.5787232,1.8957329,2.8354921,0.0,0.0,0.3447238,0.0,0.0,0.0,0.0,1.4172372,1.7864518,0.0,0.0,0.0,0.0,0.0,3.2383409,0.17458755,0.5023663,1.631631,1.3327812,2.2927241,0.0,0.0,0.0,0.0,1.0689142,0.0,0.0,0.0,2.374412,0.0,2.1581554,0.0,1.1117269,0.0,0.0,0.0,0.0,0.79894346,0.14161058,0.0,0.0,0.24216765,0.0,0.8386541,1.6194081,0.0,0.0,0.0,1.4801215,0.0,1.5211908,0.0,0.804895,0.39522007,0.0,0.0,0.0,1.0101112,0.017053192,0.0,0.0,0.0,0.0,0.0,0.0,0.5950627,0.75323546,2.47969,0.0,2.766974,0.0,1.2556503,0.0,0.21584217,0.27719587,0.0,0.0,1.2903324,0.0,0.0,0.0,0.0,0.0,0.0,0.0,0.0,1.5324004,2.6446936,0.0,0.0,0.0,0.0,0.0,0.0,0.8394589,0.0,0.0,0.0,2.468773,1.093346,0.0,0.0,2.2472012,0.0
0.0,0.0,0.0,0.0,0.49878,0.16116723,0.12580907,0.101774275,0.0,0.24013503,0.0,0.7114042,0.0,0.4326099,0.8033495,1.0425575,0.0,0.0,0.0,0.0,0.007765963,0.32255387,0.0,0.0,0.0,0.052830733,0.0,0.37570983,0.0,0.0,0.0,0.0,0.0,0.5042718,0.18481906,0.62465465,0.6965779,1.2759732,0.68384165,0.0,0.0,0.0,0.0,0.040207315,0.0,0.28683108,1.9571505,0.0,0.7006131,0.021061797,0.0,0.5675134,0.0,0.0,0.0,0.0,0.4328336,0.0,0.8070491,0.762868,0.0,0.56669813,0.0,0.057749294,0.0,0.41588092,0.28262642,0.32261178,0.0,0.0,0.0,0.2241459,0.0,0.0,0.19791111,0.20991887,0.0,0.7956494,0.17743745,0.59398365,0.590192,1.1231256,0.0,1.031867,0.0,0.0,0.0,0.0,0.21139213,0.0,0.24231634,0.0,0.0,0.0,0.0,0.0,0.0,0.8347996,0.8878077,0.26761442,0.0,0.63176566,0.0,0.0,0.0,0.0,0.0,0.0,0.0,0.9803163,0.0,0.0,0.0,0.0,0.635651,0.14895254,1.9370579,1.0138446,1.1070664,0.0,0.059821885,0.0,0.0,0.048983175,0.9529148,0.3133034,0.0,0.0,0.0
0.4760802,1.4958802,0.77992356,0.0,0.13660543,0.005856064,0.0,0.0,1.1208571,1.008493,0.0,0.2455389,0.0,0.3312634,0.0,1.8662707,0.0,0.9709431,0.0,0.6873479,0.0,0.013297357,0.0,0.0,0.764161,1.086051,0.0,0.57116246,1.0917398,0.0,0.0,0.0,0.0,0.0,0.0,0.9561154,1.1758478,0.0,0.77921873,0.0,0.6196965,1.5253516,0.0,0.0,0.0,0.0,0.0,0.76443917,1.3181361,1.0444676,0.0,0.0,0.0,0.0,0.0,0.14560142,1.8721536,0.0,0.31683475,1.3681966,0.0,0.0,0.0,0.0,0.0,0.0,0.361975,0.0,0.0,0.0,1.4146032,0.0,1.4692347,0.0,0.0,0.0,1.4500272,0.0,1.4106405,0.9753961,1.6316779,1.0083758,0.04515408,1.6442231,0.6085107,0.0,0.3494756,0.71249974,0.62792104,0.30222192,0.5890445,1.4479129,0.0,1.4335253,0.0,0.29478675,0.05526936,1.3342024,0.0,0.87189287,0.0,0.031055467,0.8995386,0.0,0.0,0.0,0.0012645839,0.0,0.0,0.6680148,0.0,0.0,0.0,0.0,1.1231377,0.0,0.0,0.0,0.0,0.0,0.19245644,0.78619224,1.2086207,0.0,0.44931683,0.70085645,1.5520526,0.0,0.0
2.5061574,0.0,2.2273881,0.0,1.3003576,0.0,0.0,2.7391815,0.0,0.0,2.3219264,1.6534301,0.0,1.4815154,0.0721711,0.0,2.9293873,0.0,0.0,0.0,0.0,1.7456176,2.2562854,2.7886162,0.42954597,0.0,0.0,0.0,0.0,0.0,0.0,0.526373,0.97102535,1.8782322,0.8375894,0.0,0.0,0.0,0.0,2.3137853,2.2844334,0.0,2.1158214,1.3213637,2.9764926,0.3085989,0.0,0.0,0.0,2.3978953,0.0,0.45687613,0.0,2.846479,0.0,3.0496733,0.0,0.14059539,0.0,0.0,0.0,0.0,0.18480918,0.6928879,0.00972348,0.7212493,1.7841437,0.24641268,0.6237257,1.0288442,0.0,0.88276684,0.0,0.3681671,0.0,1.5675176,0.0,0.0,0.3375809,0.0,0.0,0.0,0.15901412,0.0,0.0,0.0,0.0,0.0,0.0,0.0,1.9455087,0.39106804,1.9018682,0.0,2.2731538,0.0,0.37934524,0.0,0.16436075,0.0,0.0,0.0,0.032005318,0.0,0.0,0.0,0.0,0.7382331,0.0,0.0,1.0566022,0.9132868,2.980773,0.0,0.0,0.0,0.34249347,0.0,0.16340679,2.049062,0.0,0.0,0.0,2.3804538,0.0,0.0,0.0,1.4149268,4.0
0.0,0.0,0.0,0.0,0.0,0.6220287,0.5109527,0.0,0.2939184,0.0,0.009091625,0.0,0.0,0.0,0.71168613,0.4481068,0.0,1.0458038,0.39125955,0.1990815,0.51462823,0.0,0.0,0.0,0.69782776,0.14716429,0.0,1.2633493,0.1968594,0.5851546,0.0,0.0,0.0,0.0,0.0,0.0,0.00892611,0.61438733,0.0,0.14226344,0.0,0.171505,0.0,0.5760913,0.0,0.0,0.0,0.78574777,0.0,0.0,0.8021451,0.0,0.0,0.0,0.0,0.0,0.68235326,0.0,0.68295264,0.07438705,0.0,0.7843726,0.0,0.0,0.0,0.7519821,0.0,0.0,0.0,0.0,0.2247296,0.0,0.19705923,0.0,0.1893696,0.0,0.113848574,0.37765777,0.0,0.0,0.08346729,0.474098,0.0,0.21472259,0.979196,0.0,0.0,0.70868427,0.0,0.0,0.0,0.0,0.0,0.24669535,0.060650382,0.0,0.0,0.2661916,0.0,1.090971,0.0,0.57089007,1.1030128,0.0,0.0,0.0,0.8273127,0.0,0.0,0.41667962,0.0,0.16270757,0.0,0.0,0.018153856,0.0,0.03935148,0.8806893,0.83628356,0.0,0.6844733,0.0,0.9259788,0.0,0.4137805,0.0,0.08865018,0.0,4.0
0.013292563,0.70629233,0.22228235,0.6806311,0.32922372,0.06467579,0.06356483,0.0,0.34158504,1.1954021,0.0,0.41803893,0.0,0.34040496,0.0,0.8746366,0.0,0.0,0.0,0.0,0.34285927,0.21006794,0.0,0.0,0.0,1.0075331,0.93931997,0.0,0.80520254,0.0,1.0826967,0.7251067,0.0,0.06291117,0.013214144,1.931408,1.6887567,0.0,1.5763675,0.0,0.0,0.82026315,0.0,0.0,0.0,0.6835597,0.48877555,0.0,1.9494767,0.5543745,0.0,1.5663235,0.0,0.0,0.9010825,0.0,0.937932,0.0,0.16397512,1.7309004,0.779893,0.0,0.0,0.6679478,1.3192638,0.0,0.3671778,1.433225,0.0,0.0,0.13043934,1.5475814,0.2594101,0.0,0.17248179,0.0,0.90362155,0.0,1.069354,2.0570688,0.7404409,0.34291705,0.0,0.8811275,0.0,0.28596142,1.7611485,0.0,1.7985797,0.24981324,0.53413963,0.81039864,0.0,0.0,0.0,0.8855125,0.0,1.6795946,0.721677,0.0,0.8717282,0.50820124,0.0,0.9863646,0.40015253,0.67073524,0.0,1.3998194,0.89488965,0.6939343,1.4850518,0.0,0.0,0.0,1.4255853,1.1490558,0.38268968,0.0,0.0,0.1115896,0.17775376,0.9750109,0.0,0.0,0.0,1.7085794,0.33980864,0.0,4.0
2.988528,3.2533007,3.446241,1.4023745,3.7183642,0.0,0.0,0.25206822,0.0,1.9377778,0.0,3.5705366,2.7772143,3.3985956,0.0,0.0,0.27968934,0.0,0.0,1.9007293,0.0,3.415263,0.0,2.8394368,0.0,0.5401798,0.0,0.0,0.28627363,0.0,0.0,0.0,0.0,1.5552698,0.492915,0.6055757,0.72904044,0.0,1.6524957,0.0,1.9505116,0.0,0.06745899,0.0,0.43749413,0.0,0.0,0.0,0.51605386,1.6228578,0.0,0.6366161,0.0,0.0,0.0,1.7159083,0.0,3.0249543,0.0,0.0,2.302841,0.0,2.3233137,0.4360053,0.84060854,0.0,3.6974075,0.3949237,2.8795478,0.0,1.4305989,0.6294462,0.45969513,2.5231109,0.0,2.858352,3.2150626,0.0,1.0338912,0.46196204,2.5177133,0.0,2.4668236,0.0,0.0,1.1689396,0.009309431,0.4666584,0.124401726,1.6578388,4.342112,0.0,0.0,0.37860966,0.0,1.6668413,3.1813238,0.0,0.0,0.0,1.446711,0.0,0.0,0.0,0.0,0.0,0.0,1.227917,0.0,0.0,0.7383215,0.0,0.11181414,1.876997,0.7081917,0.898287,3.0840046,0.0,0.0,0.33373582,0.0,0.3805841,0.0,0.27800435,0.0,1.0217944,2.2007475,0.0,4.0
0.0,0.03234891,0.0,1.1180259,0.0,0.0,0.0,0.0,0.94401914,0.33984634,0.0,0.0,0.34206998,0.0,0.0,0.0,0.5323653,0.0,0.35209453,0.0,0.036242697,0.0,0.15995353,0.0,0.0,0.2898412,1.6905669,0.0,0.07576665,0.0,1.6999644,1.420021,0.0,0.25784534,0.06456978,0.7104106,0.53109014,0.0,0.47913328,0.0,0.0,0.39289248,0.0,0.0,0.0,0.45050928,0.20246592,0.0,0.4884593,0.0,0.0,0.90092504,1.2880552,0.1497424,1.6377522,0.33474666,0.0,0.3661365,0.0,0.5785949,1.100301,0.0,0.3515285,0.42945296,1.337808,0.0,0.0,1.0030138,0.20932199,0.37128407,0.0,0.93773115,0.10028882,0.007840353,0.0,0.12536235,0.0,0.0,0.006772043,0.8474181,0.0,0.0,0.25326452,0.0,0.0,0.8851802,1.5674293,0.0,0.51965,0.97745395,0.0,0.9980772,0.0,0.098687455,0.0,1.2207203,0.5102685,0.60812193,1.1226712,0.0,1.3638023,0.0,0.0,1.5843444,1.376638,1.6349312,0.0,0.9679238,1.4496329,0.0,0.8246332,0.0,0.0,0.61469674,0.4117884,1.4082782,0.0,0.0,0.0,0.6015761,0.0,0.8056051,0.0,0.0,0.0,0.7863932,0.0,1.0221274,4.0
0.0,0.13372755,0.034655727,0.59948707,0.17164835,0.17071158,0.1611733,0.2942048,0.0,0.47310275,0.0,0.14462194,0.20713097,0.14834794,0.0,0.21113795,0.0,0.0,0.0,0.0,0.3511793,0.08516616,0.06114716,0.0,0.0,0.47627717,0.732735,0.0,0.3856093,0.13589926,1.0003083,1.1829189,0.13474998,0.23488289,0.20327942,0.9170319,0.9810956,0.0,0.7524765,0.0,0.0,0.12808007,0.0,0.0,0.0,0.8333806,0.44191447,0.0,1.0537264,0.0,0.0,1.6135483,0.09259456,0.05108791,0.78032833,0.0,0.07844251,0.0,0.0,0.85858214,0.7703467,0.0,0.0,1.29384,1.1783715,0.0,0.16051616,1.5148456,0.11878703,0.0,0.0,1.4355416,0.0,0.0,0.3700154,0.0,0.44806957,0.33221635,0.67279303,0.9682197,0.23671168,0.49918514,0.0258988,0.38902867,0.0,0.47760552,1.0489454,0.0,1.1268705,0.3198117,0.17802331,0.080742724,0.0,0.0,0.0,0.75532246,0.0,0.9185009,0.9453435,0.0,0.8687621,0.4783874,0.0,1.217486,0.57457477,0.6516302,0.0,1.4660925,1.0841671,0.59275925,1.503758,0.0,0.0,0.054731116,0.7764865,0.708066,0.30750033,0.0,0.0,0.75200987,0.2139768,0.19057532,0.0,0.0,0.1953767,0.9829834,0.08339053,0.0,4.0
3.0255363,0.7276236,2.4817624,0.0,1.2392323,0.0,0.0,2.7697678,0.0,0.0,0.56940657,1.9370645,0.0,1.5183473,0.28907236,0.0,3.3929043,0.0,0.0,0.0,0.0,1.9380916,1.5992491,3.5369234,0.0,0.0,0.58254564,0.0,0.0,0.0,0.0,0.57686764,0.0,2.3502493,1.300559,0.25342977,0.0,0.0,0.0,1.3289504,2.9011476,0.2727168,1.4442763,0.0,3.024642,0.32421744,0.9362989,0.0,0.0,3.2846043,0.0,0.93522674,0.0,2.3708987,0.0,4.4069443,0.0,0.0793595,0.0,0.0,0.0,0.0,0.10981946,0.55714124,0.5061041,0.0,2.0708992,0.5889879,0.54656035,0.0,0.0,1.1205492,0.0,0.109447226,0.0,1.9769307,0.0,0.0,1.472758,1.2050738,0.0,0.0,0.0,0.0,0.0,0.0,1.9795043,0.0,0.7347837,0.0,2.3599823,1.7798656,0.26928905,0.0,0.45809248,0.012848838,0.19345933,0.0,0.0,0.0,0.0,0.0,0.0,0.0,0.013635811,0.0,0.0,0.83754575,0.0,0.0,1.1568966,0.0,2.6897357,0.0,0.0,1.4907786,1.010642,0.0,0.061749116,1.3395121,0.0,0.0,0.0,2.073783,0.0,0.42913827,0.0,2.4568167,4.0
0.0,0.0,0.0,0.0,0.0,0.85491955,0.8035967,0.0,0.3071639,0.0,1.4318814,0.0,0.0,0.0,0.70012885,0.0,0.34716073,1.7502977,0.8380411,0.7794398,0.8539846,0.0,1.1258937,0.0,0.6527815,0.0,0.0,0.9305153,0.0,0.7515601,0.0,0.0,0.0,0.0,0.0,0.0,0.0,0.60803086,0.0,0.3640966,0.0,0.0,1.523848,0.7970191,1.2379359,0.0,0.553343,1.4029776,0.0,0.0,1.0152514,0.0,0.9146228,0.74766344,0.0,0.0,0.0,0.0,0.6508237,0.0,0.0,1.0033385,0.0,0.0,0.0,0.63407815,0.0,0.0,0.0,1.8372673,0.0,0.0,0.0,0.0,0.4861607,0.0,0.0,1.2472006,0.0,0.0,0.0,0.48580265,0.0,0.0,1.0213808,0.0,0.0,1.6638565,0.0,0.1854276,0.0,0.0,1.451502,0.0,0.36331487,0.0,0.0,0.0,0.40308264,0.4556217,0.0,0.8095919,1.2136517,0.0,0.5628086,0.39958957,0.953204,0.0,0.0,0.09188477,0.0,0.0,1.3227633,0.11726518,0.0,0.0,0.0,0.7172649,0.76518685,0.5690867,0.78676075,0.0,1.1319561,1.5002893,0.78350073,0.0,0.0,0.6243563,4.0
0.0,0.0,0.1227849,0.0,0.61606616,0.0,0.0,0.41318613,0.0,0.16320574,0.0,0.8365783,0.0,0.60029215,0.5104002,1.0249606,0.0,0.0,0.0,0.0,0.0,0.5045171,0.0,0.0,0.0,0.0,0.0,0.44067052,0.0,0.0,0.0,0.0,0.0,0.7418012,0.066863105,0.7191984,0.71468526,1.050652,0.6858306,0.0,0.07409146,0.0,0.0,0.18516806,0.0,0.30130404,1.5376818,0.0,0.7584233,0.16218737,0.0,0.7671483,0.0,0.0,0.0,0.0,0.42801607,0.0,0.45938498,0.7776347,0.0,0.37481055,0.0,0.42804384,0.0,0.43138215,0.51339096,0.54659706,0.027795495,0.0,0.0,0.45384,0.0,0.0,0.0,0.3165686,0.0,0.68378973,0.44923902,0.70402783,0.43845963,1.0108666,0.0,1.0365005,0.0,0.0,0.0,0.0,0.36887786,0.0,0.4853194,0.0,0.0,0.0,0.0,0.0,0.0,0.78334427,0.6622824,0.1597399,0.0,0.40050977,0.0,0.0,0.0,0.0,0.0,0.09530285,0.0,0.7945223,0.27813905,0.0,0.0,0.0,0.5361906,0.006092381,1.7721324,0.68086183,0.97850204,0.0,0.0,0.0,0.0,0.29733312,0.8465541,0.34604827,0.0,0.0,4.0
1.2235566,3.28037,1.9228855,1.7067174,1.6574235,0.0,0.0,0.47371042,0.43370155,1.9471393,0.0,1.7308455,1.2157683,1.7447217,0.0,1.6151497,0.0,0.0,0.5337487,1.6334924,0.0,1.4435484,0.0,1.4106659,0.3237123,1.4708228,0.0,0.0,1.4285672,0.0,0.12871262,0.0,1.1983249,0.0,1.4465013,1.7641155,1.1619006,0.0,0.95363486,0.39679125,1.1292531,0.7409181,0.0,0.0,0.0,0.7813275,0.0,0.0,1.6035632,2.9586337,0.0,0.36670616,0.0,0.0,0.0,0.694784,1.2977538,1.8526925,0.0,1.2096417,1.0470088,0.0,1.6696656,0.6768628,0.59391356,0.0,1.8108605,0.32760695,1.6423278,0.0,3.4149964,0.73393726,3.3564558,2.1070435,0.0,1.6932659,2.2961044,0.0,0.87516195,1.6815616,3.3434117,0.0,2.177244,1.3985317,0.0,1.393261,0.0,0.0,2.2689223,1.2286935,2.175294,1.2189457,0.0,3.1274393,0.0,1.8227102,1.8045865,0.72701514,0.123838514,0.0,1.04317,0.0,0.0,0.0,0.0,0.0,0.0,0.65769356,0.022359584,0.0,0.80363697,1.0566208,0.0,1.2995068,1.7853727,0.0,0.21054927,0.0,0.0,0.0,0.0,2.2055583,0.011629016,0.0,0.0,1.3540562,2.4614818,0.0,4.0
1.3093663,0.55838555,1.5402251,0.0,1.0404838,0.0,0.0,0.0,0.0,0.0,1.268745,1.2644331,0.10332893,1.3727357,0.44492596,0.0,0.0,0.0,0.0,0.1519338,0.0,1.8046978,1.4458548,1.3650483,0.58548605,0.0,0.27595845,1.3991096,0.0,0.0,0.9217255,1.2014875,0.8877187,0.37248158,0.08931165,0.0,0.0,0.0,0.0,0.9381368,1.550755,0.0,1.2373791,0.89718854,1.1923265,0.87467116,0.0,0.6627632,0.0,0.9077986,0.0,1.2108035,1.1650047,1.0075328,0.7399372,0.0,0.0,0.5072609,0.0,0.0,0.0,0.634824,0.6086354,1.113868,1.3502829,0.6919851,1.2064722,0.65218693,0.8708553,1.2819124,0.8905201,1.127613,1.1907061,1.3382754,0.0,0.86391646,0.70767814,0.0,0.22982913,0.0,0.084991835,0.0,1.4623271,0.0,0.6179594,0.0,0.0,0.0,0.0,0.0,0.75684875,0.0,1.2799555,1.1113802,0.8212281,1.0569732,0.65839505,0.0,0.0,0.0,0.23705049,0.0,0.16459085,0.39916438,0.9831279,0.24534273,0.0,1.5107312,0.9926462,0.0,1.9137933,1.5257926,0.52261937,0.0,0.0,0.0,0.0,0.13069725,0.0,1.723047,0.0,0.0,0.0608981,0.0,0.0,0.0,0.0,0.0,4.0
0.0,0.0,0.0,1.0938642,0.0,0.0,0.0,0.0,0.7152991,0.0,1.5510567,0.0,1.4412001,0.0,0.0,0.0,0.58503485,1.3997124,1.9466022,2.2677395,0.0,0.0,1.9364792,0.0,0.0,0.0,1.4116849,0.0,0.0,0.0,0.9589004,0.9048799,0.0,0.0,0.0,0.0,0.0,0.0,0.0,0.1607071,0.1498582,0.19984779,1.2407091,0.0,1.6116403,0.0,0.0,2.5356717,0.0,0.0,1.499559,0.0,2.7766244,1.2826993,1.5013598,0.25470504,0.0,1.6132158,0.0,0.0,0.7918079,0.0,1.3505429,0.27764753,0.0,0.093709975,0.0,0.0,0.2053958,2.2185104,0.27799782,0.0,0.18361396,0.34042135,0.0,0.4380649,0.0,0.49783668,0.0,0.0,0.0,0.2090633,0.9827456,0.0,1.9160106,1.2930388,0.08420897,3.203402,0.0,1.9130957,0.0,0.46131158,1.0691298,0.46264392,0.0,1.1924188,1.877643,0.0,0.0,0.0,0.3959248,0.0,0.12357868,0.850022,2.3103778,2.1808643,0.0,0.0,0.87807137,0.0,0.0,0.0,0.5868671,1.7660668,0.0,0.7058633,0.0,0.0,0.0,1.4861935,0.0,0.0,1.9483075,0.18246555,0.0,0.061594024,0.1777371,0.96157897,4.0
0.29466552,0.39129525,1.1209227,0.0,0.47956803,1.904782,1.3581265,0.0,0.0,1.8113741,0.0,0.820464,0.10073071,0.9012048,2.0108314,0.0,0.0,0.4457691,2.7896173,0.74824584,1.265515,0.0,0.0,0.0,0.0,2.0777714,0.0,1.5291575,2.614285,1.616009,0.0,0.0,0.068345085,0.0,0.41629142,0.20424616,0.83766794,0.83153814,0.0,0.0,1.5261288,0.0,0.0,1.0103685,0.0,0.0,0.0,2.0076036,0.49870467,0.0,2.9045172,0.0,0.3553695,0.0,0.0,0.0,0.24631715,0.0,1.0106013,0.4312228,0.0,1.718749,0.0,0.0,0.0,2.686027,0.0,0.15448251,0.0,0.13578539,0.23430535,0.0,1.6228818,0.0,0.52288306,0.0,2.0159833,0.0,0.0,0.0,1.2026764,0.0,0.0,0.0,2.4570458,0.0,0.0,1.204606,0.0,0.0,0.0,0.0,0.0,1.2631418,0.0,0.0,0.0,1.0075608,0.0,0.71192163,0.0,1.23149,0.53687567,0.0,0.0,0.0,1.6605182,0.0,0.5352401,0.32064468,0.0,0.37683362,0.0,0.08658417,1.9348816,0.0,0.69934165,1.8054368,1.1228361,0.0,1.6897651,0.87254095,2.20518,0.0,0.0,0.0,1.6002395,0.0,4.0
0.52817756,0.3730081,1.1731248,0.6968715,0.0,0.0,0.0,0.0,0.2077959,0.81697494,0.0,0.74127656,0.7432761,0.0,0.0,0.20263791,0.0,0.0,0.0,0.032354187,0.0,0.0,0.0,0.33106586,0.0,0.5722075,0.2982623,0.0,0.6760044,0.0,0.8822012,0.0,0.0,0.6953247,0.8481445,1.0021062,0.70093954,0.0,0.9327895,0.0,0.32484224,0.100523114,0.0,0.14552528,0.0,0.5727977,0.0,0.0,0.7616089,0.0,0.0,0.9485282,0.0,0.0,0.33369607,0.0,0.33927903,0.53790385,0.0,0.78094935,1.0823615,0.0,0.5043683,0.0,1.5946091,0.0,0.0,0.4273737,0.6531545,0.0,0.0,0.9677522,0.2887664,0.45908925,0.0,0.557364,0.8761657,0.0,0.0,0.77906865,0.1822617,0.0,0.50047207,0.2549194,0.0,0.56408435,0.4972079,0.0,0.83237475,0.22729301,0.8230797,0.08755792,0.0,0.20343436,0.0,0.76325095,0.5479713,0.56492347,0.61782235,0.16679965,1.2803639,0.0,0.0,0.16875818,0.0,0.0,0.0,1.241543,0.8941063,0.0,1.1451441,0.068656676,0.0,0.3475056,0.6182704,0.93795395,0.0,0.0,0.0,0.0,0.0,0.51936156,0.0,0.0,0.0,0.7321676,0.36954388,0.16287993,4.0
0.0,0.0,0.0,0.0,0.0,0.854519,0.73367494,0.0,0.4154799,0.0,0.0,0.0,0.0,0.0,0.44647247,0.6962513,0.0,1.3884066,0.0,0.31900272,0.80134225,0.0,0.0,0.0,0.7174935,0.0,0.0,0.8040543,0.0,0.7203852,0.0,0.0,0.0,0.0,0.0,0.0,0.0,0.3681861,0.0,0.0,0.0,0.49222735,0.4095846,0.0,0.25824898,0.0,0.12881829,0.6755412,0.0,0.0,0.097325474,0.0,0.105097264,0.0,0.0,0.0,0.5692608,0.0,0.9602784,0.055293977,0.0,0.8225679,0.0,0.0,0.0,0.0,0.0,0.0,0.0,0.096713446,0.0,0.0,0.0,0.0,0.15328935,0.0,0.0,1.2064435,0.35832366,0.0,0.0,1.2152423,0.0,0.6105637,0.7818129,0.0,0.0,1.4648029,0.0,0.0,0.0,0.08395147,0.060821082,0.0,0.0,0.0,0.0,0.3424402,0.0,0.84189624,0.0,0.95495313,1.106638,0.0,0.13853793,0.05876009,0.84727204,0.0,0.0,0.799054,0.0,0.0,0.37048644,0.0,0.0,0.0,0.0,0.86537975,0.40722933,0.0,0.8513001,0.0,0.74224406,0.5988962,1.1254753,0.0,0.0,0.0,4.0
0.0,0.046049602,0.0,0.0,0.0,0.51983094,0.027798053,0.0,0.36670443,0.0,0.0,0.0,0.0,0.0,0.0,0.52171546,0.0,0.5531133,0.0,0.33056438,0.26313558,0.0,0.05134713,0.0,0.32203558,0.0,0.0,0.16209283,0.0,0.37522244,0.0,0.0,0.0,0.0,0.0,0.0,0.04118825,0.0,0.0,0.0,0.0,0.5665991,0.050032835,0.0,0.3805951,0.0,0.0,0.16569638,0.015334945,0.009588957,0.0,0.0,0.30053416,0.0,0.0,0.0,0.44349775,0.0,0.39205018,0.12752254,0.0,0.30433616,0.0,0.0,0.0,0.0,0.0,0.0,0.0,0.0,0.13276237,0.0,0.077808045,0.0,0.0,0.0,0.07803021,0.4351649,0.50033116,0.0,0.1125324,0.63905233,0.0,0.428734,0.3933044,0.0,0.08686078,0.49914008,0.0,0.34718502,0.0,0.3649195,0.0,0.14138663,0.0,0.0,0.0,0.17640214,0.0,0.35790744,0.0,0.34963137,0.42212048,0.0,0.17088678,0.10605399,0.5586364,0.0,0.0,0.46528566,0.0,0.0,0.2272873,0.0,0.0,0.0,0.0,0.5661349,0.0,0.0,0.4184487,0.0,0.37823054,0.16183266,0.57439995,0.0,0.20045464,0.0,4.0
0.0,0.0,0.0,1.9466559,0.0,0.0,0.0,0.0,0.0,0.0,0.0,0.0,2.3274603,0.0032063744,0.0,0.0,0.52077013,0.0,1.7002466,1.8474599,0.0,0.08026131,0.8588689,1.7528608,0.0,0.0,1.2363459,0.0,0.0,0.0,1.9061297,1.865744,0.16905525,1.1177615,1.4550025,0.0,0.0,0.0,0.0,0.0,0.0,0.0,1.0635486,0.0,1.8654445,1.3105005,0.0,0.0,0.0,0.0,0.41352323,1.2637503,1.8794222,0.6874023,1.0267094,0.5498127,0.0,2.6096067,0.0,0.0,1.8903996,0.0,2.7098231,1.1814259,1.7762935,0.0,0.0,1.1321425,2.236647,0.52805,0.6755804,1.1541392,0.8942532,2.2637103,0.0,2.0698671,0.0,0.0,0.0,0.0,0.0,0.0,2.4622533,0.0,0.0,2.0690267,0.0,0.0,0.2979897,2.2997622,0.0,0.0,0.0,0.9708373,0.0,2.283995,2.34393,0.0,1.6272618,0.0,2.5901566,0.0,0.0,1.7457925,1.1012467,0.6508618,0.0,1.4008263,1.9738901,0.0,1.5181966,0.0,0.9140737,2.2188346,0.0,1.089941,0.0,0.0,0.0,0.5954695,0.0,0.0,0.0,0.12060083,0.0,0.0,0.0,0.0,4.0
0.0,0.0,0.0,0.0,0.0,1.171411,1.1040528,0.0,0.0,0.0,0.0,0.0,0.0,0.0,1.3097206,0.20156994,0.0,1.2238984,0.48786706,0.055396337,1.0776807,0.0,0.0,0.0,0.72203,0.0,0.0,1.4160869,0.0,1.1041526,0.0,0.0,0.0,0.0,0.0,0.0,0.0,1.2543458,0.0,0.0,0.0,0.0,0.06762603,0.7257642,0.0,0.0,0.6065035,0.5434971,0.0,0.0,1.0483754,0.0,0.0,0.0,0.0,0.0,0.46482784,0.0,1.2119194,0.0,0.0,1.3494852,0.0,0.0,0.0,0.95928586,0.0,0.0,0.0,0.0,0.0,0.0,0.0,0.0,0.7060692,0.0,0.0,0.82172924,0.0,0.0,0.0,0.56337196,0.0,0.0,1.1887704,0.0,0.0,1.0679036,0.0,0.0,0.0,0.0,0.0,0.0,0.0,0.0,0.0,0.20041737,0.0,1.2637748,0.0,1.1011558,1.2812346,0.0,0.0,0.0,1.3193389,0.0,0.0,0.670117,0.0,0.0,0.040005274,0.0,0.0,0.0,0.47231534,1.5186609,1.39283,0.0,1.1994781,0.0,0.6365767,0.21843477,0.80080557,0.0,0.0,0.0,4.0
0.38774225,0.035775952,0.2315209,0.0,0.0,0.24568075,0.0,0.011114149,0.4091525,0.0,0.64690214,0.0,0.0,0.14171559,0.0,0.52047086,0.0,0.32858354,0.0,0.0,0.13346592,0.14037521,1.0328358,0.0,0.15702455,0.1276915,0.2962461,0.44920793,0.28228632,0.35627648,0.30715203,0.6090603,0.40976351,0.0,0.0,0.23951526,0.5376147,0.0,0.0,0.0,0.37901375,0.43318453,0.07840163,0.0,0.26429248,0.0,0.0,0.7370581,0.55344045,0.13710123,0.044967975,0.4848165,0.5943475,0.7992803,0.46073103,0.0,0.48055142,0.0,0.0,0.4579555,0.0,0.19481443,0.0,0.8660686,0.29546836,0.14577557,0.10510818,0.5165725,0.0,0.82011044,0.0,0.402644,0.028784322,0.0,0.0,0.0,0.36695185,0.0,1.2548689,0.24251117,0.0,0.5374643,0.0,0.4889186,0.11014328,0.0,0.658981,0.16983946,0.0,0.0,0.0,0.6957147,0.92924243,0.13435079,0.4812419,0.19087629,0.0,0.6303211,0.0,0.0,0.0,0.040829513,0.14722277,0.39338112,0.5913157,0.52913725,0.43397108,0.45842183,0.35865408,0.0,0.60394853,0.25603312,0.1727164,0.0,0.28738627,0.0,0.0,0.16770041,0.0,1.248615,0.20477073,0.0,0.8202653,0.0,0.0,0.45625675,0.0,0.0,4.0
0.0,0.0,0.0,0.0,0.0,1.3468274,1.1611358,0.0,0.6125601,0.0,0.0,0.0,0.0,0.0,0.8168519,0.45714757,0.0,1.0473522,0.61173433,0.19021128,1.2388628,0.0,0.0,0.0,0.60871243,0.41984364,0.0,0.82085377,0.4049612,1.1638898,0.0,0.0,0.0,0.0,0.0,0.0,0.1283105,0.6417758,0.0,0.0,0.0,0.5540073,0.0,0.0,0.0,0.0,0.44199824,0.66647613,0.0,0.0,0.9872688,0.0,0.0,0.0,0.0,0.0,0.6145456,0.0,1.2479942,0.20640483,0.0,0.9043988,0.0,0.0,0.0,0.31467086,0.0,0.0,0.0,0.0,0.12866318,0.0,0.038204096,0.0,0.94891363,0.0,0.0,0.9827359,0.0,0.0,0.23345818,0.9595036,0.0,0.31272712,0.93939084,0.0,0.0,0.94972026,0.0,0.0,0.0,0.2691725,0.0,0.062066164,0.0,0.0,0.0,0.44108364,0.0,0.8327755,0.0,1.2696944,1.0132372,0.0,0.0,0.0,1.314328,0.0,0.0,1.0056642,0.0,0.0,0.0,0.013627944,0.1279948,0.0,0.0792968,1.2816837,0.7809425,0.0,1.4401399,0.0,0.8636272,0.0,1.0689076,0.0,0.3079991,0.0,4.0
0.0,0.0,0.0,1.426668,0.028963165,0.0,0.0062898914,0.0,0.0,0.0,0.0,0.0,1.1030991,0.0,0.0,0.0,0.34353778,0.0,0.0,0.0,0.0,0.02126723,0.0,0.017089317,0.0,0.0,2.121847,0.0,0.0,0.0,1.7975523,2.070592,0.0,1.1581967,0.0,0.47223103,0.0,0.0,0.89218944,0.0,0.0,0.0,0.36753264,0.0,0.35083592,0.90029776,1.1706336,0.0,0.0,0.0,0.0,1.1918415,1.1007216,0.0,2.3485723,0.47811282,0.0,0.756577,0.0,0.0,1.7546911,0.0,0.5866001,0.51259774,1.8599613,0.0,0.029368585,1.0009663,0.8830393,0.0,0.0,1.4976025,0.0,0.6700762,0.7772552,0.8229863,0.0,0.0,1.0201331,0.9042821,0.0,0.0,0.6235556,0.0,0.0,1.0997759,1.5519874,0.0,0.77523965,1.3649098,0.0,0.0,0.0,0.0,0.0,1.6721041,0.28685093,0.0,0.8081304,0.0,1.8361876,0.0,0.0,2.09918,2.230395,2.2308695,0.0,1.8019314,1.3043482,0.0,1.4757428,0.0,0.2689001,0.8372546,0.0,2.1917224,0.0,0.0,0.0,0.9679422,0.0,0.0,0.0,0.0,0.0,1.1167588,0.0,0.27858475,4.0
0.0,1.8482888,0.14964092,2.257031,0.51511025,0.0,0.0,0.0,1.0466635,1.4600397,0.0,0.32085437,1.8532393,0.095345534,0.0,1.2766024,1.303622,0.8221234,0.98299617,1.601195,0.0,0.0,0.0,1.3189182,0.0,0.7518682,0.13926,0.0,0.71295196,0.0,0.45019424,0.0,0.0,0.0,0.5602697,0.9007531,0.23191306,0.0,1.0570495,0.49822846,0.0,0.86381304,0.0,0.0,0.0,0.0,0.0,0.71278626,0.17273057,1.4266804,0.0,0.0,0.7174774,0.0,0.26565543,1.0573299,1.0942795,2.1418774,0.0,0.5484565,1.5077581,0.0,1.8136469,0.0,0.11626405,0.0,0.15865247,0.0,1.9097004,0.0,3.2226574,0.0,2.6740134,2.3078074,0.0,1.7546133,0.8100743,0.0,0.5961198,0.96343786,1.1138066,0.0,2.2239988,1.057191,0.32073754,2.2396533,0.029169016,0.56933504,0.5288501,2.2571912,0.7748504,1.2454304,0.0,2.6871698,0.0,1.9487642,2.0160954,0.41902494,0.13752072,0.1951981,1.141519,0.0,0.0,0.0,0.0,0.1229001,0.0,0.0,0.0,0.0,0.0,0.0,0.0,2.2086492,0.48616216,0.5528678,0.0,0.0,0.0,0.0,0.0,2.6049988,0.38154274,0.0,0.0,0.76582336,1.3187063,0.8992604,4.0
0.0,0.0,0.0,0.0,1.0938386,0.31028545,1.0036464,0.0,0.0,0.79906666,0.0,1.091237,0.5342629,1.302777,0.0,0.0,0.0,0.0,0.0,0.0,0.078283206,0.57722443,0.23681474,0.0,0.0,0.18344639,1.1778961,0.0,0.0,0.09375623,0.77571213,1.0215094,0.11713789,0.6175191,0.5341158,0.8972094,0.5902594,0.0,0.65640116,0.0,0.0,0.0,0.47749847,0.0,0.0,0.9576701,0.0,0.0,0.47711837,0.0,0.0,0.98771465,0.44264486,0.0,1.3445802,0.0,0.0,0.0,0.0,0.40616328,0.58927846,0.0,0.0,1.0344893,0.23706535,0.06772581,0.364103,1.3914943,0.49722108,0.0,0.0,0.8075123,0.0,0.008795615,0.18095073,0.060986336,0.12708087,0.0,0.58219355,0.765138,0.0,0.0,0.17931105,0.0,0.0,0.0,1.0916574,0.28376585,0.39682847,0.0,0.0,0.0,0.0,0.0,0.0,0.16578291,0.0,0.8455872,0.17980382,0.0,0.0,0.3198164,0.0,0.51839024,1.2758744,1.1884475,0.0,1.0745592,0.7080678,0.0,1.1624737,0.11192625,0.0,0.0,0.5041053,0.7292834,0.7687039,0.0,0.0,1.2414443,0.0,0.0,0.0,0.0,0.0,0.75114566,0.0,0.0,4.0
0.0,0.0,0.0,0.0,0.0,0.9354897,0.6430593,0.0,0.0,0.0,0.8991999,0.0,0.228391,0.0,1.4118501,0.0,0.12568587,0.7345742,2.0737543,0.7750789,0.7471866,0.0,0.0,0.0,0.55587,0.0,0.0,1.0837991,0.0,0.86547923,0.0,0.0,0.039362267,0.0,0.0,0.0,0.0,1.220988,0.0,0.7237868,0.0,0.0,0.40826765,1.3908297,0.42168817,0.0,1.0407465,0.75595695,0.0,0.0,2.0916052,0.0,0.27285653,0.0,0.0,0.0,0.0,0.054388676,0.65182495,0.0,0.0,1.1850557,0.1816851,0.0,0.0,1.4593313,0.0,0.0,0.0,0.9624104,0.11876339,0.0,0.0,0.0,1.201265,0.0,0.0,0.08141482,0.0,0.0,0.0,0.0,0.0,0.0,1.2400005,0.3773286,0.0,0.43821406,0.0,0.2142204,0.0,0.0,0.42352733,0.0041205757,0.20369525,0.0,0.0,0.0,0.7551258,0.7311985,0.0,0.4478255,0.9275222,0.0,0.0,0.0,1.2320235,0.0,0.0,0.0,0.0,0.7828159,0.3758366,1.1446713,0.0,0.0,0.028582266,1.3249855,1.2720716,0.0,0.8817025,0.0,0.70060825,0.3456504,0.02261869,0.0,0.0,0.0,4.0
1.2064135,0.009272501,1.3937423,0.0,1.5750315,0.0,0.0,1.5918117,0.0,0.0,1.5816809,1.3223056,0.0,1.2750791,0.42793763,0.0,1.7665659,0.0027668558,0.0,0.0,0.0,1.6512945,0.058840144,1.8752447,1.0391389,0.0,0.0,0.8409936,0.0,0.0,0.0,0.0,1.1175827,0.4828032,0.0,0.0,0.0,0.8740784,0.0,2.2603076,0.66810644,0.0,1.4669777,2.5198867,1.4297428,0.0,0.25870964,0.0,0.0,1.5375957,0.0,0.0,0.0,0.6256414,0.0,0.99743944,0.0,0.093829796,0.0,0.0,0.0,0.17803998,0.29585502,0.0,0.0,1.9427553,1.6108894,0.0,0.30408683,0.62512404,0.14814831,0.0,0.0,0.55218536,0.0,0.80653405,0.16046135,0.0,0.0,0.0,0.0,0.0,0.14314863,0.0,0.0,0.0,0.0,0.0,0.0,0.0,1.3938388,0.0,0.8366416,0.0,2.277149,0.0,0.34052235,0.0,0.0,0.59724414,0.0,0.0,0.85030144,0.0,0.0,0.0,0.0,0.0,0.0,0.0,0.051678758,2.0005941,1.6235843,0.0,0.0,0.0,0.4958091,0.0,1.0065455,0.0,0.0,0.0,0.005168287,1.4849781,0.0,0.0,0.0,0.0,4.0
0.0,0.0,0.0,0.0,0.0,1.39951,1.2986708,0.0,0.07125194,0.0,0.0,0.0,0.0,0.0,1.274824,0.5384299,0.0,1.0030762,0.35597193,0.0,1.2952489,0.0,0.0,0.0,0.689059,0.19724004,0.0,1.1592566,0.035318192,1.2411194,0.0,0.0,0.0,0.0,0.0,0.0,0.1941175,1.2423254,0.0,0.0,0.0,0.1518755,0.0,0.34720856,0.0,0.0,0.9134469,0.30047294,0.0,0.0,0.8900094,0.0,0.0,0.0,0.0,0.0,0.593029,0.0,1.4191962,0.17526309,0.0,1.3055048,0.0,0.0,0.0,0.6995894,0.0,0.0,0.0,0.0,0.0,0.0,0.0,0.0,0.95399266,0.0,0.0,1.24601,0.0,0.0,0.0,1.1117564,0.0,0.35544446,0.8896609,0.0,0.0,1.0043353,0.0,0.0,0.0,0.0,0.0,0.0,0.0,0.0,0.0,0.5607237,0.0,1.0181643,0.0,1.416444,1.0839745,0.0,0.0,0.0,1.3477783,0.0,0.0,1.1025723,0.0,0.0,0.0,0.0,0.10264411,0.0,0.785134,1.6421936,1.2755268,0.0,1.4285291,0.0,0.42915586,0.20385015,1.2627572,0.0,0.0,0.0,4.0
0.0,0.0,0.0,0.0,1.2005491,1.5336562,2.7409847,0.16902842,0.0,0.0,0.112399355,1.0691818,0.8220253,1.1956154,1.5276026,0.0,0.0,0.14165516,0.0,0.0,0.11004011,1.4323497,0.0,0.0,0.17305176,0.0,0.0,0.48646483,0.0,0.64875615,0.0,0.0,0.0,0.5236033,0.6006948,0.0,0.0,1.587997,0.0,0.04216229,0.0,0.0,0.8882899,0.49119166,0.34406722,0.5993289,1.7044142,0.0,0.0,0.0,0.31088895,0.0,0.0,0.0,0.0,0.0,0.0,0.0,0.0,0.0,0.0,0.73098683,0.0,0.0,0.0,0.084049985,0.903937,0.0,0.29831913,0.0,0.0,0.0,0.0,0.18878455,1.7545314,0.13540567,0.0,0.43264094,0.15677837,0.0,0.0,0.5112382,0.0,0.0,0.44738543,0.0,0.0,0.9221226,0.024454199,0.0,0.0,0.0,0.0,0.0,0.0,0.0,0.0,0.0,0.0,0.3482741,0.0,0.8707914,0.19131361,0.0,0.038749933,0.0,0.8209192,0.0,0.0,0.0,0.0,0.0,0.17666839,0.0,0.0,0.0,1.793953,1.1786085,2.3896465,0.24865596,0.46322227,0.0,0.0,0.49601224,0.06590747,0.0,0.0,0.0,4.0
0.13106313,0.0,0.16228151,0.0,0.043200314,0.0,0.0,0.5117203,0.019039676,0.0,0.0,0.20667061,0.0,0.17210576,0.0,1.4941825,0.0,0.27093172,0.0,0.5305925,0.0,0.06764853,0.7548184,0.0,0.7217202,0.0,0.0,0.4789485,0.0,0.0,0.0,0.0,0.030134909,1.1772102,0.0,0.31098983,0.5429368,0.0,0.26195025,0.0,0.25754473,0.4657568,0.812247,0.0,0.64806604,0.0,0.0,0.0,0.67798394,0.13233018,0.0,0.0,0.0,0.2716192,0.0,0.0,0.76939654,0.0,0.0,0.7181693,0.0,0.0,0.0,0.98296195,0.0,0.0,0.27082244,0.12139512,0.119496934,0.04158431,0.0,0.08205277,0.0,0.3775747,0.0,0.4409912,0.0,0.6738745,2.2171183,0.27060494,0.0,1.3601178,0.11979825,1.6348262,0.0,0.0,0.12909971,0.2992521,0.0,0.0,0.35905144,0.18310593,0.52043647,0.0,0.47324017,0.0,0.44146708,0.7169302,0.0,0.008750087,0.0,0.0,0.0,0.0,0.3471103,0.0,0.0,0.0,0.0,0.28531593,0.034184497,0.0,0.7342867,0.0,0.0,0.0,0.16693495,0.0,0.0,0.86941075,0.0,0.0,0.18063605,0.9653165,0.79417074,0.21509108,0.0,0.0,4.0
0.0,0.7622767,0.0,0.0,0.01678659,0.86170274,0.4446311,0.12833272,0.8423793,0.5782799,0.0,0.0,0.0,0.1092306,0.54024756,1.1253737,0.0,0.61932284,0.6747288,0.5889249,0.7006802,0.22788785,0.0,0.0,0.9696606,1.1361231,0.0,0.84817034,1.10723,0.5951789,0.0,0.0,0.24491781,0.0,0.0,0.31013334,0.7549456,0.2949372,0.0,0.012215954,0.05139574,0.9551593,0.0,0.0,0.0,0.0,0.060840294,0.4965221,0.7411624,0.8656768,0.8159127,0.0,0.0,0.0,0.0,0.0,1.1767123,0.0,0.9006514,0.8012637,0.0,0.36773425,0.0,0.0,0.0,0.4559196,0.25772092,0.0,0.0,0.0,1.2181818,0.0,1.1262845,0.0,0.47696543,0.0,0.7368021,0.54641193,0.2607141,0.29668087,1.7394189,1.0307931,0.0,0.97496283,0.5363184,0.0,0.0,0.31905058,0.56755203,0.008033207,0.055316113,0.8315321,0.0,1.0513948,0.0,0.0,0.0,0.88179404,0.0,0.7151175,0.0,0.77089936,0.8572364,0.0,0.0,0.0,0.757605,0.0,0.0,1.0424639,0.0,0.32007676,0.0,0.2526609,0.9568715,0.0,0.44713822,0.79419875,0.49744904,0.0,1.0774506,0.7157784,0.967608,0.0,1.0175666,0.13267724,1.367682,0.0,4.0
0.0,0.0,0.0,0.0,0.0,0.0,0.0,0.23251913,0.0,0.0,0.9223588,0.0,0.0,0.0,0.06447243,0.18359041,0.0,0.38004166,0.0,0.78203505,0.0,0.0,1.1861004,0.0,0.58068764,0.0,0.0,0.5384294,0.0,0.0,0.0,0.30863562,0.33227918,0.7577831,0.0063005458,0.0,0.0,0.44378304,0.0,0.0,0.0,0.0,1.026958,0.45837376,0.6633307,0.034222744,0.04437306,0.512459,0.0,0.0,0.0,0.0,0.3272584,0.6373727,0.0,0.0,0.0,0.096581526,0.0,0.0,0.0,0.27979526,0.0,0.82907534,0.0,0.2200931,0.0,0.05565173,0.07398779,1.1382456,0.0,0.0,0.0,0.061466433,0.0,0.28621724,0.0,0.6241648,0.545747,0.0,0.0,0.9682222,0.0,0.6795713,0.0,0.0,0.0,0.61952245,0.0,0.018482802,0.0,0.0,1.2942052,0.0,0.47497612,0.0,0.21917762,0.0,1.062933,0.0,0.0,0.0,0.07653295,0.0,0.5036691,0.0014611072,0.0,0.0,0.0,0.0,0.0,0.31119874,0.65403616,0.0,0.0,0.0,0.24362779,0.0,0.20688748,0.9515754,0.0,0.0,0.29837754,0.9912641,0.5460434,0.0,0.0,0.0,4.0
0.0,0.0,0.0,0.7461048,0.23313446,0.0,0.019728372,1.7457831,0.0,0.0,1.4255972,0.0,0.84993076,0.010780268,0.0,0.0,0.0023197534,0.0,0.0074875327,0.0,0.0,0.0,1.4908254,0.0,0.28213432,0.0,0.0,0.0,0.0,0.0,0.41663188,1.3447713,2.4992244,0.6048765,1.3726518,0.0,0.0,0.5253047,0.0,0.49840477,0.0,0.0,0.43802747,0.9737693,0.81935203,1.7695061,0.69426966,0.0,0.0,0.0,0.41381335,1.6769289,0.0,1.3931239,0.0,0.18883567,0.0,0.51053447,0.0,0.0,0.7658284,0.0,0.4506947,2.5791304,0.37764266,0.0,0.0,1.8193506,0.7480917,1.7608876,0.0,1.5414587,0.0,0.5666306,0.4792218,0.5815138,0.0,0.29422757,0.0,0.0,0.0,0.42458454,0.73076445,0.0,0.0,1.2053275,0.0,0.0,1.248917,0.008595543,0.0,0.0,1.567187,0.0,1.7029458,0.095214315,0.012729585,0.0,2.4073293,0.0,0.5489224,0.0,0.0,1.1415207,0.0,0.0,0.0,1.8862476,1.0408481,0.0,1.7447352,1.9674715,0.5971068,0.3845226,0.0,0.0,0.0,0.0,0.23197687,1.3081044,0.0,0.0,0.0,0.57882345,0.063707195,0.0,0.0,0.19766666,4.0
0.0,0.0,0.0,0.0,0.0,1.144966,1.0431881,0.0,0.6012696,0.0,0.0,0.0,0.0,0.0,0.33139703,0.6351002,0.0,0.79332566,0.0,0.0,1.189594,0.0,0.0,0.0,0.35342267,0.18120067,0.0,0.3706713,0.12056797,0.9998166,0.0,0.0,0.0,0.0,0.0,0.0,0.4005821,0.27628052,0.0,0.0,0.0,0.7956243,0.0,0.0,0.0033824677,0.0,0.3378303,0.24983786,0.186033,0.0,0.31010073,0.0,0.0,0.0,0.0,0.0,0.6775988,0.0,1.1461836,0.4763032,0.0,0.63685644,0.0,0.0,0.0,0.0,0.0,0.0,0.0,0.0,0.0,0.0,0.0,0.0,0.69931895,0.0,0.0,1.2596517,0.3089913,0.0,0.0,1.2214428,0.0,0.551164,0.5402363,0.0,0.25345346,0.72011256,0.0,0.0,0.0,0.40675414,0.0,0.0,0.0,0.0,0.0,0.6488419,0.0,0.58307225,0.0,1.3133036,0.66779107,0.0,0.0,0.0101082,1.0247881,0.0,0.0,1.2411281,0.0,0.0,0.09038225,0.0,0.11480605,0.0,0.020610958,1.0081927,0.34575653,0.0,1.1694145,0.0,0.5384229,0.26003918,1.2093815,0.0,0.053112984,0.024485223,4.0
0.29835033,0.7153893,0.13895933,0.0,0.0,0.83794105,0.6012722,0.20064884,1.222064,0.59830755,0.0,0.0,0.0,0.12806526,0.13828705,1.6412393,0.0,0.7578669,0.0,0.0,0.85018814,0.09932703,0.26480556,0.0,0.7763219,1.0848347,0.0,0.6173383,1.0983783,0.65164304,0.0,0.0,0.14102122,0.0,0.0,0.8146825,1.3929653,0.0,0.48483372,0.0,0.35089913,1.640194,0.0,0.0,0.0,0.0,0.0,0.76294106,1.4814984,0.7702441,0.12654309,0.0,0.0,0.19377944,0.0,0.10543227,1.5875119,0.0,0.7812758,1.4195428,0.0,0.1958356,0.0,0.29137266,0.0,0.16417144,0.21538885,0.0,0.0,0.0,0.56275797,0.0,0.5494719,0.0,0.17806883,0.0,0.85924655,0.9448986,1.7795188,0.91229707,1.2449706,1.7206868,0.0,1.5532124,0.29320943,0.0,0.7924348,0.58772665,0.61383927,0.0,0.08031571,1.5839883,0.28383043,0.59433466,0.22966003,0.0,0.0,1.5525513,0.0,0.33724687,0.0,0.96690565,0.7892862,0.0,0.0,0.0,0.6473215,0.0,0.0,1.2764459,0.0,0.0,0.0,0.0,1.1014986,0.0,0.2606973,0.4692361,0.046195395,0.06459389,1.0031183,0.33148378,1.2140225,0.0,1.2438743,0.70880663,1.0889637,0.10773059,4.0
1.6585269,0.0,1.535503,0.0,1.1730014,0.0,0.0,1.9847921,0.0,0.0,3.389384,1.2492931,0.0,1.330986,0.46499088,0.0,1.8545508,0.80868876,0.0,0.0,0.0,1.4452758,2.5564668,1.839504,1.1931945,0.0,0.0,0.5689196,0.0,0.0,0.0,0.36945915,1.4926288,1.2643573,0.36775538,0.0,0.0,0.24049173,0.0,2.6511748,1.8298435,0.0,2.4834943,2.3033934,2.684157,0.12069314,0.0,0.43936288,0.0,1.6202662,0.0,0.0,0.38732016,2.853005,0.0,1.3531098,0.0,0.13072191,0.0,0.0,0.0,0.06140632,0.11573271,0.38322896,0.0,1.5382504,1.3237197,0.0,0.3907974,2.1342993,0.0,0.34363973,0.0,0.3856708,0.0,0.9914135,0.0,0.0,0.0,0.0,0.0,0.0,0.09862074,0.0,0.0,0.0,0.0,0.56805927,0.0,0.0,1.2614747,0.0,2.985675,0.0,2.9619799,0.0,0.45303538,0.0,0.20142317,0.0,0.0,0.0,0.9622737,0.0,0.12011446,0.0,0.0,0.20499834,0.0,0.0,0.5217457,2.0042205,2.815523,0.0,0.0,0.0,0.19036223,0.0,0.45249978,2.4356031,0.0,0.0,0.5152777,2.3070877,0.0,0.0,0.0,0.20284088,4.0
0.57678163,2.5787275,0.93922323,1.7631377,1.1173301,0.0,0.0,0.7200981,0.46368942,1.2508866,0.09109801,1.0600863,2.0270772,0.91350836,0.0,0.493047,0.0,0.0,1.6429269,2.4366908,0.0,1.1288027,0.0,1.4550865,0.4864959,1.3694935,0.0,0.0,1.3140247,0.0,0.0,0.0,1.5066123,0.0,2.142579,0.5234388,0.343165,0.0,0.0,0.8049267,0.7321321,0.24096996,0.0,0.0,0.0,1.0865277,0.0,0.0,0.43818212,2.399579,0.946012,0.15326399,0.019996423,0.18653819,0.0,0.7042992,0.10383465,2.3374503,0.0,0.024628565,1.358267,0.0,2.0989747,0.8921191,0.24032775,0.3911342,1.3272603,0.21509343,1.5857588,0.0,3.2262254,0.36607802,2.9912164,1.9558743,0.0,1.5274634,1.4476959,0.0,0.0,0.34286064,3.2164886,0.0,2.0641007,0.32944837,0.026759721,1.89394,0.0,0.0,1.2978426,1.5561687,1.5464554,0.66510355,0.0,2.8546157,0.13063689,1.5848526,1.9046233,0.0,0.025074456,0.0,1.2912687,0.0,0.0,0.04768206,0.0,0.0,0.0,0.25520706,0.24765475,0.0,0.13252103,1.3188899,0.0,2.305971,1.2438304,0.0,0.32789138,0.0,0.0,0.0,0.0,1.792735,0.40093252,0.0,0.0,0.5724795,2.46201,0.33020905,4.0
1.1787729,2.4376583,1.5744117,0.83342665,1.4284937,0.0,0.0,0.2672104,0.0,0.87860274,0.0,1.6453518,1.004623,1.6268702,0.110748045,0.6151747,0.0,0.0,1.0357404,1.541286,0.0,1.8926027,0.0,1.8019315,0.62116605,0.72077817,0.0,0.52193946,0.95178825,0.0,0.0,0.0,0.61256546,0.0,1.0706947,0.57972544,0.0,0.0,0.0,0.621331,1.0673274,0.0,0.0,0.08669089,0.0,0.7375136,0.0,0.0,0.31486827,2.4811516,0.3343499,0.400072,0.0,0.0,0.0,0.0,0.41131726,1.4283354,0.0,0.0,0.49693078,0.0,1.4398458,0.25055707,0.40525228,0.41648823,1.7860115,0.047202133,1.2696018,0.0,2.9232569,0.60831565,2.9455392,1.8438138,0.0,1.2798728,1.8618379,0.0,0.0,0.39747867,2.817077,0.0,1.7282298,0.23707896,0.23770382,0.816697,0.0,0.0,1.335766,0.75621665,1.6178136,0.0,0.0,2.6354098,0.0,1.2658315,1.1812168,0.0,0.0,0.35073707,0.8583987,0.0,0.0,0.0,0.0,0.0,0.0,0.43481115,0.08076675,0.0,0.77169794,0.93946105,0.0,0.9068279,0.81042016,0.0,0.46445242,0.1367711,0.0,0.0,0.0,0.9323433,0.0,0.0,0.0,0.47566736,1.9639754,0.0,4.0
2.4098082,0.3338233,1.9776318,0.0,0.04791856,0.0,0.024483645,3.7759361,1.0070391,0.0,1.8104048,1.7374865,0.0,1.7458923,0.24465683,0.0,1.9504259,0.20566311,0.0,0.0,0.24017692,1.3606514,2.5130234,1.3072519,0.65021217,0.3495582,0.0,0.44242966,0.0,0.23017234,0.0,0.0,1.2527226,0.3996172,0.04278728,0.792955,0.67160606,0.34021494,0.0,0.09594101,2.9351432,1.7125413,0.0,0.30472064,0.966106,0.484937,0.0,0.0,0.9506889,2.1626563,0.0,0.0130715305,0.0,3.5453234,0.0,3.2387142,0.0,0.0,0.40863684,0.3843978,0.0,0.0,0.0,0.40994215,0.0,0.35075542,1.552509,0.0,0.0,0.0,0.0,0.0,0.0,0.0,0.0,0.0,0.4242812,0.0,1.5922356,0.0,1.3661561,0.0,0.0,0.0,0.0,0.0,1.4204357,0.10222509,0.9585691,0.0,1.6240472,2.4741507,1.5577453,0.0,2.7765722,0.0,0.0,0.0,0.0,0.0,0.0,1.0653423,0.66254383,0.0,0.0,0.0,0.0,0.0,0.0,0.41936487,0.3341208,1.022893,2.449156,0.0,1.0960248,0.0,0.42985612,0.0,0.61932486,1.6009076,0.14198944,0.29727536,0.17720014,1.6351056,0.61201906,0.0,1.5088229,0.037131865,4.0
0.0,0.0,0.0,0.0,0.0,1.211892,1.1152455,0.2176497,0.5445458,0.026783047,0.0,0.0,0.0,0.0,0.6578335,0.46475762,0.0,0.26571366,0.21068163,0.0,1.3114413,0.0,0.0,0.0,0.47476828,0.5937176,0.0,0.61822367,0.5141383,1.0769477,0.0,0.0,0.0,0.0,0.0,0.0,0.58686304,0.7135144,0.0,0.0,0.0,0.64468247,0.0,0.095965594,0.0,0.0,0.8232724,0.011903334,0.3899804,0.05395387,0.9132741,0.0,0.0,0.0,0.0,0.0,0.5745584,0.0,1.1826487,0.5535685,0.0,0.63283587,0.0,0.0,0.0,0.5646646,0.0,0.0,0.0,0.0,0.0,0.0,0.0,0.0,1.0882146,0.0,0.09296205,1.2483176,0.0,0.045001965,0.5857654,1.0915028,0.0,0.40084717,0.2631343,0.0,0.0,0.0,0.19523256,0.0,0.0,0.3395421,0.0,0.0,0.0,0.0,0.0,0.67536896,0.0,0.43499398,0.0,1.4023408,0.48929676,0.0,0.0,0.0,1.0668718,0.0,0.0,1.3718582,0.0,0.0,0.0,0.0,0.522293,0.0,0.6061606,1.1364537,0.86097074,0.0,1.3289068,0.027062997,0.44382957,0.0731331,1.2908256,0.0,0.3926652,0.119762845,4.0
0.0,0.42676866,0.014119373,0.0,0.65426147,0.4502366,0.4553135,0.45049566,0.0,0.7950005,0.0,0.58106595,0.0,0.5560888,0.12828961,1.0676324,0.0,0.0,0.0,0.0,0.5712989,0.5198904,0.0,0.0,0.0,0.7575485,0.0,0.0,0.5226363,0.12774107,0.0,0.0,0.0,0.0,0.05858565,1.0946461,1.2486122,0.68679744,1.0380485,0.0,0.0,0.22819585,0.0,0.0,0.0,0.3963004,1.7051675,0.0,1.2542883,0.3937336,0.0,0.9564999,0.0,0.0,0.0,0.0,0.76319647,0.0,0.7686484,1.2258017,0.0,0.03484989,0.0,0.52672374,0.0,0.0014773224,0.61692524,0.7634291,0.0,0.0,0.0,0.5736415,0.0,0.0,0.7542451,0.0,0.7053723,0.9879627,0.20183899,1.1045945,1.2806741,1.2522539,0.0,1.0948999,0.0,0.0243875,0.19510366,0.0,1.1805432,0.0,0.4905435,0.0,0.0,0.0,0.0,0.0,0.0,1.2503073,0.67765886,0.092724994,0.0,0.9909278,0.0,0.0,0.0,0.0,0.012598529,0.32888725,0.0,1.5501404,0.46823034,0.0,0.0,0.14568324,1.2058069,0.0,1.5348399,0.67419755,0.593583,0.0,0.5265323,0.38391584,0.0,0.0,1.1335039,0.72683674,0.6731766,0.0,4.0
1.1607603,0.52782905,1.8729225,0.0,0.0,2.5815697,2.1624162,0.0,0.12356064,1.1235882,0.0,0.3304136,0.0,0.0,2.5958407,0.0,0.0,0.0,1.4262252,0.0,2.2232728,0.0,0.0,0.0,0.10955494,2.068762,0.0,1.3808519,3.005155,2.669051,0.0,0.0,0.20331384,0.0,0.0051417663,0.0,0.9316768,1.9032791,0.0,0.0,2.1751502,0.03384735,0.0,1.1024963,0.0,0.0,0.0,0.95968497,0.63768286,0.0,2.8275692,0.6232865,0.0,0.0,0.0,0.0,0.0,0.0,1.5004364,0.38495964,0.0,2.4163368,0.0,0.0,0.0,2.6255853,0.0,0.45995894,0.0,0.15498398,0.0,0.0,0.9198302,0.0,1.4521751,0.0,2.1248846,0.55947465,0.0,0.0,1.4411234,0.0,0.0,0.0,2.232621,0.0,0.0,0.10766657,0.0,0.0,0.0,0.0,0.0,0.52740407,0.0,0.0,0.0,0.63526225,0.0,0.7781386,0.0,2.0624518,0.6763328,0.0,0.0,0.0,2.5705512,0.0,0.85903496,1.0057936,0.0,0.1013616,0.0,0.0,1.6939125,0.0,0.83668554,2.5120957,1.9716507,0.0,2.4462502,0.68582416,1.3734665,0.0,1.0844612,0.0,1.8596946,0.0,4.0
0.07048626,1.2470398,0.56042105,0.5253371,0.024938945,0.0,0.0,0.0,1.007339,0.92086124,0.0,0.078444816,0.09671583,0.036037758,0.0,1.3128482,0.2103298,1.1232752,0.40962133,1.1313686,0.0,0.0,0.0,0.12729724,0.439251,0.7138821,0.0,0.356118,0.7528888,0.0,0.0,0.0,0.0,0.0,0.0,0.5375111,0.55572706,0.0,0.546972,0.020025756,0.36070523,0.9580629,0.0,0.0,0.0,0.0,0.0,1.0694164,0.523425,0.6170142,0.0,0.0,0.3450381,0.0,0.0,0.15096003,1.3758527,0.25798222,0.0,0.78859454,0.0,0.0,0.34409735,0.0,0.0,0.0,0.0074916105,0.0,0.33320698,0.0,1.5881747,0.0,1.6137488,0.5579615,0.0,0.21285234,1.0913051,0.0,0.7208663,0.49262547,1.0391786,0.31155643,0.66055286,1.135902,0.7146994,0.48919356,0.0,0.8167966,0.17125952,0.946495,0.39180893,1.1107937,0.0,1.6486299,0.0,0.7025622,0.72814137,0.7688395,0.0,0.7360256,0.0,0.0,0.6765451,0.0,0.0,0.0,0.0,0.0,0.0,0.0,0.0,0.0,0.0,0.49799043,0.6634796,0.0,0.0,0.0,0.0,0.0,0.0,0.903099,1.2747757,0.0,0.0,0.3866044,1.1688246,0.036396492,4.0
0.0,0.0,0.0,0.0,0.0,1.029498,0.9469666,0.0,0.22614779,0.0,0.0,0.0,0.0,0.0,0.18451205,0.3815248,0.0,0.0,0.34410796,0.0,1.062056,0.0,0.0,0.0,0.093849234,0.4392302,0.0,0.0,0.33209124,0.81709254,0.0,0.0,0.0,0.0,0.0,0.0,0.45873347,0.41846314,0.045480877,0.0,0.0,0.25791615,0.0,0.0,0.0,0.0,1.150743,0.0,0.24573962,0.0,0.48834717,0.021590365,0.0,0.0,0.0,0.0,0.25029954,0.0,0.9881329,0.44133008,0.0,0.33031014,0.0,0.03075222,0.0,0.0,0.0,0.009080075,0.0,0.0,0.0,0.0,0.0,0.0,1.031587,0.0,0.0,1.2366891,0.0,0.0,0.32339263,1.2012383,0.0,0.5227769,0.0,0.18057354,0.0,0.0,0.101562314,0.21447146,0.0,0.0,0.0,0.0,0.0,0.0,0.0,0.6382542,0.6209763,0.0651673,0.0,1.2611554,0.0,0.1642578,0.0,0.0,0.71363753,0.0,0.0005367136,1.3122872,0.0,0.0,0.0,0.42501876,0.41849393,0.0,0.44271144,0.86713403,0.27515575,0.0,1.1035253,0.0,0.0,0.0059243576,1.1962816,0.0,0.30943993,0.061441805,4.0
0.0,0.0,0.0020927233,0.0,0.23355636,0.08214043,0.0,0.05268969,0.0,0.0,0.0,0.26065585,0.0,0.18046907,0.33824128,0.57873493,0.0,0.08937436,0.0,0.0018685152,0.07929948,0.4221108,0.0,0.0,0.4063314,0.0,0.0,0.5074511,0.0,0.0,0.0,0.0,0.0,0.19502491,0.0,0.0,0.18374589,0.50221664,0.17275764,0.0,0.0,0.0,0.23850524,0.15235583,0.20747094,0.0,0.6822514,0.0,0.02735119,0.26539236,0.0,0.0,0.0,0.0,0.0,0.0,0.4260633,0.0,0.45280302,0.17800042,0.0,0.41916808,0.0,0.0,0.0,0.27107427,0.36318016,0.0,0.0,0.0,0.0,0.0,0.0,0.0,0.0,0.0,0.026141366,0.54366845,0.0,0.0,0.16562988,0.58831114,0.0,0.44094676,0.05414812,0.0,0.0,0.0,0.0,0.0,0.23755293,0.0,0.0,0.0,0.0,0.0,0.0,0.25459448,0.0,0.6345753,0.0,0.31698406,0.30802235,0.0,0.0,0.0,0.07474394,0.0,0.0,0.63091284,0.0,0.0,0.2531832,0.0,0.036087688,0.0,0.8217046,0.6359529,0.4740932,0.0,0.025831284,0.0,0.0,0.37051502,0.69684184,0.0,0.0,0.0,4.0
0.6572713,0.6902934,1.4403062,0.53123313,0.0,0.0,0.0,0.0,0.6052075,1.1611998,0.0,0.6337009,0.5046275,0.0,0.0,0.17595644,0.0,0.0,0.0,0.0,0.0,0.0,0.0,0.2219085,0.0,1.1130944,0.5564671,0.0,1.309405,0.0,1.0542495,0.0,0.0,0.0,0.69439054,1.1809965,1.0278562,0.060226258,0.9810985,0.0,0.81230277,0.37962386,0.0,0.11143301,0.0,0.46582028,0.0,0.0,1.007738,0.0,0.005928454,1.0087543,0.0,0.0,0.547645,0.0,0.36908147,0.12309029,0.0,1.0290731,0.87371457,0.0,0.17720819,0.0,1.4973472,0.0021492422,0.0,0.51920766,0.14148504,0.0,0.0,0.86313003,0.69889754,0.0,0.0,0.016077323,1.3575001,0.0,0.0,0.9694958,0.57933336,0.0,0.1298577,0.17514896,0.0,0.41104385,0.79280466,0.0,0.6412013,0.047657397,0.66835284,0.39965323,0.0,0.5710966,0.0,0.7061564,0.21285321,0.8204812,0.31525657,0.17114675,1.1959566,0.0,0.0,0.271471,0.0,0.15450302,0.0,1.0966609,1.180747,0.0,0.9820598,0.0,0.0,0.15433444,1.0996681,1.0193795,0.0,0.0,0.0,0.0,0.0,0.93607336,0.0,0.0,0.0,0.83922774,0.8091594,0.18813458,4.0
0.0,0.7179968,0.44781896,1.057624,0.7402365,0.0,0.0,0.0,0.0,1.4446164,0.0,0.80335444,0.34502155,0.69020134,0.0,1.0104195,0.0,0.0,0.0,0.0,0.0,0.39973158,0.0,0.0,0.0,0.92269707,0.70351434,0.0,0.65531504,0.0,0.9556222,0.3702193,0.0,0.54802316,0.114053406,1.9267932,1.6208154,0.0,1.7391025,0.0,0.0,0.3701082,0.0,0.0,0.0,0.7509872,0.5490937,0.0,1.8139865,0.45698237,0.0,1.3636403,0.0,0.0,0.7019751,0.0,1.035902,0.2107498,0.0,1.6371346,1.0317663,0.0,0.18615177,0.48256227,1.1484178,0.0,0.57881194,1.2336509,0.57477576,0.0,0.37953264,1.3465445,0.44521856,0.3928243,0.0,0.4052571,1.0325712,0.0,0.85958946,1.9344524,0.7423388,0.17218727,0.40125045,0.9158007,0.0,0.675035,1.2755632,0.0,1.8278099,0.62715214,0.8819726,0.15116645,0.0,0.0,0.0,1.0323039,0.14801551,1.6571504,0.9471549,0.0,0.94801766,0.11492784,0.0,0.59339356,0.1385521,0.43125737,0.0,1.4276974,0.6699879,0.39617276,1.4443853,0.0,0.0,0.21874627,1.4462731,1.1095008,0.3514759,0.0,0.0,0.0,0.0,1.0549644,0.0,0.0,0.0,1.6399441,0.28262213,0.0,4.0
0.2671473,0.0,0.0,0.0,0.0,0.5545399,0.4518134,0.889726,1.780996,0.0,1.563982,0.0,0.0,0.0,0.0,0.0,1.8784372,1.1193935,0.0,0.67610395,0.81288534,0.0,1.7715034,0.9839384,1.0999932,0.0,0.0,0.0,0.0,0.76508397,0.0,0.0,0.0,0.0,0.0,0.0,0.0,0.0,0.0,1.1788523,0.0,1.4546474,0.59574574,0.0,1.4247787,0.0,0.0,0.7962641,0.0,0.0,0.27170175,0.0,0.053443164,1.5707358,0.0,1.644116,0.0,0.0,0.41835752,0.0,0.0,0.38433635,0.0,0.0,0.0,0.0,0.0,0.0,0.0,1.6206551,0.0,0.0,0.0,0.0,0.47810456,0.0,0.0,1.7309213,0.0,0.0,0.0,0.2957357,0.0,0.0,0.7741765,0.0,0.0,0.6534044,0.0,0.019227143,0.0,1.3797084,1.7578908,0.0,0.67168605,0.0,0.0,0.0,0.0,0.31609324,0.0,0.5810996,1.2828624,0.0,0.0,0.022738751,0.771473,0.0,0.0,0.41276085,0.0,0.0,1.6070213,0.0,0.0,0.0,0.0,0.021379171,0.20689298,0.0,0.84919715,0.0,0.8542393,1.6746098,1.8741513,0.0,0.0,2.9901283,4.0
0.03220843,0.9375561,0.8997498,1.2707365,1.0265627,0.0,0.0,0.0,0.09521445,1.9431583,0.00024766903,1.1889542,1.4533126,1.0858874,0.0,0.23487084,0.15555987,0.07345649,1.637768,1.0330617,0.0,0.0,0.0,0.2083227,0.0,1.2525613,0.71570265,0.0,1.2557075,0.0,0.8416478,0.013903306,0.16924576,0.0,1.1234525,1.2130332,0.8085669,0.0,0.82537884,0.0,1.0092008,0.0,0.0,0.16060437,0.0,0.37062111,0.0,1.2665054,0.67063874,0.16374029,0.67911303,0.0,0.9749343,0.0,0.82441336,0.0,0.40939638,1.1905609,0.0,0.6659555,0.99402016,0.0,1.0717343,0.0,0.14072081,0.9482971,0.18032709,0.25576523,1.2967638,0.0,1.4265126,0.0,2.0956767,1.2903619,0.0,0.89201003,1.406099,0.0,0.22160256,1.0349724,0.51255333,0.0,1.5048841,0.14480004,0.7131823,1.2413487,0.61420333,0.5217246,0.29624835,0.9792322,0.71309745,0.2729156,0.0,1.863334,0.0,1.2844437,1.4259334,0.95993656,0.20587462,0.0,0.5357154,0.0,0.0,0.02921288,0.29780024,0.574085,0.0,0.23636916,0.80465645,0.0,0.13728124,0.47598478,0.0,1.1872514,1.3021275,0.47124982,0.0,0.0,0.0,0.0,0.0,1.8119512,1.0351541,0.0,0.0,0.8372526,0.7803343,0.0,4.0
0.0,0.0,0.0,0.4295872,0.0,0.0,0.0,0.0,0.8800232,0.0,0.5796692,0.0,0.4382314,0.0,0.0,0.2195314,1.1646918,2.1658921,0.8451267,2.0802908,0.0,0.0,0.096131556,0.26873237,0.5207039,0.0,0.0,0.71035695,0.0,0.0,0.0,0.0,0.0,0.35052314,0.0,0.0,0.0,0.0,0.0,0.33700886,0.0,0.0,1.013294,0.0,0.0,0.0,0.0,2.204262,0.0,0.0,0.0,0.0,1.5010067,0.0,0.23125407,0.0,0.13458489,0.6719293,0.0,0.0,0.0,0.0,0.90264505,0.0,0.0,0.0,0.0,0.0,0.6956044,0.8080111,0.5947652,0.0,0.546374,0.89597416,0.0,0.55345446,0.0,0.0,0.0,0.0,0.0,0.0,0.922927,0.12650454,1.2239462,0.69861954,0.0,2.011646,0.0,1.7917612,0.0,0.23613329,0.6082058,0.8404171,0.0,0.6128211,1.3960531,0.0,0.0,0.99487364,0.0,0.0,1.0567596,0.0,0.48198754,0.47323257,0.0,0.0,0.0,0.0,0.0,0.0,0.0,0.87403834,0.0,0.0,0.0,0.0,0.0,0.0,0.0,0.0,1.7718856,0.04094926,0.0,0.0,0.0,0.28484437,4.0
0.0,0.30784097,0.0,0.7929841,0.0,0.0,0.0,0.0,0.8905464,0.7317131,0.0,0.0,0.0,0.0,0.0,0.15127033,0.10856329,0.0,0.0,0.0,0.14342485,0.0,0.0,0.0,0.0,0.56173074,1.5372049,0.0,0.31837502,0.010956143,1.4937897,1.0542517,0.0,0.10472141,0.0,1.3273225,1.0774951,0.0,0.9966718,0.0,0.0,0.7130438,0.0,0.0,0.0,0.31994888,0.0,0.0,1.1786582,0.0,0.0,0.99653476,0.9888066,0.0,1.4760026,0.0631271,0.44554147,0.0,0.0057510096,1.2006668,0.7249385,0.0,0.0,0.28427395,1.2636883,0.0,0.0,1.0510904,0.0,0.0,0.0,1.0677117,0.22874066,0.0,0.0,0.0,0.3869495,0.0,0.5553815,1.4647758,0.0,0.0,0.0,0.24006775,0.0,0.40403,1.8338479,0.0,0.96858615,0.5565224,0.0,1.1628724,0.0,0.11261309,0.0,1.0257063,0.07601306,1.2384541,0.8211725,0.0,0.98848706,0.1446916,0.0,1.2565174,1.1441518,1.4349371,0.0,0.98827183,1.1458356,0.0,0.9543615,0.0,0.0,0.052630715,0.85424805,1.3768582,0.0,0.0,0.0,0.41196898,0.0,0.93959916,0.0,0.0,0.0,1.2131302,0.0,0.4940297,4.0
1.2269862,2.2509453,1.7954804,0.1628116,1.4496542,0.0,0.0,0.42295724,0.9876096,1.9728601,0.7422438,1.4157538,0.0,1.6293409,0.0,2.6694818,0.0,0.6522995,0.0,0.045757107,0.0,1.2155218,0.31048155,0.0,1.0173434,1.4526067,0.0,1.004923,1.4755231,0.0,0.0,0.0,1.6803819,0.0,0.32813686,1.9537625,2.0436308,0.0,1.1870763,0.511739,1.5445251,1.3872422,0.0,0.34407434,0.0,0.24867782,0.0,1.1935905,2.397369,2.3270633,0.0,0.31038323,0.0,0.31770605,0.0,0.0,2.4292693,0.0,0.0,2.0944781,0.0,0.0,0.0,1.0944589,0.050643634,0.57629216,1.522814,0.39914665,0.25907266,0.055553105,2.084562,0.52698195,2.1212738,0.54813355,0.0,0.29491952,2.043886,0.0,2.7590039,1.8190371,2.3259346,0.721981,0.86632276,2.439696,0.0,0.0,0.65982336,0.06614603,1.4535456,0.0,1.7316747,1.9292833,1.0255886,2.031895,1.1878195,0.75796986,0.34970075,2.1148734,0.0,0.06331471,0.0,0.0,0.63118243,0.0,0.0,0.0,0.0,0.6220695,0.0,0.0,0.8417045,1.7662482,0.0,0.0,1.9821234,0.0,0.2006494,0.0,0.0,0.41731563,0.0,1.4439752,1.5152072,0.0,0.0,1.5070469,1.5123411,0.0,4.0
0.04733472,0.10953022,0.0,1.8380295,0.0,0.05663945,0.0,0.0,0.0,0.0,0.017284716,0.0,2.2143707,0.0,0.0,0.0,0.0,0.0,2.1748846,1.2924621,0.046662726,0.0,1.4715409,0.0,0.0,0.036982287,3.0461173,0.0,0.0,0.22077568,2.7291763,3.0080698,0.0,0.0,1.1559896,0.0,0.0,0.0,0.0,0.0,0.1757124,0.0,1.1479659,0.0,1.9294513,1.2164185,0.0,0.29363,0.0,0.0,1.7025673,1.9670244,2.820538,0.90789247,2.947287,0.0039228364,0.0,1.6678036,0.0,0.0,2.1536787,0.0,1.6183629,1.707487,2.1552224,0.0,0.0,1.9985236,0.38348356,1.4058135,0.0,1.2864891,0.0,0.017082404,0.3723422,0.45061025,0.028715963,0.38215852,0.0,0.0,0.0,0.0,0.8200876,0.0,0.7284005,2.0521243,1.0176871,0.47573322,0.0,1.8935581,0.0,0.0,0.0,0.0,0.0,2.1319656,1.6639717,0.0,0.0,0.0,2.3310268,0.0,0.0,2.861054,3.1384256,3.1911433,0.0,1.4406021,3.1538076,0.0,0.8926186,0.0,0.8492251,2.2378752,0.24168481,2.4444764,0.0,0.0,0.0,2.2701058,0.0011258147,0.0,0.0,0.39998922,0.0,0.9898151,0.19649857,0.34486428,4.0
0.15082626,0.0,0.14517206,0.0,0.0,0.95482755,0.9145045,0.0,0.13931984,0.0,0.0,0.0,0.0,0.0,1.2508879,0.15114257,0.0,0.75667095,0.0,0.0,0.86262196,0.0,0.0,0.0,0.98170465,0.0,0.0,1.3486799,0.15763158,1.2620364,0.0,0.0,0.0,0.0,0.0,0.0,0.0,1.407277,0.0,0.56332415,0.36610082,0.29713756,0.0,0.7284422,0.0,0.0,0.0,0.0,0.0,0.0,0.5186726,0.0,0.0,0.0,0.0,0.0,0.19120234,0.0,0.5764291,0.0,0.0,1.6050407,0.0,0.0,0.0,0.17533937,0.0,0.0,0.0,0.0,0.0,0.0,0.0,0.0,0.26375762,0.0,0.0,0.6126343,0.0,0.0,0.0,0.0,0.0,0.0,1.4615648,0.0,0.0,0.52943933,0.0,0.0,0.0,0.0,0.0,0.0,0.0,0.0,0.0,0.0,0.0,1.4251072,0.0,0.6688823,1.3880595,0.0,0.0,0.0,1.6114881,0.0,0.0,0.025305614,0.0,0.0,0.16317607,0.0,0.0,0.0,0.0,1.2442605,1.394622,0.0,1.0552142,0.0,0.0,0.3583297,1.0501406,0.0,0.0,0.0,4.0
0.0,0.5141209,0.022068951,0.51963806,0.0,0.0,0.0,0.0,0.8830165,0.9701784,0.0,0.0,0.0,0.0,0.0,0.63036156,0.0,0.0,0.0,0.0,0.217146,0.0,0.0,0.0,0.0,0.73463386,1.458135,0.0,0.49181703,0.06094065,1.3669477,0.8225957,0.0,0.0,0.0,1.7513311,1.4539924,0.0,1.3643179,0.0,0.0,0.9745887,0.0,0.0,0.0,0.23051065,0.0,0.0,1.6679424,0.07705328,0.0,1.0931042,0.7704892,0.0,1.4098424,0.0,0.93368363,0.0,0.10143678,1.6282318,0.4419689,0.0,0.0,0.18343785,1.2715174,0.0,0.0,1.0923352,0.0,0.0,0.0,1.1965437,0.2810106,0.0,0.0,0.0,0.6639349,0.0,0.94084615,1.8835413,0.0,0.0,0.0,0.6485076,0.0,0.007816544,2.0501556,0.0,1.2252073,0.20660388,0.013878057,1.3039334,0.0,0.088175535,0.0,0.8721003,0.0,1.6489084,0.5263837,0.0,0.7139782,0.24785265,0.0,1.035095,1.0224651,1.3293557,0.021731112,1.0286422,0.96186167,0.10725428,1.0752356,0.0,0.0,0.0,1.1494997,1.3798099,0.0,0.0,0.0,0.3069505,0.060080238,0.99088174,0.0,0.0,0.0,1.524883,0.0,0.13044174,4.0
0.0,0.0,0.017200673,2.004429,0.0028605864,0.0,0.0,0.0,0.43434876,0.08769289,1.9069746,0.0,1.8930036,0.0,0.0,0.0,0.9379111,0.0,1.036473,1.2806971,0.0,0.0,1.8389318,0.35426566,0.0,0.0,1.0339651,0.0,0.0,0.0,1.6570386,1.8216429,2.0368173,0.60374033,1.7362721,0.0,0.0,0.0,0.0,0.24761,0.1463667,0.0,0.6619204,0.0,0.09472772,1.1938769,0.0,1.2949377,0.0,0.0,0.37801743,0.83134186,1.7479905,1.4898684,1.0656275,0.5784235,0.0,2.084768,0.0,0.0,1.5014851,0.0,1.9605016,1.8284327,1.2919767,0.0,0.0,1.1190654,1.9765565,2.2065895,0.594704,0.6374942,0.8047721,1.7250236,0.0,1.6381199,0.0,0.0,0.054079186,0.0,0.0,0.0,2.2421336,0.0,0.0,1.9674037,0.00726339,0.0,0.0,1.687928,0.0,0.24560893,2.1117175,1.1667726,0.9017329,1.9759934,2.3249362,0.0,1.317367,0.0,1.6319289,0.0,0.0,1.6503024,0.9150689,0.86369,0.0,1.4586942,1.6771176,0.0,1.1280191,1.6880842,0.0,1.542601,0.0,0.09802398,0.0,0.0,0.0,1.5869868,0.0,0.19081892,0.9829003,0.0,0.0,0.17163347,0.0,0.5820763,4.0
0.0,1.363686,0.80710447,1.28076,1.4833122,0.0,0.0,0.0,0.0,2.2635598,0.0,1.4460293,1.4914016,1.3572869,0.16567117,0.6266984,0.5630209,0.25650257,1.6962734,0.74319875,0.0,0.57544273,0.0,0.84899396,0.0,1.4509189,0.3746928,0.0,1.7588459,0.0,0.3407271,0.0,0.0,0.0,0.98472077,1.3746648,0.7248456,0.0,1.2033267,0.0,0.7901733,0.0,0.0,0.24253389,0.0,0.114723966,0.0,1.0620762,0.54799056,1.1828586,0.88646185,0.0,0.35695678,0.0,0.46252936,0.0,0.8111681,1.1628909,0.0,0.6841395,0.94612795,0.0,1.0083061,0.0,0.0,1.0442699,0.79213196,0.0,1.2947531,0.0,2.4699104,0.0,2.587951,1.4531933,0.0,0.92493296,1.5701635,0.0,0.21358722,1.3244382,1.2314819,0.0,1.5160502,0.36102232,1.1126462,1.3642888,0.3442543,0.6675242,0.57388014,0.8377758,1.0210578,0.35947722,0.0,2.3099036,0.0,1.0699446,1.0904331,0.8326543,0.0,0.17504087,0.34640387,0.0,0.0,0.0,0.0,0.025348037,0.0,0.0,0.22986515,0.0,0.0,0.36558694,0.0,1.4055243,1.2761139,0.40211943,0.011281719,0.0,0.0,0.0,0.0,2.551923,0.7111075,0.0,0.0,0.93201214,1.3230176,0.0,4.0
0.0,0.30824524,0.0,0.7994395,0.0,0.0,0.0,0.0,0.8811332,0.72306836,0.0,0.0,0.0,0.0,0.0,0.110814326,0.1128818,0.0,0.0,0.0,0.14933819,0.0,0.0,0.0,0.0,0.56008387,1.5638912,0.0,0.32711616,0.029571809,1.5119138,1.076047,0.0,0.079033926,0.0,1.2995723,1.0511272,0.0,0.9778199,0.0,0.0,0.69339937,0.0,0.0,0.0,0.3384366,0.0126526235,0.0,1.1460276,0.0,0.0,1.005903,0.9998749,0.0,1.5022581,0.057565223,0.40492168,0.0,0.009209367,1.1611935,0.73857373,0.0,0.0,0.27275178,1.2833267,0.0,0.0,1.055964,0.0,0.0,0.0,1.0765228,0.23126668,0.0,0.0,0.0,0.37210786,0.0,0.5011603,1.4337338,0.0,0.0,0.0,0.19620591,0.0,0.4160873,1.8226836,0.0,0.9357538,0.55783486,0.0,1.1427678,0.0,0.11193721,0.0,1.0270379,0.07038779,1.2011211,0.8111529,0.0,1.0088065,0.1420752,0.0,1.279279,1.1592169,1.4539384,0.0,0.9913704,1.1727672,0.0,0.9562121,0.0,0.0,0.07493822,0.8448075,1.3951079,0.0,0.0,0.0,0.41608277,0.00673707,0.94495314,0.0,0.0,0.0,1.2031251,0.0,0.49891415,4.0
0.0,0.55503315,0.0,0.0,0.0,0.49450922,0.26475826,0.0,1.1507322,0.45738962,0.0,0.0,0.0,0.0,0.0,1.0330968,0.0,0.74456024,0.20691314,0.30133834,0.501588,0.0,0.0,0.0,0.31978163,0.79076475,0.0,0.14030656,0.789762,0.3452996,0.0,0.0,0.0,0.0,0.0,0.4411715,0.82350844,0.0,0.31690967,0.0,0.0,1.1876668,0.0,0.0,0.0,0.0,0.0,0.7569278,0.78963006,0.21229964,0.11904895,0.0,0.2113431,0.0,0.0,0.17942077,1.0549405,0.0,0.5621979,0.91367596,0.0,0.0,0.0,0.0,0.0,0.0,0.0,0.0,0.0,0.0,0.63466656,0.0,0.64383066,0.0,0.0,0.0,0.61532336,0.5107397,0.9704857,0.50231814,0.7328454,1.0893632,0.0,1.0123532,0.30680293,0.032588333,0.5395949,0.55279213,0.27876127,0.35874462,0.0,1.2664584,0.02854615,0.72062254,0.0,0.21117258,0.0,1.0172453,0.0,0.21814495,0.0,0.5837778,0.43861508,0.0,0.0,0.0,0.37119362,0.0,0.0,0.80570495,0.0,0.0,0.0,0.0035626604,0.7040856,0.0,0.0,0.13582225,0.0,0.0,0.6704713,0.42671385,1.0749041,0.0,0.63479304,0.43136594,0.8604509,0.4305638,4.0
1.3866447,1.1376203,2.0281143,1.2572496,1.1658369,0.0,0.0,0.0,0.0,0.9485184,0.0,1.7981657,1.2477945,0.9617688,0.0,0.54635864,0.23684706,0.0,0.0,0.9173138,0.0,0.79589444,0.0,1.406616,0.0,0.0,0.0,0.0,0.0,0.0,0.5545071,0.0,0.0,1.8447149,1.1225854,1.2055424,0.3754818,0.0,1.28543,0.049224652,1.0116311,0.0,0.0,0.0,0.0,0.38395098,0.0,0.0,0.6953183,0.4272263,0.0,0.6037227,0.0,0.0,0.0,0.5744944,0.38955638,1.8430488,0.0,0.50634325,1.4074236,0.0,1.5842316,0.0,1.6922973,0.0,1.1062115,0.21206465,2.087871,0.0,0.37452587,0.8731194,0.5905085,1.9848799,0.0,2.1673098,1.1900351,0.0,0.8722138,0.9248113,0.44005883,0.0,1.9912477,0.70369273,0.0,0.86618876,0.17512675,0.0,0.9422555,0.8301803,2.1916811,0.005578146,0.0,0.59103996,0.0,1.43778,2.0873497,0.15236549,0.0,0.030573493,1.1843692,0.0,0.0,0.0,0.0,0.0,0.0,1.476738,0.051828057,0.0,1.2672111,0.41986278,0.0,0.75801116,0.12430707,0.7889715,0.0,0.0,0.0,0.0,0.0,0.2665977,0.0,0.0,0.0,0.91752124,0.4480943,0.0,4.0
0.0,0.0,0.0,0.609736,0.83071727,0.33531207,0.78052986,0.0,0.0,0.8740004,0.22930917,0.6721556,1.3027014,0.77401453,0.30393898,0.0,0.3476163,0.0,1.2681732,0.0,0.15991643,0.41746268,0.0,0.0,0.0,0.52262765,1.1958886,0.0,0.7579587,0.1623513,0.8068959,0.82838035,0.0,0.0,0.9511196,0.3314561,0.0,0.0026816772,0.27279755,0.0,0.0,0.0,0.09215103,0.080825984,0.0,0.8961936,0.87271774,0.28737184,0.0,0.0,1.1211975,0.46523717,0.47469127,0.0,1.2684574,0.0,0.0,0.39390895,0.0,0.0,1.0173876,0.0,0.3393043,0.118853435,0.13193244,0.6357659,0.1844268,0.73900634,0.6300776,0.028655393,0.18923636,0.22584182,0.25471097,0.32188794,1.1131825,0.21317372,0.0,0.0,0.0,0.43272716,0.0,0.0,0.4068157,0.0,0.2370796,0.9429068,0.70956933,0.27122438,0.2645067,0.35053086,0.0,0.0,0.0,0.07624143,0.0,0.35224208,0.04861682,0.11936371,0.57884526,0.0,0.52445084,0.15076585,0.0,0.8261782,0.8063471,0.9398602,0.10793815,0.5838947,0.8721827,0.0,0.5432739,0.16118346,0.0,0.9759203,0.25301397,0.76275015,0.4134874,0.12314984,0.0028315585,0.15711966,0.06744416,0.9715244,0.0079401685,0.0,0.0,0.35343513,0.0,0.0,4.0
0.48307255,1.1976715,0.87044704,0.0,0.4096497,0.0,0.0,0.0,0.47411966,1.014798,0.0,0.45169953,0.0,0.49932158,0.0,1.2950741,0.0,0.4577165,0.0,0.0,0.0,0.27280402,0.0,0.0,0.2387628,0.81263083,0.0,0.38188535,0.952115,0.0,0.0,0.0,0.0,0.0,0.0,0.9238831,1.0497638,0.0,0.8546145,0.0,0.5421779,0.861989,0.0,0.0,0.0,0.0,0.0,0.3569447,1.1292886,0.8114834,0.0,0.0,0.04500245,0.0,0.0,0.0,1.3846389,0.0,0.01785591,1.0986785,0.0,0.0,0.0,0.0,0.029775089,0.0,0.501952,0.0,0.0,0.0,0.9620457,0.0,1.0794898,0.0,0.0,0.0,1.3450873,0.0,1.0067627,0.9078146,1.0931469,0.45126328,0.06994478,1.0980273,0.42503417,0.0,0.47221524,0.29075173,0.46280164,0.054066516,0.6382515,0.81276023,0.0,0.98337924,0.0,0.3962266,0.0,1.142507,0.0,0.46423012,0.0,0.0,0.39045858,0.0,0.0,0.0,0.009225247,0.0,0.0,0.19574502,0.07794029,0.0,0.0,0.0,1.0176536,0.0,0.0,0.0,0.0,0.0,0.0,0.68108255,0.62664443,0.0,0.0,0.7951259,0.9744436,0.0,4.0
0.0,0.6963411,0.0,0.0,0.0,0.8639892,0.58127797,0.0,0.71755457,0.5061567,0.0,0.0,0.0,0.0,0.09881692,0.7172317,0.0,0.29880694,0.23326628,0.06192132,0.85563284,0.0,0.0,0.0,0.1018445,0.8807512,0.0,0.0,0.9488606,0.68956864,0.0,0.0,0.0,0.0,0.0,0.40628856,0.7814804,0.0,0.41939428,0.0,0.0,1.0047657,0.0,0.0,0.0,0.0,0.22967008,0.0,0.72307086,0.28651494,0.3513615,0.0,0.0,0.0,0.0,0.0,0.87031573,0.0,0.9233131,0.80527157,0.0,0.20325468,0.0,0.0,0.0,0.0,0.0,0.0,0.0,0.0,0.5818168,0.0,0.5696621,0.0,0.57758135,0.0,0.76786476,0.63271207,0.1627027,0.5047732,0.9828592,0.8208124,0.0,0.60075855,0.43505675,0.0,0.3843838,0.16405496,0.34771448,0.23639372,0.0,0.74230427,0.0,0.5023317,0.0,0.0,0.0,0.83790934,0.0,0.43817315,0.0,0.93325216,0.29201612,0.0,0.0,0.0,0.7256639,0.0,0.0,1.1427456,0.0,0.0,0.0,0.13710666,0.80612344,0.0,0.090469934,0.7343807,0.0,0.0,0.97484845,0.592282,0.3605392,0.0,0.8383916,0.3942774,1.0070913,0.1742722,4.0
2.6163607,0.46598375,2.6473184,0.0,0.0060511385,2.438179,1.649399,0.82837665,0.0,0.25472772,1.8779948,0.7927284,0.0,0.3633879,3.3544567,0.0,0.0,0.0,0.4528624,0.0,1.7689229,0.988602,2.1563532,0.42521918,0.54858303,1.4484975,0.0,2.100763,2.7575872,2.717579,0.104965724,1.2246163,2.0679615,0.0,0.6444001,0.0,0.5311342,2.5398724,0.0,0.453712,3.3320582,0.0,0.0,2.4089267,0.59910923,1.0706944,0.0,1.0393533,0.45550206,0.0,2.8050303,2.3892868,0.0,1.8699408,0.0,0.0,0.0,0.0,0.5508987,0.0,0.0,2.8450294,0.0,1.8102202,0.6461084,3.7594106,0.32628083,2.0292923,0.0,2.007804,0.0,1.6736995,0.38641202,0.0,1.4928966,0.0,1.9633229,0.4168423,0.0,0.0,1.2882318,0.0,0.0,0.0,1.5424427,0.0,0.0,0.0,0.0,0.0,0.3017751,0.0,2.1601841,0.050942056,1.729294,0.0,0.0,0.0,0.0,0.0,0.0,1.4913052,0.6004021,0.6440854,0.0,0.0,2.6311667,1.5756654,1.5566767,0.19331045,2.0202327,1.7997975,0.12166128,0.0,0.97081715,0.0,1.9428712,2.5606723,2.6599572,2.1370142,1.9862756,0.0,1.2356158,0.17701459,1.0360684,0.0,1.4662263,0.0,4.0
0.6731887,0.6493567,0.29729033,0.0,0.10151582,1.0517186,0.19538757,0.18727003,0.0,0.0,0.0,0.12778252,0.0,0.46735084,0.6136412,0.10573737,0.0,0.0,0.13574384,0.0,0.50233144,0.9235457,0.23551978,0.0,0.014237014,0.4694302,0.08938219,0.20921871,0.70236087,0.92687696,0.16063266,0.25168118,0.0,0.0,0.0,0.24008459,0.419089,0.026604164,0.0,0.0,0.2711068,0.32207718,0.0,0.0,0.6551534,0.081835575,0.0,0.0,0.61292636,0.80624044,0.48440677,0.79063046,0.11593873,0.2049807,0.0,0.0,0.23216715,0.0,0.287266,0.23805295,0.0,0.65830386,0.0,0.48610812,0.32894635,0.1743241,0.6071483,0.6048696,0.0,0.0,0.3152082,0.63697326,0.46369606,0.0,0.51433146,0.0,0.8166094,0.012372765,0.24134442,0.3196738,0.93311965,0.13220064,0.0,0.0,0.20635372,0.0,0.35811183,0.0,0.5098598,0.0,0.08688255,0.13607447,0.0,0.33956897,0.0,0.058761187,0.0,0.24864589,0.0,0.0,0.0,0.4556473,0.0,0.27648744,0.087954275,0.0,1.1513814,0.29785126,0.35914963,0.40190917,0.63127166,0.0,0.22664143,0.0,0.5282641,0.0031267186,0.64595276,1.3137721,0.06783104,0.5630757,0.7408884,0.0,0.0,0.0,0.39440942,0.52808577,0.6575355,0.0,4.0
0.0,0.0,0.0,0.0,0.0,1.4593965,1.3258257,0.0,0.9067502,0.0,0.0,0.0,0.0,0.0,0.3545031,0.8001713,0.0,1.1252315,0.0,0.0,1.4704295,0.0,0.0,0.0,0.38394076,0.34725586,0.0,0.32895255,0.3159212,1.2615956,0.0,0.0,0.0,0.0,0.0,0.0,0.5164262,0.1657225,0.024364682,0.0,0.0,1.1493714,0.0,0.0,0.0,0.0,0.14602673,0.50661254,0.32475948,0.0,0.3327493,0.0,0.053137425,0.0,0.0,0.0,0.91956335,0.0,1.3951871,0.6302196,0.0,0.73244286,0.0,0.0,0.0,0.0,0.0,0.0,0.0,0.0,0.0,0.0,0.0,0.0,0.849334,0.0,0.0,1.3826528,0.5065682,0.0,0.0,1.4096717,0.0,0.6687035,0.7750426,0.0,0.5556922,1.1258287,0.0,0.0,0.0,0.78898996,0.0,0.0,0.0,0.0,0.0,0.83365273,0.0,0.7002608,0.0,1.5730613,0.9019696,0.0,0.03186707,0.21847275,1.2996361,0.0,0.0,1.4158357,0.0,0.0,0.0,0.0,0.19057377,0.0,0.0,1.1676686,0.25603956,0.0,1.4851717,0.0,0.82560885,0.15435626,1.3386332,0.0,0.21627107,0.16084585,4.0
0.0,0.0,0.0,0.0,0.0,0.5962897,0.36282957,0.0,0.55075026,0.0,0.0,0.0,0.0,0.0,0.0,0.94841623,0.0,0.8152197,0.0,0.25523892,0.52562404,0.0,0.0,0.0,0.35768953,0.09247356,0.0,0.14459185,0.0,0.43307886,0.0,0.0,0.0,0.0,0.0,0.0,0.38783443,0.0,0.16920051,0.0,0.0,0.8014246,0.0,0.0,0.0,0.0,0.0,0.28581268,0.29760116,0.0,0.0,0.0,0.15004244,0.0,0.0,0.0,0.80726963,0.0,0.69624007,0.5221498,0.0,0.27287906,0.0,0.0,0.0,0.0,0.0,0.0,0.0,0.0,0.0,0.0,0.0,0.0,0.0,0.0,0.0067505,0.83625793,0.7685403,0.0,0.037599336,1.1524539,0.0,0.9077812,0.38836145,0.0,0.27281412,0.8943202,0.0,0.3429521,0.0,0.4762481,0.0,0.0,0.0,0.0,0.0,0.66237855,0.0,0.4871736,0.0,0.70442766,0.5284102,0.0,0.1660375,0.20273677,0.4925654,0.0,0.0,0.852088,0.0,0.0,0.0,0.0,0.10494571,0.0,0.0,0.47117922,0.0,0.0,0.6254477,0.0,0.50131357,0.07501093,0.90192246,0.074556984,0.20401837,0.0,4.0
0.0069459314,0.0,0.10390816,0.7192797,0.89320874,0.0,0.55886,0.0,0.0,0.3858031,1.9768734,0.77263737,1.3810836,0.96950936,0.0,0.0,0.056535292,0.0,0.95470893,0.0,0.07260314,0.0,2.0011926,0.0,0.0,0.107685216,0.9457343,0.0,0.10743809,0.0,1.2098074,1.7876114,2.2228732,0.62179726,1.4532204,0.0,0.0,0.0,0.0,0.0,0.0,0.0,1.0699018,0.87492263,0.46649554,1.6319941,0.0,0.76839286,0.0,0.0,0.8848873,1.3120794,1.1823344,1.4977967,0.9373222,0.0,0.0,0.72774816,0.0,0.0,1.065155,0.0,0.74346006,2.167586,0.3887392,0.78414315,0.0,1.9255989,0.904717,2.1127524,0.0,0.9028736,0.0,0.39965189,0.20931052,0.34936923,0.20066705,0.0,0.0,0.0,0.0,0.0,0.69319236,0.0,0.0,1.0929964,0.18790266,0.0,0.042396847,0.52657294,0.059174266,0.0,1.9354591,0.0,1.4178871,0.5009027,0.8073874,0.0,1.4621462,0.0,0.8578217,0.0,0.0,1.2838961,1.1227455,0.89530027,0.0,1.4414089,1.4206251,0.0,1.4585499,1.9171455,0.052890193,0.76990783,0.17840852,0.0,0.0,0.0,0.0,2.253326,0.0,0.0,1.0249013,0.07907882,0.0,0.0,0.0,0.0,4.0
0.0,0.0,0.0,0.0,0.0,1.1639698,0.9979662,0.0,0.7451546,0.0,0.0,0.0,0.0,0.0,0.46260208,0.7434601,0.0,1.1613526,0.25316676,0.34397426,1.0962201,0.0,0.0,0.0,0.7122527,0.22527695,0.0,0.6961316,0.12235006,0.97934204,0.0,0.0,0.0,0.0,0.0,0.0,0.21233627,0.36479214,0.0,0.0,0.0,0.72754645,0.0,0.0,0.0,0.0,0.16582757,0.7347443,0.0,0.0,0.47696155,0.0,0.0,0.0,0.0,0.0,0.70413184,0.0,1.1465657,0.31142524,0.0,0.75644106,0.0,0.0,0.0,0.0,0.0,0.0,0.0,0.048069026,0.0,0.0,0.0,0.0,0.5630425,0.0,0.0,1.2579502,0.23842958,0.0,0.0,1.3377181,0.0,0.70620626,0.7490684,0.0,0.0,1.1603559,0.0,0.043203346,0.0,0.3977093,0.01616973,0.0,0.0,0.0,0.0,0.5727989,0.0,0.74864537,0.0,1.2126998,0.9941907,0.0,0.0,0.0,1.0519907,0.0,0.0,1.0861509,0.0,0.0,0.0,0.0,0.018818084,0.0,0.0,0.95634127,0.41306224,0.0,1.2623701,0.0,0.94356585,0.16280875,1.295319,0.0,0.17181891,0.0014834605,4.0
0.0,0.0,0.0,0.0,0.0,1.0831926,0.98779607,0.0,0.42955062,0.0,1.14019,0.0,0.0,0.0,0.8315906,0.0,0.5162629,1.3071773,1.7005258,0.99350816,1.0452534,0.0,0.5179601,0.0,0.38957915,0.0,0.0,0.87849987,0.0,0.99449784,0.0,0.0,0.0,0.0,0.0,0.0,0.0,0.786999,0.0,0.268823,0.0,0.0,0.8235976,0.8309671,0.6389226,0.0,0.92314786,1.3083339,0.0,0.0,1.8405316,0.0,0.77750254,0.39522678,0.0,0.0,0.0,0.0,0.8212398,0.0,0.0,0.9883861,0.010434108,0.0,0.0,0.7651669,0.0,0.0,0.0,1.6206375,0.0,0.0,0.0,0.0,1.0245745,0.0,0.0,0.8676639,0.0,0.0,0.0,0.0,0.0,0.0,1.0951531,0.2716238,0.0,0.9464945,0.0,0.5486758,0.0,0.0,0.98566663,0.0,0.08785121,0.0,0.0,0.0,0.7821377,0.51202595,0.0,0.9201187,0.9025909,0.0,0.0,0.020021921,1.2371062,0.0,0.0,0.046520956,0.0,0.22290286,0.72781366,0.98079556,0.0,0.0,0.0,0.97321296,0.94733024,0.0,1.1114678,0.0,1.1766368,0.86018044,0.4352769,0.0,0.0,0.8485348,4.0
0.0,0.0,0.0,0.0,0.0,1.822853,1.5026737,0.0,0.0,0.0,2.235237,0.0,0.34001696,0.0,1.7943851,0.0,0.0,0.80405843,3.0706968,0.88047206,1.3984025,0.0,2.4101212,0.0,0.0,0.017525468,0.88355714,1.3356292,0.0,1.5524184,0.3104134,1.2439017,1.135274,0.0,0.8403653,0.0,0.0,1.0985945,0.0,0.0,0.08464904,0.0,1.3181155,1.8475053,0.70468205,0.50941443,0.0,2.754906,0.0,0.0,3.1863284,0.0,1.9841028,1.347526,1.0310118,0.0,0.0,0.0,0.5396897,0.0,0.0,1.7309551,0.0,0.88806134,0.0,2.8590574,0.0,0.88873875,0.0,3.2912338,0.0,0.0,0.0,0.0,0.78631175,0.0,0.0,0.5214903,0.0,0.0,0.0,0.0,0.0,0.0,1.7996626,0.0,0.0,1.6808269,0.0,0.0,0.0,0.0,2.3012004,0.0,0.65559864,0.0,0.0,0.0,1.2313017,0.0,0.0,1.2292359,0.0,0.7370091,1.4969486,1.3307674,1.4848363,0.0,1.3049064,0.0,0.0,1.338182,0.26873675,0.5596187,0.0,0.0,0.0,1.1891677,1.1870351,2.1335328,1.3617444,0.0,2.4383938,0.49250248,0.0,0.0,0.0,0.0,4.0
2.1895769,0.059816726,1.8371583,0.0,1.8002602,0.0,0.0,1.5444664,0.0,0.0,3.0315745,2.0767188,0.0,1.8889458,1.3624172,0.0,1.9642828,0.8080535,0.004665926,0.0,0.0,2.4182436,1.4032681,2.738286,0.7978927,0.0,0.0,0.5024701,0.0,0.0,0.0,0.0,0.60637456,0.7160779,0.8632531,0.0,0.0,0.8713428,0.0,2.872286,2.531037,0.0,1.7460058,2.1856194,2.3574312,0.29511303,0.0,0.0,0.0,2.7784798,0.0,0.0,0.0,2.2239964,0.0,1.4069252,0.0,0.129027,0.0,0.0,0.0,0.6028595,0.18111832,0.0,0.0,1.9330546,2.1027687,0.0,0.4406124,1.0036972,0.07336109,0.038302034,0.0,0.17637815,0.0,1.1058428,0.0,0.0,0.0,0.0,0.0,0.0,0.0,0.0,0.0,0.0,0.0,0.48478106,0.0,0.0,1.9036484,0.0,1.963579,0.0,2.1913018,0.0,0.0,0.0,0.0,0.10259885,0.0,0.0,1.1397916,0.0,0.0,0.0,0.0,0.0,0.0,0.0,0.5962634,1.6159939,2.331968,0.0,0.0,0.0,1.0590671,0.044544857,1.0189263,1.4170195,0.0,0.0,0.0,1.673767,0.0,0.0,0.0,0.0,4.0
0.0,0.0,0.0,0.7289044,0.0,0.574146,0.0,0.00072714686,0.0,0.0,0.0,0.0,0.5446807,0.0,0.0,0.0,0.017337728,0.0,0.7031965,0.0,0.2752494,0.0,0.77610534,0.0,0.0,0.0,1.3043298,0.0,0.05379464,0.50385517,1.4856012,1.7564869,0.0,0.0,0.26171398,0.0,0.0,0.0,0.0,0.0,0.0,0.0,0.09110788,0.0,1.0474632,0.80109674,0.4792344,0.0,0.0,0.0,0.50193447,1.3750404,1.1034575,0.73528844,1.1932678,0.43614218,0.0,0.36854643,0.0,0.0,0.9598377,0.0,0.40390095,1.0819973,1.3163803,0.0,0.0,1.3724533,0.12782024,0.34179935,0.0,1.2614768,0.0,0.0,0.74964267,0.05090229,0.0,0.0,0.0,0.1257318,0.0,0.0,0.23428307,0.0,0.0,0.79234886,0.82953197,0.0,0.5014785,0.7909187,0.0,0.027069755,0.0,0.0,0.0,1.0636076,0.14166012,0.0,1.036318,0.0,1.4257061,0.12796994,0.0,1.7624717,1.1959014,1.1409807,0.5689829,1.1526874,1.65335,0.0,1.2072258,0.0,0.54702145,0.66499996,0.0,1.0424083,0.0,0.4594887,0.0,1.1743178,0.31081164,0.0,0.0,0.019692155,0.0,0.44882447,0.0,0.44884187,4.0
0.87931263,1.4968553,1.3106751,0.49315137,1.2002457,0.0,0.0,0.48666108,0.6570294,1.4238259,1.1826842,1.1456631,0.0,1.3186052,0.0,1.6180463,0.0,0.1969881,0.0,0.03579046,0.0,0.96043634,0.73955595,0.0,0.5488513,0.9160028,0.0,0.6433202,0.98045504,0.0,0.18425663,0.20592159,1.9110645,0.0,0.7151928,1.3481236,1.3300043,0.0,0.64322627,0.5257634,1.1632249,0.6039986,0.0,0.47368115,0.0,0.64720356,0.0,1.1079501,1.4711536,1.6430278,0.0,0.66347796,0.17489439,0.71969754,0.0,0.050714336,1.400269,0.38230434,0.0,1.3039461,0.0,0.0,0.24237253,1.4110932,0.38286453,0.63327146,1.1652887,0.734304,0.6245988,0.6756189,1.5813645,0.70182645,1.6178994,0.73535335,0.0,0.5744879,1.3762304,0.0,1.9568434,1.2217901,1.5090795,0.1740352,1.1089644,1.4995135,0.0,0.18301357,0.38791505,0.0,1.0919749,0.0,1.3186829,1.2944319,1.4154079,1.6573364,1.2883075,0.8693432,0.6532962,1.3236822,0.0,0.0,0.0,0.0,0.023014335,0.057052776,0.0,0.0,0.0,0.9875975,0.16101289,0.0,1.0884463,1.9365206,0.0,0.0,1.327723,0.0,0.031269267,0.0,0.0,0.9217462,0.0,1.0077397,1.2575195,0.0,0.0,1.0762947,0.84704334,0.0,4.0
0.0,0.6337577,0.0,0.15699762,0.0,0.09707379,0.0,0.0,1.1188576,0.3805384,0.13888614,0.0,0.0,0.0,0.0,1.0971243,0.0,0.9766168,0.59480435,1.1017774,0.0,0.0,0.0,0.0,0.7941459,0.6517079,0.0,0.5912949,0.6409874,0.0,0.0,0.0,0.15696564,0.0,0.0,0.14197,0.3640949,0.0,0.0,0.1411911,0.009335848,0.926502,0.0,0.0,0.0,0.0,0.0,1.0611724,0.28432402,0.48361447,0.3313967,0.0,0.06701394,0.0,0.0,0.09551013,1.048705,0.09821626,0.31024548,0.5476175,0.0,0.0,0.12659535,0.0,0.0,0.0,0.0,0.0,0.0076958556,0.0,1.2828565,0.0,1.1742965,0.12609068,0.0,0.0,0.48872802,0.090767115,0.58042145,0.1195441,1.070116,0.76456165,0.25581756,1.0027388,0.51290935,0.34659928,0.0,0.6139188,0.21659917,0.6425833,0.0,1.0551659,0.23577942,1.2602826,0.05974096,0.20673285,0.29730263,0.56200874,0.0,0.58247805,0.0,0.067863174,0.75920326,0.0,0.0,0.0,0.12707233,0.0,0.0,0.38295668,0.0,0.27248302,0.0,0.49613488,0.45400918,0.0,0.0,0.0,0.0,0.0,0.3395511,0.4556367,1.3417956,0.0,0.3844784,0.07000932,1.0190307,0.36562246,4.0
0.4867588,0.0,0.38715994,0.0,0.0,1.4746279,1.3126951,0.0,0.9091544,0.0,0.0,0.0,0.0,0.0,1.0199926,0.0,0.13577925,0.3396466,0.0,0.0,1.4930545,0.0,0.047637794,0.34716052,0.44854882,0.07343131,0.0,0.3492871,0.8178888,1.7263483,0.0,0.0,0.0,0.0,0.0,0.0,0.0,1.0701379,0.0,0.13077314,0.45098388,0.9812963,0.0,0.0,0.12020175,0.0,0.0,0.0,0.0,0.0,0.9010546,0.0,0.0,0.0,0.0,0.07136872,0.0,0.0,0.99459994,0.0,0.0,1.3592889,0.0,0.0,0.038865093,0.0015086135,0.0,0.0,0.0,0.10694514,0.0,0.0,0.0,0.0,1.1389477,0.0,0.12837794,1.0669055,0.0,0.0,0.08034799,0.034492653,0.0,0.0,1.3473663,0.0,0.0,0.10572974,0.0,0.0,0.0,0.43979925,0.03002682,0.0,0.0,0.0,0.0,0.0,0.0,0.7917721,0.0,1.2336314,0.92671883,0.0,0.0,0.124146394,1.8695595,0.0,0.07271738,0.6782539,0.0,0.0,0.28239346,0.0,0.0,0.0,0.0,1.3367137,1.0902202,0.0,1.6152419,0.0,0.22299743,0.41645357,1.4693897,0.0,0.5727312,0.8480281,4.0
0.0,1.5307298,0.33263314,1.7497239,0.006388983,0.0,0.0,0.0,1.2516066,1.042566,0.0,0.0,0.7329942,0.0,0.0,1.1636049,1.0927296,0.6217848,0.12739387,0.7818538,0.0,0.0,0.0,0.69808584,0.0,0.41673613,0.5069302,0.0,0.25067466,0.0,0.77472943,0.0,0.0,0.27843806,0.0,1.0848666,0.51512647,0.0,1.1080594,0.03884496,0.0,1.095732,0.0,0.0,0.0,0.0,0.0,0.23160668,0.59538627,0.9099844,0.0,0.0,0.8886568,0.0,0.54976296,0.8690795,1.1667408,1.276014,0.0,0.9206375,1.0131164,0.0,1.128946,0.0,0.61686754,0.0,0.0,0.0,1.1804683,0.0,2.0323644,0.0,1.811421,1.4967915,0.0,1.1735312,0.736005,0.0,0.796174,1.1577342,0.49155793,0.0,1.5028753,1.0478561,0.0,1.4102159,0.6601687,0.08113335,0.6751225,1.747755,0.54909134,1.5612527,0.0,1.8597025,0.0,1.7198066,1.4925091,0.746912,0.30130604,0.0,1.0561445,0.0,0.0,0.1609637,0.11865272,0.5474572,0.0,0.11212381,0.13322978,0.0,0.0,0.0,0.0,1.1644983,0.47186714,0.82078314,0.0,0.0,0.0,0.0,0.0,1.9394834,0.15435758,0.0,0.0,0.9007832,0.6241776,0.8071658,4.0
0.0,0.0,0.0,0.18165408,0.0,0.3769912,0.3462816,0.0,0.76614195,0.0,1.4101849,0.0,0.059150442,0.0,0.0,0.0,0.9091083,0.36274374,0.4657739,0.10926287,0.4572122,0.0,2.1417332,0.0,0.0,0.0,1.1201202,0.0,0.0,0.3914258,0.9189625,1.6047984,0.27785963,0.30228916,0.0,0.0,0.0,0.0,0.0,0.0,0.0,0.0,1.3018987,0.0,1.4554056,0.0,0.0,1.100097,0.0,0.0,0.55931306,0.039136156,1.6641064,1.6585455,1.3199896,0.4346795,0.0,0.12753293,0.0,0.0,0.15109405,0.0,0.15191944,1.104567,0.16278267,0.0,0.0,0.41539174,0.0,2.2794657,0.0,0.0,0.0,0.0,0.31403306,0.0,0.0,0.7347208,0.30586296,0.0,0.0,0.37610117,0.03100699,0.0,0.0,0.4237844,0.63678896,0.24760768,0.0,0.7454433,0.0,0.46936473,1.7536944,0.0,0.2728642,0.34570336,0.3656266,0.0,0.7021094,0.0,0.102826394,0.38402542,0.0,1.4073185,1.6708108,1.5669936,0.37362424,0.12581915,1.002748,0.0,0.0,0.0,1.2160276,0.27576104,0.0,0.24997763,0.0,0.0,0.0,1.7749332,0.2735344,0.0,0.78164864,1.1146154,0.0,0.0,0.0,1.303114,4.0
1.1884952,1.4987715,1.3353466,0.0,1.370315,0.0,0.0,1.0030046,0.792819,1.4179347,1.5112609,1.2367793,0.0,1.6503451,0.0,2.4142008,0.0,0.3887536,0.0,0.0,0.0,1.5351137,1.2987301,0.0,1.1652589,1.0735089,0.0,1.2040726,1.1060312,0.0,0.0,0.16092643,2.3333535,0.0,0.4416929,1.67538,1.9257026,0.0,0.7416624,0.58461267,1.35442,1.1281781,0.0,0.6289654,0.0,0.6958006,0.0,1.2109524,2.2417371,2.1943822,0.0,0.9087482,0.0,1.1869603,0.0,0.0,2.0537705,0.0,0.0,1.8937421,0.0,0.0,0.0,1.9974469,0.12160809,0.83740485,1.6002183,1.0236373,0.0,0.90110546,1.356138,0.99862677,1.3194278,0.094974086,0.0,0.030669976,1.4402984,0.0,3.0853763,1.5977757,1.9120228,1.0275784,0.5355893,2.2562644,0.0,0.0,0.7136123,0.0,1.3785325,0.0,1.4440415,1.7559142,1.9555506,1.318169,1.7734444,0.3753846,0.0,1.9570314,0.0,0.0,0.0,0.0,0.46472046,0.0,0.0,0.0,0.0,1.0288315,0.0,0.0,1.3190266,2.2160432,0.0,0.0,1.6692861,0.0,0.595493,0.0,0.0,1.7339462,0.0,0.6484047,1.5104905,0.0,0.0,1.3861177,0.87906814,0.0,4.0
0.0,0.0,0.0,0.0,0.0,0.4041773,0.26204947,0.0,0.15368845,0.0,0.0,0.0,0.0,0.0,0.29917574,0.9787582,0.0,1.1668326,0.0,0.27150452,0.33459666,0.0,0.0,0.0,0.720325,0.0,0.0,0.8682671,0.0,0.30088437,0.0,0.0,0.0,0.0,0.0,0.0,0.14899327,0.2523711,0.0,0.0,0.0,0.44705272,0.38407475,0.0,0.08549954,0.0,0.0,0.35697022,0.0,0.0,0.0,0.0,0.0,0.0,0.0,0.0,0.8635455,0.0,0.68458515,0.28565213,0.0,0.6466409,0.0,0.0,0.0,0.021434397,0.0,0.0,0.0,0.0,0.0,0.0,0.0,0.0,0.0,0.0,0.0,0.7911016,0.56329393,0.0,0.0,1.0120863,0.0,0.7875689,0.65873444,0.0,0.0,1.1697972,0.0,0.0,0.0,0.0,0.0,0.0,0.0,0.0,0.0,0.48023406,0.0,0.9785868,0.0,0.556163,0.9978116,0.0,0.0,0.0,0.47390118,0.0,0.0,0.63788223,0.0,0.0,0.2340132,0.0,0.0,0.0,0.1025551,0.66219443,0.34141818,0.0,0.3857625,0.0,0.4971536,0.4252792,0.82465976,0.0,0.0,0.0,4.0
0.26041958,1.9654673,0.9037412,0.5646115,0.70151365,0.0,0.0,0.0,0.657769,1.4375315,0.0,0.75168854,0.35948774,0.6811112,0.0,1.7825701,0.0,0.8289848,0.76978385,1.4323,0.0,0.4126785,0.0,0.36103293,0.9239338,1.3108716,0.0,0.7520837,1.3532786,0.0,0.0,0.0,0.0,0.0,0.0472663,0.83874947,0.8194694,0.0,0.6344792,0.27321407,0.5513111,0.8565367,0.0,0.0,0.0,0.0,0.0,0.7067317,0.9514079,1.5112065,0.05408364,0.0,0.0,0.0,0.0,0.0,1.7617834,0.5111341,0.0,0.99185795,0.031160211,0.0,0.5274534,0.0,0.0,0.005483119,0.7226679,0.0,0.4887831,0.0,2.5301917,0.0,2.4835057,0.85717636,0.0,0.34633324,1.7018625,0.0,0.49264795,0.68108374,2.3571756,0.27023536,0.84449285,1.5083597,0.75456667,0.61133564,0.0,0.5015673,0.7850839,0.84937096,0.9275108,0.8309766,0.0,2.2844303,0.0,0.6825789,0.6178838,0.9505048,0.0,1.0854262,0.0,0.0,0.9041656,0.0,0.0,0.0,0.0,0.0,0.0,0.0,0.0,0.40118662,0.0,0.759175,1.2637658,0.0,0.0,0.0,0.0,0.0,0.0,1.478619,0.9931183,0.0,0.0,0.5382091,2.0652444,0.0,4.0
0.0,1.2855206,0.04401429,1.5420867,0.35502154,0.0,0.0,0.0,0.86323255,1.2527281,0.0,0.19452748,0.73314357,0.093197726,0.0,1.1265919,0.76764476,0.31934318,0.19771604,0.21231508,0.0,0.0,0.0,0.4805011,0.0,0.6264261,0.7623681,0.0,0.5390082,0.0,0.7982533,0.0,0.0,0.03871151,0.0,1.3267056,0.72148454,0.0,1.3369925,0.0,0.0,0.94334877,0.0,0.0,0.0,0.0,0.0,0.0,0.77917796,1.1241233,0.0,0.0,0.7241329,0.0,0.8413626,0.640206,1.1135439,1.008951,0.0,1.021967,1.0354499,0.0,0.84074473,0.0,0.62160814,0.0,0.15897869,0.0,0.9740919,0.0,1.9267328,0.054855,1.6244518,1.2040075,0.0,0.93724275,0.72161937,0.0,0.9565952,1.4609934,0.66725844,0.0,1.2128589,0.9825578,0.0,1.2701348,0.9503928,0.1301597,0.8636483,1.4211293,0.54817194,1.2884649,0.0,1.5573928,0.0,1.5324527,1.0073168,0.91562873,0.18256734,0.0,0.92528296,0.0,0.0,0.3362883,0.2917442,0.701194,0.0,0.2861743,0.25660437,0.0,0.015245993,0.0,0.0,1.0709668,0.68809974,1.0097077,0.0,0.0,0.0,0.0,0.0,1.9574462,0.0,0.0,0.0,1.181899,0.63916326,0.48499325,4.0
0.1483211,1.8622695,1.1896715,1.3696328,1.1465712,0.0,0.0,0.0,0.54828733,2.471601,0.0,1.2837106,1.3287078,1.0752548,0.0,0.85763687,0.022871014,0.14697331,1.6510649,1.1692106,0.0,0.102086745,0.0,0.2514612,0.0,1.8986049,0.13728735,0.0,1.873752,0.0,0.45853364,0.0,0.047560465,0.0,0.9987544,1.5921566,1.369153,0.0,1.2056705,0.0,0.93372244,0.4200965,0.0,0.059090637,0.0,0.21059768,0.0,0.9928401,1.2617761,0.9311917,0.723719,0.0,0.46422508,0.0,0.19703864,0.0,1.0837009,1.1403561,0.0,1.166453,0.9938944,0.0,0.9965658,0.0,0.0,0.90197045,0.4833907,0.0,1.0929694,0.0,2.2282975,0.0,2.6549485,1.2138426,0.0,0.7560854,2.0019474,0.0,0.21963201,1.4046464,1.5840391,0.0,1.3731965,0.6750967,0.78359884,1.374635,0.5132686,0.39741153,0.8019268,1.0098455,1.1457399,0.78490686,0.0,2.3279798,0.0,1.230752,1.2459311,1.3894055,0.0,0.1134609,0.46777412,0.0,0.0,0.0,0.0,0.0,0.0,0.0,0.4273462,0.0,0.0,0.41362372,0.0,1.3220654,1.9371288,0.17369199,0.0,0.0,0.0,0.0,0.0,2.5546021,0.9799731,0.0,0.0,1.1027294,1.6260209,0.0,4.0
0.0,0.0,0.0,0.0,0.0,1.1887971,0.92127377,0.0,0.45563203,0.0,0.0,0.0,0.0,0.0,0.67641765,0.95518905,0.0,1.026532,0.061187003,0.06517714,1.0171965,0.0,0.0,0.0,0.7077494,0.3593812,0.0,0.75734395,0.32265052,0.99565756,0.0,0.0,0.0,0.0,0.0,0.0,0.42113551,0.47347274,0.0,0.0,0.0,0.7334155,0.0,0.0,0.0,0.0,0.096346036,0.4101476,0.27306336,0.0,0.35419628,0.0,0.0,0.0,0.0,0.0,0.93923706,0.0,1.1480705,0.46983704,0.0,0.8957171,0.0,0.0,0.0,0.0012013734,0.0,0.0,0.0,0.0,0.053729,0.0,0.0,0.0,0.54498863,0.0,0.018849015,1.03951,0.33875117,0.0,0.33619025,1.247352,0.0,0.78046435,0.8325868,0.0,0.0,1.1041341,0.0,0.0,0.0,0.25115168,0.0,0.0,0.0,0.0,0.0,0.7330768,0.0,0.9012058,0.0,1.1378773,1.0375938,0.0,0.0,0.0,1.1262853,0.0,0.0,1.0906281,0.0,0.0,0.0,0.0,0.2536196,0.0,0.26138902,1.212316,0.5156882,0.0,1.2135161,0.0,0.63313025,0.0,1.2244518,0.0,0.34935904,0.0,4.0
0.78625137,0.71849203,0.7831674,0.0,0.3673958,0.2339798,0.0,0.0,0.0,0.28141758,0.0,0.53202796,0.0,0.6871968,0.44585446,0.0,0.0,0.0,0.6582114,0.0,0.0,0.6218351,0.31523418,0.33925104,0.0,0.40272546,0.35158238,0.42388853,0.75243604,0.1896097,0.5604815,0.4704179,0.0,0.0,0.0,0.23996058,0.16834058,0.0,0.0015391886,0.0,0.75964016,0.0,0.0,0.0,0.12125387,0.18424168,0.0,0.35810152,0.2529472,0.5212218,0.5059753,0.6873278,0.7102589,0.22285473,0.40865195,0.0,0.07482293,0.0,0.0,0.01523756,0.0,0.39032653,0.0,0.37618887,0.5151211,0.51950705,0.47679693,0.49566257,0.0,0.047633767,0.61993116,0.5735145,1.0289335,0.03213379,0.0,0.0,1.124224,0.0,0.2192826,0.19588505,0.60267246,0.0,0.26934433,0.0,0.5557755,0.0,0.13210875,0.0,0.115478024,0.0,0.2527225,0.0,0.0,0.9725664,0.0,0.6157201,0.0,0.12017263,0.0,0.0,0.21425542,0.0,0.0,0.33574635,0.37581688,0.31949502,0.53359276,0.6176871,0.77700496,0.0,0.8428462,0.1098853,0.0,0.0,0.3968509,0.0968414,0.09996858,0.565997,0.0,0.3729809,0.0,0.0,0.2928708,0.0,0.0,0.46801695,0.59736437,0.0,4.0
1.4891607,1.0464638,1.9584602,0.0,0.0,1.1938872,0.5741452,0.0,0.10619757,0.8474264,0.0,0.5836654,0.0,0.0,1.3780003,0.0,0.0,0.0,0.5183347,0.0,0.80016387,0.0,0.0,0.6032888,0.0,1.4252998,0.24481091,0.24638928,2.2353742,1.2281003,0.73288125,0.35692698,0.036422968,0.0,0.38728285,0.3847987,0.6413773,0.98262465,0.022220911,0.0,1.7998064,0.15198123,0.0,0.38970712,0.0,0.5007778,0.0,0.0,0.61242586,0.0,1.3227634,1.3718494,0.0,0.0,0.0453636,0.0,0.0,0.0,0.36481148,0.27376875,0.017979404,1.1861924,0.0,0.084735,1.2028881,1.146151,0.0,0.91018176,0.0,0.0,0.0,0.9655228,1.0114394,0.0,0.6162434,0.0,1.9477007,0.0,0.0,0.23394229,1.3693048,0.0,0.0,0.0,0.96949375,0.0,0.12193952,0.0,0.11417838,0.0,0.43262365,0.0,0.0,0.7047081,0.0,0.046523675,0.0,0.08874905,0.0,0.13009349,0.88769037,0.6599377,0.0,0.3863176,0.0,0.0,1.3279445,1.0482702,1.3591571,0.25906128,1.1293999,0.0,0.0,0.0,1.1054735,0.3309867,0.5902015,1.3319869,0.8562105,0.0,0.981494,0.6823658,0.0,0.0,0.2675479,0.22764759,1.6710578,0.0,4.0
0.0,0.83362216,0.0,0.17671052,0.5827804,0.4155478,0.0,0.0,0.18618813,0.7270222,0.0,0.3192682,0.2580077,0.8066622,0.29585356,1.0887682,0.0,0.17827237,0.6865944,0.05663279,0.0,0.87266874,0.0,0.13280116,0.07731155,0.897803,0.0,0.037653208,1.0369921,0.11483342,0.0,0.0,0.0,0.0,0.18349843,0.6850384,0.49325147,0.0,0.4267509,0.0,0.0,0.62058675,0.0,0.0,0.0,0.08773636,0.050884504,0.08655104,0.647247,1.4956185,0.55919963,0.0,0.07354931,0.0,0.0,0.0,0.88402444,0.09207863,0.13373823,0.602634,0.10589161,0.0100118155,0.0,0.0,0.0,0.058457594,0.72822577,0.0,0.07308299,0.0,1.6484786,0.0,1.408361,0.24133445,0.3623158,0.043536294,0.5665852,0.0,1.0068154,0.8897738,1.5839919,0.41135427,0.27584627,0.82873243,0.47694463,0.22405274,0.37353945,0.31469575,0.7317542,0.295673,0.14011104,0.6083216,0.0,1.3441831,0.0,0.50685126,0.0,0.56663156,0.0,0.16089709,0.0,0.0,0.254805,0.018575212,0.0,0.0,0.4474361,0.0,0.0,0.16854174,0.0,0.0,0.0,0.43244383,0.7159294,0.0,0.5737094,0.7108878,0.05509802,0.0,0.44661948,0.86774296,0.0,0.0,0.18344674,0.7817441,1.2537501,0.0,4.0
0.0,0.28015712,0.0,0.0,0.0,1.6327707,1.6473334,0.0,2.5809991,0.0,0.0,0.0,0.0,0.0,0.0,1.5303146,0.5730246,1.1453838,0.0,0.0,1.9792161,0.0,0.0,0.0,0.17154586,0.87917405,0.0,0.0,0.6039869,1.1961062,0.0,0.0,0.0,0.0,0.0,0.6933996,1.4174721,0.0,0.87739843,0.0,0.0,2.8665254,0.0,0.0,0.0,0.0,0.39191616,0.26960906,1.314535,0.0,0.0,0.0,0.0,0.0,0.0,1.3459405,1.5427337,0.0,1.8721023,1.7220292,0.0,0.06196464,0.0,0.0,0.0,0.0,0.0,0.0,0.0,0.0,0.0,0.0,0.0,0.0,1.2068288,0.0,0.28118086,2.639,1.7449802,1.0079275,0.27945378,2.659466,0.0,1.651382,0.03374628,0.0,1.5944189,0.71406245,0.44000748,0.23251094,0.0,2.4532917,0.0,0.0,0.0,0.0,0.0,1.781635,0.0,0.6290535,0.0,2.3216698,0.78857183,0.0,0.0,0.16534568,1.0565919,0.0,0.0,2.8698926,0.0,0.0,0.0,0.0,0.47042057,0.20423286,0.0,0.6399052,0.0,0.0,1.7688578,0.17354909,0.75598097,0.20126693,2.5944045,0.59703904,0.97629505,2.1177294,4.0
0.0,0.0,0.0,0.0,0.0,1.6094174,1.6627108,0.0,2.6485684,0.0,0.0,0.0,0.0,0.0,0.0,1.0836477,0.95733356,1.2348924,0.0,0.0024789849,1.9741942,0.0,0.0,0.0,0.016835779,0.57453454,0.0,0.0,0.32696763,1.2083303,0.0,0.0,0.0,0.0,0.0,0.27001962,0.9686211,0.0,0.54159266,0.0,0.0,2.703771,0.0,0.0,0.0,0.0,0.59855986,0.42713872,0.755619,0.0,0.0,0.0,0.007908294,0.0,0.0,1.4919311,1.0733815,0.0,1.8287098,1.2866718,0.0,0.0444177,0.0,0.0,0.0,0.0,0.0,0.0,0.0,0.0,0.0,0.0,0.0,0.0,1.3172822,0.0,0.0,2.6970246,1.3860481,0.61599636,0.0,2.484881,0.0,1.2803544,0.09280164,0.0,1.4522978,0.8157137,0.08524495,0.4599696,0.0,2.3807788,0.0,0.0,0.0,0.0,0.0,1.3401191,0.0,0.48840827,0.0,2.2874863,0.73719066,0.0,0.0,0.38419333,1.050091,0.0,0.0,2.7004514,0.0,0.0,0.034034085,0.0,0.050188832,0.30835435,0.0,0.5748018,0.0,0.0,1.7430015,0.0,0.7765623,0.4362888,2.5270782,0.27006897,0.68005896,2.5245852,4.0
0.0,0.0,0.0,1.2985771,0.0,0.0,0.0,0.0,0.9547904,0.17207311,0.0,0.0,0.6223188,0.0,0.0,0.0,0.74105,0.0,0.5834194,0.0,0.0,0.0,0.40391773,0.0,0.0,0.15585148,1.7011718,0.0,0.0,0.0,1.7592449,1.5395525,0.0,0.36264092,0.21672837,0.41679108,0.26164076,0.0,0.2270423,0.0,0.0,0.22347441,0.027587548,0.0,0.0,0.48769864,0.28361866,0.0,0.15758045,0.0,0.016410112,0.79801136,1.4294015,0.3499514,1.6522957,0.45662263,0.0,0.63758326,0.0,0.29531643,1.2664108,0.0,0.60082686,0.4858894,1.3064605,0.0,0.0,0.9368903,0.40743247,0.65845823,0.0,0.81837153,0.08619535,0.19452576,0.0,0.29106203,0.0,0.0,0.0,0.5552199,0.0,0.0,0.4393693,0.0,0.0,1.1445863,1.3911086,0.0,0.34060472,1.2121365,0.0,0.90795475,0.07650667,0.13504045,0.0,1.3181394,0.7666671,0.32996535,1.3176587,0.0,1.5213351,0.0,0.0,1.6956862,1.4334636,1.6781607,0.0,0.91770476,1.5403844,0.0,0.72968686,0.0,0.0,0.90488243,0.1938369,1.3689024,0.0,0.0,0.0,0.63966477,0.0,0.76464593,0.0,0.0,0.0,0.567135,0.0,1.2537946,4.0
0.0,0.41643992,0.0,0.6157251,0.0,0.0,0.0,0.0,0.8757339,0.8827681,0.0,0.0,0.0,0.0,0.0,0.4875756,0.0,0.0,0.0,0.0,0.17606226,0.0,0.0,0.0,0.0,0.651746,1.4834347,0.0,0.39034098,0.022252634,1.3995178,0.902295,0.0,0.06250667,0.0,1.610376,1.3311303,0.0,1.2359883,0.0,0.0,0.8793998,0.0,0.0,0.0,0.26260903,0.0,0.0,1.5092577,0.0,0.0,1.0496405,0.8609666,0.0,1.4421941,0.0,0.7839829,0.0,0.061613474,1.4899666,0.5297898,0.0,0.0,0.2448594,1.2466804,0.0,0.0,1.084084,0.0,0.0,0.0,1.1479865,0.23436342,0.0,0.0,0.0,0.530174,0.0,0.8645557,1.7442551,0.0,0.0,0.0,0.53854424,0.0,0.13774396,1.9870852,0.0,1.1393739,0.335364,0.0,1.2567804,0.0,0.07281744,0.0,0.9251233,0.0,1.5332774,0.65661585,0.0,0.7776748,0.20657964,0.0,1.1075674,1.0833447,1.3741751,0.0,1.0027349,1.0038452,0.049393434,1.0304778,0.0,0.0,0.0,1.0446163,1.3598827,0.0,0.0,0.0,0.38217652,0.01773968,0.9502724,0.0,0.0,0.0,1.4192775,0.0,0.24776979,4.0
0.0,0.0,0.0,1.5114107,0.0,0.0,0.0,0.0,0.87093633,0.0,1.0493207,0.0,1.4946525,0.0,0.0,0.0,1.4626967,0.89183944,1.3034426,2.0226371,0.0,0.0,0.7717881,0.6810954,0.0,0.0,0.54139054,0.0,0.0,0.0,0.69979787,0.37174326,0.034661442,0.23787774,0.16460474,0.0,0.0,0.0,0.0,0.3504702,0.0,0.0,0.71660304,0.0,0.1902876,0.0,0.0,1.6352719,0.0,0.0,0.23696078,0.0,1.6522777,0.5079819,0.66313314,0.6877012,0.0,1.5834754,0.0,0.0,0.93286306,0.0,1.6353015,0.0,0.16739886,0.0,0.0,0.0,1.3361614,1.3035201,0.839554,0.0,0.84592015,1.3393296,0.0,1.1056004,0.0,0.0,0.0,0.0,0.0,0.0,1.608015,0.0,0.5322155,1.6713659,0.0,0.798953,0.0,2.0706372,0.0,0.43079612,1.0135201,1.1860319,0.0,1.4296999,1.9800929,0.0,0.20243092,0.0,0.9202567,0.0,0.0,0.48102215,0.66595554,0.7654088,0.0,0.0,0.58237606,0.0,0.0,0.10805846,0.069195375,1.7075926,0.0,0.24890424,0.0,0.0,0.0,0.0,0.0,0.0,1.3296146,0.0,0.0,0.0,0.0,1.1180252,4.0
0.06144416,0.0,0.13556069,0.967011,0.028922584,0.0,0.0,0.6278542,0.42286602,0.0,2.5504162,0.0,0.88843036,0.12614821,0.0,0.0,0.27477148,0.0,0.09823945,0.28580835,0.0,0.0,2.7033513,0.0,0.0,0.0,0.6515402,0.0,0.0,0.0,1.2657866,2.0291772,2.6206877,0.28697023,1.495898,0.0,0.0,0.0,0.0,0.36135694,0.43017724,0.0,0.63321424,0.32422945,0.568021,1.3728946,0.0,1.3302286,0.0,0.0,0.37437782,1.377547,1.2644895,2.2709131,0.81564337,0.38308805,0.0,1.1063418,0.0,0.0,0.6431773,0.0,0.9463937,2.6573055,1.2280437,0.34378266,0.0,1.6234818,1.1579353,2.7157018,0.0,1.1765068,0.07755094,0.83760893,0.0,0.9455124,0.0,0.0,1.0677953,0.0,0.0,0.0,1.4694988,0.0,0.0,0.80837435,0.21829452,0.0,0.02752973,0.4669723,0.0,0.5275032,2.9928894,0.44721773,1.6078887,1.2578562,1.2611601,0.0,0.8210607,0.0,0.71409255,0.0,0.0,1.61938,0.8333386,0.5893124,0.0,1.7626749,1.4608967,0.0,1.610467,2.1127834,0.46225956,0.17456481,0.0,0.0,0.0,0.0,0.0,2.7944674,0.0,0.0,1.0689934,0.15185457,0.0,0.25121373,0.0,0.2005314,4.0
0.0,0.0,0.0,1.1300867,0.0,0.0,0.0,0.0,1.0666733,0.0,0.24764337,0.0,0.88797057,0.0,0.0,0.0,1.2686117,0.8911588,1.0080224,1.4812582,0.0,0.0,0.38570473,0.09321292,0.0,0.0,0.6236847,0.0,0.0,0.0,0.6263697,0.28489837,0.0,0.19014043,0.0,0.0,0.0,0.0,0.0,0.0,0.0,0.23303656,0.48110497,0.0,0.1095051,0.0,0.0,1.067828,0.0,0.0,0.030006887,0.0,1.4591334,0.17036241,0.77583075,0.6173554,0.0,0.8997621,0.0,0.0,0.7755188,0.0,0.968986,0.0,0.0051905327,0.0,0.0,0.0,0.63659257,0.6883196,0.2873907,0.0,0.30329514,0.5512963,0.0,0.440058,0.0,0.0,0.0,0.0,0.0,0.0,0.78554946,0.0,0.3648075,1.295064,0.07630078,0.8110459,0.0,1.9201487,0.0,0.6783664,0.3242772,0.58211505,0.0,1.053245,1.2623495,0.0,0.41527048,0.0,0.77486825,0.0,0.0,0.493388,0.8152265,1.0378717,0.0,0.0,0.47253913,0.0,0.0,0.0,0.086080104,1.4503678,0.0,0.6277675,0.0,0.0,0.0,0.0,0.0,0.0,0.9280788,0.0,0.0,0.0,0.0,1.4055827,4.0
0.1555805,0.0,0.0,0.036935568,0.0,0.7082737,0.46704486,2.5243623,1.4599829,0.0,1.0554241,0.0,0.0,0.0,0.0,0.1496637,0.0,0.0,0.0,0.0,1.1920282,0.10216209,2.7920012,0.0,0.0,0.33908102,0.0,0.0,0.0,0.50258005,0.2765567,1.5639242,2.6443934,0.0,1.3879665,0.9464617,1.1446182,0.0,0.0,0.0,0.0,1.322632,0.0,0.0,1.5989486,1.3604968,0.92787504,0.0,1.3829888,0.6706501,0.6002369,2.0022652,0.0,2.6693897,0.0,1.8543886,0.0,0.24002694,0.34627762,1.0060167,0.19252084,0.0,0.0,3.7469158,0.33967125,0.0,0.15366682,2.4990547,0.0,1.6084894,0.0,1.837316,0.0,0.0,0.94423944,0.0,0.0,1.8738488,2.1127446,1.2882165,0.6681888,1.5511135,0.0,0.56659746,0.0,0.113671884,1.5054573,0.0,2.2224643,0.0,0.0,2.0280657,1.9536612,0.0,1.2472577,0.21484065,0.0,0.6638618,0.9889961,0.0,0.0,1.2904578,0.0,1.5364045,0.0,0.0,0.13533168,1.1764101,0.7125973,1.6157863,1.2550238,0.80332386,1.2985148,0.0,0.5954486,0.0,0.63914996,0.0,0.0,3.3085713,0.7814049,0.0,0.0,1.1915144,1.7131326,0.97918975,0.0,2.2701762,4.0
2.9547596,0.0,2.4209092,0.0,2.4536307,0.0,0.681713,4.8217874,0.0,0.0,2.947233,1.8062558,0.0,2.3147962,0.0,0.0,4.3457646,0.44841528,0.0,0.0,0.0,3.4169343,2.9710133,3.252604,3.1129565,0.0,0.0,0.0,0.0,0.0,0.0,0.0,2.745565,1.9804775,0.0,0.0,0.0,0.0,0.0,4.5142684,0.17339265,0.0,2.87665,1.6498463,3.639076,0.0,0.0,0.0,0.0,2.0357084,0.0,0.0,0.0,3.1583397,0.0,4.5981035,0.0,0.0,0.0,0.0,0.0,0.0,0.0,1.113805,0.0,0.0,3.2047033,0.0,0.61996007,0.7337501,0.0,0.0,0.0,1.2751466,0.0,1.5488342,0.0,0.0,0.39901465,0.0,0.0,0.0,1.0788554,0.0,0.0,0.0,0.0,0.0,1.8260124,0.0,2.3496108,0.0,1.9977267,0.0,5.090486,0.0,0.0,0.0,0.0,0.2282276,0.0,0.0,1.1651822,0.0,0.0,0.0,0.0,0.7419538,0.0,0.0,0.69434094,2.623856,3.711297,0.0,0.0,0.0,0.0,0.0,0.34179345,1.4063619,0.0,0.0,0.6575194,3.3880959,0.0,0.0,0.0,0.7778642,4.0
0.0,0.0,0.0,1.752602,0.0,0.0,0.0,0.0,0.0,0.015165721,0.0,0.0,1.1005421,0.0,0.0,0.0,0.012125927,0.0,0.0,0.0,0.0,0.0,0.0,0.0,0.0,0.0,1.7939317,0.0,0.0,0.0,1.9743097,1.9751289,0.0,1.0735627,0.14626549,0.6531347,0.34964114,0.0,0.9757437,0.0,0.0,0.0,0.0,0.0,0.1195296,1.0546732,0.8389341,0.0,0.42424324,0.0,0.0,1.6999006,1.0064898,0.0,1.8426778,0.37696287,0.0,1.0169399,0.0,0.26151454,2.0168514,0.0,0.8695279,0.88385856,2.2496743,0.0,0.0,1.4200487,0.8301259,0.0,0.0,1.8622603,0.0,0.57337785,0.31594416,0.7840167,0.0,0.0,0.3142307,0.8026926,0.0,0.0,0.6147388,0.0,0.0,1.4234594,1.3521806,0.0,1.0062991,1.6130474,0.12901714,0.018934907,0.0,0.0,0.0,1.9234737,0.74086374,0.11494232,1.0987525,0.0,2.3888001,0.0,0.0,2.1016388,1.6647053,1.7537973,0.0,2.0891166,1.6412492,0.0,1.7590309,0.0,0.005156999,1.1263988,0.035539724,2.0241985,0.0,0.0,0.0,0.90249246,0.0,0.25332028,0.0,0.0,0.0,1.2061144,0.0,0.42777538,4.0
0.008054581,0.0,0.0,0.0,0.36238176,0.0,0.0,0.6457548,0.0,0.0,1.843534,0.26461112,0.0,0.3751136,0.8162918,0.0,0.312186,0.8260135,0.07833934,0.21952812,0.0,0.33920175,1.226465,0.23516376,0.83472836,0.0,0.0,0.9221423,0.0,0.0,0.0,0.0,0.51903635,0.6483828,0.0,0.0,0.0,0.8502965,0.0,1.1875784,0.45528215,0.0,1.8066901,1.7182187,1.5743754,0.0,0.0998669,0.5341538,0.0,0.104470305,0.0,0.0,0.2606361,1.1114436,0.0,0.0,0.0,0.0,0.0,0.0,0.0,0.6559449,0.0,0.0,0.0,1.4487901,0.15785864,0.0,0.0,1.446995,0.0,0.0,0.0,0.0,0.0,0.25084865,0.0,0.0,0.0,0.0,0.0,0.0,0.0,0.0,0.07400421,0.0,0.0,0.7135753,0.0,0.0,0.0,0.0,1.7444582,0.0,1.421179,0.0,0.08567846,0.0,0.61584187,0.03621194,0.0,0.0,0.8352411,0.0,0.06399286,0.0,0.0,0.0,0.0,0.0,0.0,1.0296553,1.6178349,0.0,0.0,0.0,0.5129095,0.20734899,0.8503003,1.073084,0.0,0.0,0.39864972,1.6163689,0.0,0.0,0.0,0.0,4.0
0.449369,0.0,0.0,0.0,0.0,1.1757754,1.4834287,2.9418092,2.7028613,0.0,2.7713504,0.0,0.0,0.0,0.0,0.0,1.2666714,0.0,0.0,0.0,2.1342812,0.0,4.430707,0.0,0.0,0.0,0.52129775,0.0,0.0,1.3227682,0.81678504,2.7386043,2.4832537,0.023654522,0.33518162,0.16539535,0.7407682,0.0,0.0,0.0,0.0,2.2682946,0.29076007,0.0,2.5317547,0.7284293,0.5330159,0.0,0.78207594,0.0,0.16501306,2.105282,0.12558565,4.2037826,0.5596377,2.9495122,0.0,0.0,0.51226425,0.46455333,0.0,0.0,0.0,3.9142542,0.83520603,0.0,0.0,2.5649893,0.0,3.4936314,0.0,2.2692304,0.0,0.0,1.6831342,0.0,0.0,3.347271,2.5350373,0.52921206,0.0,2.1188788,0.0,0.032611266,0.0,0.0,2.4219003,0.0,1.0309273,0.0,0.0,3.1620345,3.7830527,0.0,2.2596421,0.0,0.0,0.33413106,1.0730493,0.0,0.0,1.9971663,0.0,2.36696,1.0962285,0.86156845,0.57895947,1.5928316,1.22385,1.8755567,1.47662,0.5498529,2.4365866,0.0,0.0,0.0,0.0,0.0,0.0,4.6528773,1.3052391,0.0,0.2808151,2.4086704,2.5389671,0.28205958,0.0,4.0137844,4.0
0.24291433,0.0,0.26317406,0.57829404,0.11753898,0.0,0.0,1.0144297,0.24510683,0.0,2.9798133,0.107334614,0.5572847,0.26464662,0.0,0.0,0.17053735,0.0,0.0,0.0,0.0,0.059404228,2.9985902,0.0,0.0,0.0,0.47620982,0.22760794,0.0,0.0,1.0842162,2.0753794,3.1568942,0.2694606,1.5273519,0.0,0.0,0.0,0.0,0.5757517,0.5304133,0.0,0.7923571,0.91908413,0.8409679,1.5607798,0.0,1.3074539,0.0,0.0,0.6043902,1.6855246,1.033014,2.580639,0.55168253,0.28009015,0.0,0.830546,0.0,0.0,0.26945308,0.0,0.71307635,3.0195508,1.1412948,0.79810464,0.050184984,1.9140053,0.95513356,3.104239,0.0,1.4188912,0.0,0.60866725,0.0,0.7788742,0.0,0.0,0.954679,0.0,0.0,0.0,1.2769662,0.0,0.0,0.42943817,0.0,0.0,0.031494617,0.0,0.039887786,0.30784103,3.4347167,0.11481266,2.1314833,0.8351386,1.0328593,0.0,0.750753,0.0,0.43729362,0.0,0.0,1.5770813,0.623916,0.24311633,0.0,1.923823,1.3146925,0.0,1.8677143,2.6552594,0.76136726,0.0,0.0,0.0,0.0,0.0,0.0,3.2823627,0.0,0.0,1.1130095,0.4975346,0.0,0.06496155,0.0,0.056441355,4.0
0.0,0.0,0.0,1.8271055,0.0,0.0,0.0,0.0,0.0,0.0,0.016936738,0.0,2.044999,0.0,0.0,0.0,0.57288766,0.0,1.5888748,1.2139972,0.0,0.0,1.2037331,1.1239603,0.0,0.0,1.5771371,0.0,0.0,0.0,2.1048174,2.2257714,0.31043333,0.855827,1.213024,0.0,0.0,0.0,0.0,0.0,0.0,0.0,1.0536861,0.0,1.6610918,1.2681346,0.0,0.0,0.0,0.0,0.5340891,1.3081659,2.030359,0.9862381,1.4380552,0.4730317,0.0,2.1101015,0.0,0.0,1.8107293,0.0,2.1871028,1.2868416,1.8329432,0.0,0.0,1.3202598,1.7532551,1.0468882,0.2451036,1.2048926,0.55415106,1.6426252,0.0,1.5437627,0.0,0.0,0.0,0.0,0.0,0.0,1.9749246,0.0,0.0,1.939284,0.0,0.0,0.0,2.0381405,0.0,0.0,0.10656041,0.6334684,0.0,2.1081536,1.9183508,0.0,1.6731906,0.0,2.4832504,0.0,0.0,2.0578828,1.5166415,1.1920571,0.0,1.4910985,2.2082052,0.0,1.5019263,0.0,0.8545891,1.9014177,0.0,1.1840323,0.0,0.0,0.0,1.0943552,0.0,0.0,0.0,0.07081509,0.0,0.0,0.0,0.18987176,4.0
0.0,0.0,0.0,2.139937,0.0,0.0,0.0,0.21360835,0.0,0.0,0.0021523305,0.0,1.5380119,0.0,0.0,0.0,1.0910388,0.0,0.0,0.0,0.0,0.0,0.6497815,0.42593253,0.0,0.0,1.5237836,0.0,0.0,0.0,1.8874575,2.1607034,0.11032374,1.3973441,0.36114404,0.0,0.0,0.0,0.0,0.0,0.0,0.0,0.59244686,0.0,0.7010649,0.9382102,0.7979568,0.0,0.0,0.0,0.0,1.0686316,1.3318099,0.6701694,1.5669798,1.0802927,0.0,1.5369248,0.0,0.0,2.1497793,0.0,1.3815733,1.1148437,1.8741384,0.0,0.0,1.0397496,1.358356,0.4022957,0.0,1.2893093,0.0,1.077261,0.2962169,1.1997641,0.0,0.0,0.0,0.0,0.0,0.0,1.1315538,0.0,0.0,1.9366902,0.7592393,0.0,0.74060655,2.1079583,0.0,0.060982898,0.13361202,0.0,0.0,2.0043192,1.3136965,0.0,1.8326342,0.0,2.551286,0.0,0.0,2.2439017,1.6269798,1.6063738,0.0,1.7939541,1.5407015,0.0,1.3730669,0.0,0.58768225,1.5776134,0.0,1.463579,0.0,0.0,0.0,1.0416188,0.0,0.19882716,0.0,0.23202349,0.0,0.27963942,0.0,1.292736,4.0
0.36146563,0.0,0.8925404,0.5690098,0.23375726,0.0,0.0,0.0,0.0,0.51246405,0.0,1.0896479,0.75222254,0.1400964,0.0,0.60744834,0.0,0.0,0.0,0.0,0.0,0.27477387,0.0,0.16373694,0.0,0.0,0.0,0.0,0.0,0.0,0.41552895,0.0,0.0105221495,1.6930604,0.92729825,1.0416814,0.469903,0.0,1.0752629,0.0,0.0,0.0,0.0,0.41917187,0.0,0.61274916,0.0,0.0,0.76268667,0.0,0.0,0.7834829,0.0,0.0,0.0,0.0,0.69880337,0.7942078,0.0,0.73204917,1.0904279,0.0,0.6869727,0.0,1.5331447,0.0,0.3312727,0.23034209,1.2384317,0.0,0.0,1.0856781,0.0,0.97165734,0.0,1.1537094,0.31170297,0.0,0.17865768,0.76329106,0.0,0.0,0.8826546,0.6497397,0.0,0.40164945,0.09156919,0.0,1.3102,0.07345223,1.1104912,0.0,0.0,0.0,0.0,0.5503292,0.70336944,0.5467315,0.80081016,0.5558088,0.98589826,0.0,0.0,0.0,0.0,0.0,0.0,1.3473085,0.20949008,0.0,1.3430171,0.4994313,0.0,0.20925814,0.13033009,0.7005807,0.0,0.0,0.0,0.0,0.0,0.0,0.0,0.0,0.0,0.71207076,0.0,0.0,4.0
0.0,0.85796773,0.160077,0.4720192,0.0,0.0,0.0,0.0,0.97310954,0.19664586,0.20905103,0.0,0.34512454,0.0,0.0,1.225722,0.16480531,0.9910352,0.4387383,1.7583284,0.0,0.0,0.0,0.5432637,0.96109766,0.20902556,0.0,0.5995027,0.20221063,0.0,0.0,0.0,0.25687495,0.0,0.0,0.08751386,0.0,0.0,0.0,0.47610605,0.24729273,0.7277278,0.0,0.0,0.0,0.0,0.0,1.0675349,0.0,0.836201,0.0,0.0,0.21642973,0.0,0.0,0.30610678,0.98822194,0.7260142,0.0,0.23748434,0.0,0.0,0.7728941,0.0,0.0,0.0,0.1315844,0.0,0.67719287,0.0,1.7594682,0.0,1.5989183,0.96821934,0.0,0.6536339,0.42413905,0.0,0.7779078,0.03439491,1.1715224,0.18385331,0.9943163,1.038302,0.46900684,0.5189547,0.0,0.5334242,0.23734856,1.0394664,0.2978116,0.994082,0.34324148,1.7061694,0.13051397,0.65446687,1.0124571,0.023647323,0.0,0.6458003,0.0,0.0,0.7110936,0.0,0.0,0.0,0.0,0.0,0.0,0.0,0.0,0.46863478,0.0,0.6842972,0.06324378,0.0,0.0,0.0,0.0,0.0,0.0,0.21023823,1.2710906,0.0,0.0,0.004121601,0.98427075,0.16902184,4.0
0.0,0.0,0.0,0.0,0.0,1.344299,1.2500819,0.0,0.186427,0.0,0.0,0.0,0.0,0.0,0.7714252,0.43862218,0.0,0.56949884,0.22213425,0.0,1.3389381,0.0,0.0,0.0,0.3714169,0.21610413,0.0,0.48638093,0.09894991,1.1588297,0.0,0.0,0.0,0.0,0.0,0.0,0.26977777,0.8210292,0.0,0.0,0.0,0.33351046,0.0,0.0,0.0,0.0,1.107314,0.0,0.0,0.0,0.6278824,0.0,0.0,0.0,0.0,0.0,0.41761264,0.0,1.3608966,0.27225384,0.0,0.9182706,0.0,0.0,0.0,0.14596367,0.0,0.0,0.0,0.0,0.0,0.0,0.0,0.0,1.0851098,0.0,0.0,1.3970453,0.0,0.0,0.013707699,1.1859753,0.0,0.3816843,0.5268125,0.0,0.0,0.5864238,0.0,0.0,0.0,0.0,0.0,0.0,0.0,0.0,0.0,0.5380233,0.0,0.6376304,0.0,1.4843916,0.59753215,0.0,0.0,0.0,1.1628995,0.0,0.0,1.333536,0.0,0.0,0.03266933,0.0,0.14338145,0.0,0.5559575,1.3889182,0.7808004,0.0,1.3763679,0.0,0.13147806,0.2496094,1.3869462,0.0,0.0045176707,0.0,4.0
0.804067,0.0,0.6470033,0.0,0.0,0.0,0.0,2.7957568,0.37069422,0.0,2.6524472,0.0,0.0,0.0,0.0,0.0,1.7688355,0.6586594,0.0,1.4427344,0.0,0.023965605,2.5984669,1.904234,2.8452106,0.0,0.0,0.32463568,0.0,0.0,0.0,0.0,1.4384873,1.7993004,0.0,0.0,0.0,0.0,0.0,3.2486389,0.17083761,0.51890045,1.6295729,1.323696,2.3120797,0.0,0.0,0.0,0.0,1.0812564,0.0,0.0,0.0,2.398794,0.0,2.1929157,0.0,1.1219519,0.0,0.0,0.0,0.0,0.8072593,0.16604495,0.0,0.0,0.24604593,0.0,0.84647584,1.6254526,0.0,0.0,0.0,1.4840297,0.0,1.5311354,0.0,0.82058066,0.40431738,0.0,0.0,0.0,1.0172548,0.018744214,0.0,0.0,0.0,0.0,0.0,0.0,0.6055138,0.7734689,2.4902813,0.0,2.7843578,0.0,1.266233,0.0,0.22879851,0.2619787,0.0,0.0,1.2772682,0.0,0.0,0.0,0.0,0.0,0.0,0.0,0.0,1.5348234,2.6652129,0.0,0.0,0.0,0.0,0.0,0.0,0.8524541,0.0,0.0,0.0,2.4879577,1.1075084,0.0,0.0,2.2829347,4.0
0.0,0.0,0.0,0.0,0.4927354,0.17044114,0.13579285,0.105155,0.0,0.22651827,0.0,0.70341045,0.0,0.42786905,0.8124245,1.0256678,0.0,0.0,0.0,0.0,0.014665641,0.31909654,0.0,0.0,0.0,0.04788581,0.0,0.37379566,0.0,0.0,0.0,0.0,0.0,0.49781322,0.19082274,0.60945183,0.676266,1.2863028,0.6704201,0.0,0.0,0.0,0.0,0.043755874,0.0,0.29196045,1.9774623,0.0,0.6808286,0.020774381,0.0,0.56341803,0.0,0.0,0.0,0.0,0.4186069,0.0,0.81012577,0.7438459,0.0,0.57175785,0.0,0.043255776,0.0,0.41712493,0.27809763,0.31234485,0.0,0.0,0.0,0.22021446,0.0,0.0,0.22154121,0.21020459,0.0,0.794249,0.15159501,0.5780789,0.5840472,1.1106426,0.0,1.0130075,0.0,0.0,0.0,0.0,0.21099778,0.0,0.22706677,0.0,0.0,0.0,0.0,0.0,0.0,0.81405205,0.90225255,0.271037,0.0,0.6338279,0.0,0.0,0.0,0.0,0.0,0.0,0.0,0.97786,0.0,0.0,0.0,0.0,0.62085956,0.1524461,1.9319583,1.0244858,1.1154735,0.0,0.06752576,0.0,0.0,0.05226603,0.94891524,0.29994315,0.0,0.0,4.0
0.48871064,1.5057241,0.8025328,0.0,0.13868508,0.007116919,0.0,0.0,1.1340717,1.0218933,0.0,0.2521883,0.0,0.32866186,0.0,1.89039,0.0,0.9905258,0.0,0.6812423,0.0,0.010752674,0.0,0.0,0.7874946,1.0958718,0.0,0.5978133,1.1042426,0.0,0.0,0.0,0.0,0.0,0.0,0.96189827,1.1881514,0.0,0.7868964,0.0,0.63461185,1.5405555,0.0,0.0,0.0,0.0,0.0,0.78238213,1.3287271,1.0442092,0.0,0.0,0.0,0.0,0.0,0.13826214,1.9003512,0.0,0.32384497,1.3857819,0.0,0.0,0.0,0.0,0.0,0.0,0.3635029,0.0,0.0,0.0,1.4246551,0.0,1.4804372,0.0,0.0,0.0,1.4693389,0.0,1.4206505,0.9789473,1.6435022,1.0210859,0.03375189,1.6656955,0.62069225,0.0,0.33797118,0.7269648,0.6271221,0.28551623,0.6007232,1.4570827,0.0,1.4427971,0.0,0.27604264,0.041726388,1.3506467,0.0,0.8977464,0.0,0.03341082,0.9267813,0.0,0.0,0.0,0.005606945,0.0,0.0,0.67871267,0.0,0.0,0.0,0.0,1.1299349,0.0,0.0,0.0,0.0,0.0,0.19296573,0.79238844,1.232284,0.0,0.45728984,0.6947752,1.5624449,0.0,4.0
